Workbook

Sheet Master_สายพาน
B1: สายพาน | C1: SAP | D1: ProductNameTha | E1: Step
B2: ไหล่พิเศษ | C2: 23108242 | D2: สันคอหมูแต่งTT Spec-1 | E2: Step3
C3: 23015441 | D3: สันกลมแต่งพิเศษ 1 | E3: Step3
B4: เครื่องใน | C4: 23000197 | D4: เครื่องในชุด(หมู) | E4: Step1
B5: ต้มเลือด | C5: 23067920 | D5: เลือดก้อนTT | E5: Step2
B6: ต้มเลือด | C6: 23084674 | D6: เลือดหมูก้อนปรุงรสพาสเจอร์ไรซ์400กรัม-C | E6: Step2
B7: ไหล่ | C7: 23057697 | D7: ชิ้นมันคอTT | E7: Step2
B8: เศษ | C8: 23067921 | D8: เศษมันติดหนังTT | E8: Step2
B9: เศษ | C9: 23063344 | D9: เศษหนังTT | E9: Step2
B10: เครื่องใน | C10: 23000194 | D10: ไตหมู | E10: Step1
B11: เครื่องใน | C11: 23095558 | D11: ไตหมู (SIS) กก. ละ | E11: Step3
B12: ลวก | C12: 23000192 | D12: ไส้ใหญ่(ลวก) | E12: Step3
B13: เครื่องใน | C13: 23015350 | D13: ไส้ใหญ่ | E13: Step1
B14: เครื่องใน | C14: 23000181 | D14: ไส้ขม | E14: Step1
B15: ลวก | C15: 23014042 | D15: ไส้ตันลวก | E15: Step3
... B128: บด | C128: 23109359 | D128: หมูชีวาบด (ตรา ยูฟาร์ม) 400 กรัม | E128: Step3
C129: 23083450 | D129: น้ำมันหมู (ตรา ซีพี)
B130: เครื่องใน | C130: 23088112 | D130: เครื่องในหมูรวมหั่นชิ้น (M) | E130: Step2
B131: ต้มเลือด | C131: 23062107 | D131: เลือดก้อน(M) | E131: Step2
B132: ต้มเลือด | C132: 23084674 | D132: เลือดหมูก้อนปรุงรสพาสเจอร์ไรซ์400กรัม-C | E132: Step2
B133: ไหล่ | C133: 23000206 | D133: ชิ้นมันคอ | E133: Step2
B134: เครื่องใน | C134: 23058586 | D134: ไต (M) | E134: Step1
B135: เครื่องใน | C135: 23110617 | D135: เซ่งจี้หมู (ไตหมู) แพ็คถาด กก.ละ | E135: Step2
B136: ลวก | C136: 23058590 | D136: ไส้ใหญ่(ลวก) (M) | E136: Step3
B137: เครื่องใน | C137: 23110621 | D137: ไส้ใหญ่หมู แพ็คถาด กก.ละ | E137: Step2
B138: เครื่องใน | C138: 23066875 | D138: ไส้ขม(M) | E138: Step2
B139: ลวก | C139: 23062105 | D139: ไส้ตันลวก(M) | E139: Step3
B140: เครื่องใน | C140: 23093507 | D140: ไส้ตันหมู กก.ละ | E140: Step3
B141: เครื่องใน | C141: 23058589 | D141: ไส้อ่อน (M) | E141: Step2
... B185: เครื่องใน | C185: 23110580 | D185: หัวใจหมู แพ็คถาด กก.ละ | E185: Step2
B186: เปิดหมู | C186: 23023991 | D186: หัวติดลิ้น size M
B187: เผาขา | C187: 23062101 | D187: หางหมูเผา(M) | E187: Step3
B188: ไหล่ | C188: 23057809 | D188: เนื้อไหล่(M) | E188: Step2
B189: ไหล่พิเศษ | C189: 23086658 | D189: เนื้อไหล่ติดหนังสไลด์ | E189: Step3
B190: ไหล่พิเศษ | C190: 23088036 | D190: เนื้อไหล่หมูติดหนังหั่นชิ้น(M) | E190: Step3
B191: ไหล่พิเศษ | C191: 23097784 | D191: เนื้อไหล่หมูตัดชิ้น 1 กก. (M) | E191: Step3
B192: ไหล่ | C192: 23105751 | D192: เซพแพ็ค หัวไหล่หมู กก.ละ | E192: Step2
B193: ไหล่พิเศษ | C193: 23108712 | D193: ไหล่หมูตัดแต่ง แพ็ค กก.ละ | E193: Step3
B194: ไหล่พิเศษ | C194: 23110583 | D194: หัวไหล่ตัดชิ้น แพ็คถาด กก.ละ | E194: Step3
B195: สะโพกพิเศษ | C195: 23110589 | D195: เนื้อหมูหั่นแกง แพ็คถาด 1 กก. | E195: Step3
B196: ไหล่พิเศษ | C196: 23110608 | D196: หัวไหล่หมู เเพ็ค กก.ละ | E196: Step3
B197: สะโพกพิเศษ | C197: 23111029 | D197: เนื้อหมูหั่นแกง แพ็คถาด 500 กรัม | E197: Step3
B198: สะโพกพิเศษ | C198: 23000130 | D198: สะโพกติดหนัง | E198: Step3
... B299: บด | C299: 23111037 | D299: หมูบด ผสมมัน 10% แพ็คถาด 500 กรัม | E299: Step3
C300: 23083450 | D300: น้ำมันหมู (ตรา ซีพี)
B301: เครื่องใน | C301: 23000197 | D301: เครื่องในชุด(หมู) | E301: Step1
B302: เครื่องใน | C302: 23107368 | D302: เครื่องในชุด(หมู)แต่ง | E302: Step2
B303: ต้มเลือด | C303: 23015390 | D303: เลือดหมูสด | E303: Step2
B304: ต้มเลือด | C304: 23067920 | D304: เลือดก้อนTT | E304: Step2
B305: ต้มเลือด | C305: 23084674 | D305: เลือดหมูก้อนปรุงรสพาสเจอร์ไรซ์400กรัม-C | E305: Step2
B306: เลาะขา | C306: 23000168 | D306: เนื้อขาเลาะ | E306: Step3
B307: เศษ | C307: 23015269 | D307: เศษซี่โครง | E307: Step3
B308: เศษ | C308: 23057696 | D308: เศษมันTT | E308: Step3
B309: ไหล่ | C309: 23057697 | D309: ชิ้นมันคอTT | E309: Step2
B310: เศษ | C310: 23067921 | D310: เศษมันติดหนังTT | E310: Step2
C311: 23077571 | D311: ชิ้นมันคอ (Freeze)
B312: เศษ | C312: 23063344 | D312: เศษหนังTT | E312: Step2
B313: เครื่องใน | C313: 23000194 | D313: ไตหมู | E313: Step1
B314: ลวก | C314: 23000192 | D314: ไส้ใหญ่(ลวก) | E314: Step3
B315: เครื่องใน | C315: 23015350 | D315: ไส้ใหญ่ | E315: Step1
B316: เครื่องใน | C316: 23000181 | D316: ไส้ขม | E316: Step1
B317: ลวก | C317: 23014042 | D317: ไส้ตันลวก | E317: Step3
B318: เครื่องใน | C318: 23015346 | D318: ไส้ตัน | E318: Step1
C319: 23096297 | D319: ไส้ตัน (FREEZE)
B320: เครื่องใน | C320: 23000191 | D320: ไส้อ่อน | E320: Step1
C321: 23016476 | D321: ไส้อ่อน(หมู) - เสื่อม
C322: 23075376 | D322: ไส้อ่อน (Freeze)
B323: เครื่องใน | C323: 23000189 | D323: กระเพาะ | E323: Step1
B324: ลวก | C324: 23015342 | D324: กระเพาะลวก | E324: Step3
B325: เครื่องใน | C325: 23071533 | D325: กระเพาะเล็ก(สด) | E325: Step1
B326: สะโพก | C326: 23057693 | D326: กระดูกแว่นTT | E326: Step2
B327: เปิดหมู | C327: 23066316 | D327: กระโหลกหมูเลาะ | E327: Step3
B328: ไหล่ | C328: 23057689 | D328: กระดูกข้อTT | E328: Step2
C329: 23077540 | D329: กระดูกข้อ (Freeze)
B330: สามชั้น | C330: 23000215 | D330: กระดูกซุป | E330: Step2
C331: 23016482 | D331: กระดูกซุป(หมู)-เสื่อม
B332: สามชั้น | C332: 23057688 | D332: กระดูกซุปTT | E332: Step2
B333: ไหล่ | C333: 23057702 | D333: กระดูกอกTT | E333: Step2
C334: 23077539 | D334: กระดูกซุป (Freeze)
C335: 23016483 | D335: กระดูกอ่อน(หมู) - เสื่อม
B336: ไหล่ | C336: 23057690 | D336: กระดูกอ่อนTT | E336: Step2
B337: เครื่องใน | C337: 23000186 | D337: ขั้วตับหมู | E337: Step1
B338: เลาะขา | C338: 23000167 | D338: กระดูกขาเลาะ | E338: Step3
B339: เผาขา | C339: 23063196 | D339: ขาหน้าเผาTT | E339: Step3
B340: ไหล่ | C340: 23057679 | D340: ขาหน้าTT | E340: Step2
B341: เผาขา | C341: 23019171 | D341: ขาหน้าเผาแบ่งคากิ | E341: Step3
B342: สไลด์ | C342: 23095309 | D342: ขาหมูเผาสไลซ์ SIS กก.ละ | E342: Step3
B343: เลาะขา | C343: 23072463 | D343: ขาหมูเลาะติดหนัง | E343: Step3
B344: เผาขา | C344: 23063197 | D344: ขาหลังเผาTT | E344: Step3
B345: สะโพก | C345: 23057680 | D345: ขาหลังTT | E345: Step2
B346: เผาขา | C346: 23019173 | D346: ขาหลังเผาแบ่งคากิ | E346: Step3
B347: เลาะขา | C347: 23058182 | D347: คากิTT | E347: Step3
B348: เผาขา | C348: 23014036 | D348: คากิเผา | E348: Step3
C349: 23016499 | D349: คากิ - เสื่อม
C350: 23075365 | D350: คากิ (Freeze)
B351: เครื่องใน | C351: 23000188 | D351: ตับหมู | E351: Step1
B352: เครื่องใน | C352: 23000187 | D352: ปอด | E352: Step1
B353: สะโพก | C353: 23000218 | D353: มันเปลว | E353: Step2
C354: 23016513 | D354: มันเปลว(หมู) - เสื่อม
B355: สะโพก | C355: 23045518 | D355: มันเปลว เบอร์ 1 | E355: Step2
...

Sheet 0010
A1: รหัสและชื่อ | B1: โรงงาน | C1: คลัง | D1: รหัสสินค้า | E1: Product Name | F1: ว่าง1 | G1: ปริมาณยกมา | H1: น้ำหนักยกมา | I1: ว่าง2 | J1: ปริมาณผลิต | K1: น้ำหนักผลิต | L1: ว่าง3 | M1: ปริมาณจ่าย | N1: น้ำหนักจ่าย | O1: ว่าง4 | P1: ปริมาณเหลือ | Q1: น้ำหนักเหลือ | R1: W/Q | S1: หน่วย | T1: Product Code | U1: Plant Code | V1: รหัสคลังสินค้า
A2: 23078867>เศษสามชั้นสไลด์ | B2: 410310>โรงชำแหละสุกรพระพุทธบาท | C2: 0010>คลังสินค้าสำเร็จรูป WIP (00) | D2: 23078867 | E2: เศษสามชั้นสไลด์ | G2: 8 | H2: 40 | J2: 32 | K2: 160 | M2: 26 | N2: 130 | P2: 14 | Q2: 70 | R2: W | S2: ก.ก. | T2: 23078867 | U2: 410310 | V2: 10
A3: 90911002>เนื้อไหล่-Raw | B3: 410310>โรงชำแหละสุกรพระพุทธบาท | C3: 0010>คลังสินค้าสำเร็จรูป WIP (00) | D3: 90911002 | E3: เนื้อไหล่-Raw | G3: 36 | H3: 682.3 | J3: 159 | K3: 2923.65 | M3: 154 | N3: 2806.65 | P3: 41 | Q3: 799.3 | R3: W | S3: ก.ก. | T3: 23034410 | U3: 410310 | V3: 10
A4: 90912002>สะโพก-Raw | B4: 410310>โรงชำแหละสุกรพระพุทธบาท | C4: 0010>คลังสินค้าสำเร็จรูป WIP (00) | D4: 90912002 | E4: สะโพก-Raw | G4: 59 | H4: 1035.33 | J4: 337 | K4: 5414.38 | M4: 288 | N4: 4714.55 | P4: 108 | Q4: 1735.16 | R4: W | S4: ก.ก. | T4: 23034412 | U4: 410310 | V4: 10
A5: 90913001>สันนอก - Raw | B5: 410310>โรงชำแหละสุกรพระพุทธบาท | C5: 0010>คลังสินค้าสำเร็จรูป WIP (00) | D5: 90913001 | E5: สันนอก - Raw | G5: 200 | H5: 2764.72 | J5: 98 | K5: 1382.09 | M5: 48 | N5: 701.61 | P5: 250 | Q5: 3445.2 | R5: W | S5: ก.ก. | T5: 23034413 | U5: 410310 | V5: 10
A6: 90914001>สันใน-Raw | B6: 410310>โรงชำแหละสุกรพระพุทธบาท | C6: 0010>คลังสินค้าสำเร็จรูป WIP (00) | D6: 90914001 | E6: สันใน-Raw | G6: 2 | H6: 19.37 | J6: 13 | K6: 208.36 | M6: 12 | N6: 192.04 | P6: 3 | Q6: 35.69 | R6: W | S6: ก.ก. | T6: 23034415 | U6: 410310 | V6: 10
A7: 90915001>สันคอ-Raw | B7: 410310>โรงชำแหละสุกรพระพุทธบาท | C7: 0010>คลังสินค้าสำเร็จรูป WIP (00) | D7: 90915001 | E7: สันคอ-Raw | G7: 174 | H7: 2840.48 | J7: 97 | K7: 1553.23 | M7: 66 | N7: 1084.1 | P7: 205 | Q7: 3309.61 | R7: W | S7: ก.ก. | T7: 23034416 | U7: 410310 | V7: 10
A8: 90916001>สามชั้น-Raw | B8: 410310>โรงชำแหละสุกรพระพุทธบาท | C8: 0010>คลังสินค้าสำเร็จรูป WIP (00) | D8: 90916001 | E8: สามชั้น-Raw | G8: 57 | H8: 1015.94 | J8: 248 | K8: 3933.65 | M8: 262 | N8: 4231.52 | P8: 43 | Q8: 718.07 | R8: W | S8: ก.ก. | T8: 23034417 | U8: 410310 | V8: 10
A9: 90917001>ซี่โครงแผ่น-Raw | B9: 410310>โรงชำแหละสุกรพระพุทธบาท | C9: 0010>คลังสินค้าสำเร็จรูป WIP (00) | D9: 90917001 | E9: ซี่โครงแผ่น-Raw | G9: 6 | H9: 58.59 | J9: 140 | K9: 1449.45 | M9: 136 | N9: 1400.72 | P9: 10 | Q9: 107.32 | R9: W | S9: ก.ก. | T9: 23034418 | U9: 410310 | V9: 10
A10: 90920001>ขาหน้า-Raw | B10: 410310>โรงชำแหละสุกรพระพุทธบาท | C10: 0010>คลังสินค้าสำเร็จรูป WIP (00) | D10: 90920001 | E10: ขาหน้า-Raw | G10: 231 | H10: 4594.17 | J10: 101 | K10: 2064.02 | M10: 118 | N10: 2402.5 | P10: 214 | Q10: 4255.69 | R10: W | S10: ก.ก. | T10: 23034424 | U10: 410310 | V10: 10
A11: 90920002>ขาหลัง-Raw | B11: 410310>โรงชำแหละสุกรพระพุทธบาท | C11: 0010>คลังสินค้าสำเร็จรูป WIP (00) | D11: 90920002 | E11: ขาหลัง-Raw | G11: 220 | H11: 3953.72 | J11: 152 | K11: 2850.48 | M11: 186 | N11: 3455.07 | P11: 186 | Q11: 3349.13 | R11: W | S11: ก.ก. | T11: 23034425 | U11: 410310 | V11: 10
A12: 91110015>คอหมูย่าง (M) | B12: 410310>โรงชำแหละสุกรพระพุทธบาท | C12: 0010>คลังสินค้าสำเร็จรูป WIP (00) | D12: 91110015 | E12: คอหมูย่าง (M) | G12: 3 | H12: 15.4 | J12: 27 | K12: 137.7 | M12: 27 | N12: 137.6 | P12: 3 | Q12: 15.5 | R12: Q | S12: ก.ก. | T12: 23058551 | U12: 410310 | V12: 10
A13: 91110018>คอหมูย่างTT | B13: 410310>โรงชำแหละสุกรพระพุทธบาท | C13: 0010>คลังสินค้าสำเร็จรูป WIP (00) | D13: 91110018 | E13: คอหมูย่างTT | G13: 1 | H13: 5.28 | J13: 4 | K13: 20.42 | M13: 3 | N13: 15.54 | P13: 2 | Q13: 10.16 | R13: W | S13: ก.ก. | T13: 23057671 | U13: 410310 | V13: 10
... A126: 94128011>เลือดหมูก้อนปรุงรสพาสเจอร์ไรซ์400กรัม-C | B126: 410310>โรงชำแหละสุกรพระพุทธบาท | C126: 0010>คลังสินค้าสำเร็จรูป WIP (00) | D126: 94128011 | E126: เลือดหมูก้อนปรุงรสพาสเจอร์ไรซ์400กรัม-C | G126: 248 | H126: 99.2 | J126: 300 | K126: 120 | M126: 287 | N126: 114.8 | P126: 261 | Q126: 104.4 | R126: Q | S126: ถาด | T126: 23084674 | U126: 410310 | V126: 10

Sheet 20
A1: รหัสและชื่อ | B1: โรงงาน | C1: คลัง | D1: รหัสสินค้า | E1: Product Name | F1: ว่าง1 | G1: ปริมาณยกมา | H1: น้ำหนักยกมา | I1: ว่าง2 | J1: ปริมาณผลิต | K1: น้ำหนักผลิต | L1: ว่าง3 | M1: ปริมาณจ่าย | N1: น้ำหนักจ่าย | O1: ว่าง4 | P1: ปริมาณเหลือ | Q1: น้ำหนักเหลือ | R1: W/Q | S1: หน่วย | T1: Product Code | U1: Plant Code | V1: รหัสคลังสินค้า

Sheet ตลาด 11.00

Sheet ตลาด 12.00

Sheet ตลาด 13.00
A1: บมจ. ซีพีเอฟ โกลบอล ฟู้ด โซลูชั่น
A2: rDate1 | B2: rDate2 | C2: rRDate1 | D2: rRDate2 | E2: rRDate3 | F2: rOper_code | G2: rOper_name | H2: rSub_oper | I2: rSub_name | J2: rWarehouse | K2: rSub_warehouse | L2: rBst_code | M2: rBst_name | N2: rCv_code | O2: rCv_name | P2: rShip_to | Q2: rShip_name | R2: rDoc_date | S2: rReq_date | T2: rDoc_number | U2: rProduct_code | V2: rProduct_name | W2: rStock_qty | X2: rStock_wgt | Y2: rPlan_qty | Z2: rPlan_wgt | AA2: rDiff_stock_qty_plan | AB2: rDiff_stock_wgt_plan | AC2: rAllocate_stock_qty | AD2: rAllocate_stock_wgt | AE2: rDiff_stock_qty | AF2: rDiff_stock_wgt | AG2: rPlan_byquota_qty | AH2: rPlan_byquota_wgt | AI2: rBreak | AJ2: rEntry_type | AK2: rProduct_group_code1 | AL2: rProduct_group_code2 | AM2: rProduct_group_dim1 | AN2: rCv_channel | AO2: rCV_FLAG1 | AP2: rCV_FLAG2 | AQ2: rCV_FLAG3 | AR2: rCV_FLAG4 | AS2: rCV_FLAG5 | AT2: rOwner_so | AU2: rCreate_date_so | AV2: rUm_stock_qty | AW2: rUm_stock_wgt | AX2: rArea | AY2: nShow_area | AZ2: rModel | BA2: rPO_no | BB2: rDO_no | BC2: rINV_no | BD2: rDoc_issue | BE2: rPlant_code | BF2: rAllocate_remark | BG2: rVendor_code | BH2: rStatus | BI2: rStock_qty_pur | BJ2: rStock_wgt_pur | BK2: rCut_off_time | BL2: rOwner_create | BM2: rCo_load | BN2: rLicense_plate
C3: 244688 | D3: 244688 | F3: 0003TT | G3: DMCW-รชล-พระพุทธบาท | H3: 0 | I3: หน่วยงานกลาง | J3: F213 DMCW-รชล-พระพุทธบาท | K3: 00000 หน่วยงานกลาง | L3: 27 | N3: 3 | O3: FO แปดริ้ว | R3: 244688 | S3: 244688 | T3: 8292073673 | U3: 23034417 | V3: สามชั้น-Raw | W3: 50 | X3: 1000 | Y3: 50 | Z3: 1000 | AA3: 0 | AB3: 0 | AC3: 0 | AD3: 0 | AE3: 50 | AF3: 1000 | AI3: OPRCD0003TTOPRCD00000OPRCDF213OPRCD00000OPRCD027 | AJ3: ซื้อ / ขาย | AO3: TT | AV3: ตะกร้า | AW3: ก.ก. | AX3: NA | AY3: 0 | AZ3: N | BD3: 0 | BG3: 1333314600 | BH3: G | BI3: 50 | BJ3: 1000 | BK3: 1300 | BL3: TEERANUT.BOO
C4: 244688 | D4: 244688 | F4: 1183TT | G4: DMCW-รชล-พระพุทธบาท | H4: 0 | I4: หน่วยงานกลาง | J4: F213 DMCW-รชล-พระพุทธบาท | K4: 00000 หน่วยงานกลาง | L4: 27 | N4: 1183 | O4: DMBK- Pork Shopคลองหลวง | R4: 244688 | S4: 244688 | T4: 8292073676 | U4: 23026536 | V4: หมูซาก-RM | W4: 12000 | X4: 12000 | Y4: 12000 | Z4: 12000 | AA4: 0 | AB4: 0 | AC4: 0 | AD4: 0 | AE4: 12000 | AF4: 12000 | AI4: OPRCD1183TTOPRCD00000OPRCDF213OPRCD00000OPRCD027 | AJ4: ซื้อ / ขาย | AO4: TT | AV4: ตัว | AW4: ก.ก. | AX4: NA | AY4: 0 | AZ4: N | BD4: 0 | BG4: 1333314600 | BH4: G | BI4: 12000 | BJ4: 12000 | BK4: 1300 | BL4: TEERANUT.BOO
C5: 244688 | D5: 244688 | F5: 1183TT | G5: DMCW-รชล-พระพุทธบาท | H5: 0 | I5: หน่วยงานกลาง | J5: F213 DMCW-รชล-พระพุทธบาท | K5: 00000 หน่วยงานกลาง | L5: 27 | N5: 1183 | O5: DMBK- Pork Shopคลองหลวง | R5: 244688 | S5: 244688 | T5: 8292073679 | U5: 23034408 | V5: คอหมูย่าง-Raw | W5: 10 | X5: 200 | Y5: 10 | Z5: 200 | AA5: 0 | AB5: 0 | AC5: 0 | AD5: 0 | AE5: 10 | AF5: 200 | AI5: OPRCD1183TTOPRCD00000OPRCDF213OPRCD00000OPRCD027 | AJ5: ซื้อ / ขาย | AO5: TT | AV5: ตะกร้า | AW5: ก.ก. | AX5: NA | AY5: 0 | AZ5: N | BD5: 0 | BG5: 1333314600 | BH5: G | BI5: 10 | BJ5: 200 | BK5: 1300 | BL5: TEERANUT.BOO
C6: 244688 | D6: 244688 | F6: 2276ATT | G6: DMCW-รชล-พระพุทธบาท | H6: 0 | I6: หน่วยงานกลาง | J6: F213 DMCW-รชล-พระพุทธบาท | K6: 00000 หน่วยงานกลาง | L6: 27 | N6: 2276A | O6: CPFTH-โรงเชือดจิตรรุ่งเรือง | R6: 244688 | S6: 244688 | T6: 8292073678 | U6: 23000197 | V6: เครื่องในชุด(หมู) | W6: 150 | X6: 1500 | Y6: 150 | Z6: 1500 | AA6: 0 | AB6: 0 | AC6: 0 | AD6: 0 | AE6: 150 | AF6: 1500 | AI6: OPRCD2276ATTOPRCD00000OPRCDF213OPRCD00000OPRCD027 | AJ6: ซื้อ / ขาย | AK6: By proudct | AL6: Bulk Normal | AM6: สุกร | AO6: TT | AV6: ถุง | AW6: ก.ก. | AX6: NA | AY6: 0 | AZ6: N | BD6: 0 | BG6: F213 | BH6: G | BI6: 150 | BJ6: 1500 | BL6: TEERANUT.BOO
C7: 244688 | D7: 244688 | F7: 2585ATT | G7: DMCW-รชล-พระพุทธบาท | H7: 0 | I7: หน่วยงานกลาง | J7: F213 DMCW-รชล-พระพุทธบาท | K7: 00000 หน่วยงานกลาง | L7: 27 | N7: 2585A | O7: DMNL-โรงชำแหละและตัดแต่งกำแพงเพชร | R7: 244688 | S7: 244688 | T7: 8292073680 | U7: 23034424 | V7: ขาหน้า-Raw | W7: 50 | X7: 500 | Y7: 50 | Z7: 500 | AA7: 0 | AB7: 0 | AC7: 0 | AD7: 0 | AE7: 50 | AF7: 500 | AI7: OPRCD2585ATTOPRCD00000OPRCDF213OPRCD00000OPRCD027 | AJ7: ซื้อ / ขาย | AO7: TT | AV7: ตะกร้า | AW7: ก.ก. | AX7: NA | AY7: 0 | AZ7: N | BD7: 0 | BG7: 1333314600 | BH7: G | BI7: 50 | BJ7: 500 | BK7: 1300 | BL7: TEERANUT.BOO
C8: 244688 | D8: 244688 | F8: 2585ATT | G8: DMCW-รชล-พระพุทธบาท | H8: 0 | I8: หน่วยงานกลาง | J8: F213 DMCW-รชล-พระพุทธบาท | K8: 00000 หน่วยงานกลาง | L8: 27 | N8: 2585A | O8: DMNL-โรงชำแหละและตัดแต่งกำแพงเพชร | R8: 244688 | S8: 244688 | T8: 8292073680 | U8: 23034425 | V8: ขาหลัง-Raw | W8: 75 | X8: 1000 | Y8: 75 | Z8: 1000 | AA8: 0 | AB8: 0 | AC8: 0 | AD8: 0 | AE8: 75 | AF8: 1000 | AI8: OPRCD2585ATTOPRCD00000OPRCDF213OPRCD00000OPRCD027 | AJ8: ซื้อ / ขาย | AO8: TT | AV8: ตะกร้า | AW8: ก.ก. | AX8: NA | AY8: 0 | AZ8: N | BD8: 0 | BG8: 1333314600 | BH8: G | BI8: 75 | BJ8: 1000 | BK8: 1300 | BL8: TEERANUT.BOO
C9: 244688 | D9: 244688 | F9: CE15 | G9: TTCW2-นครปฐม | H9: 0 | I9: หน่วยงานกลาง | J9: F213 DMCW-รชล-พระพุทธบาท | K9: 00000 หน่วยงานกลาง | L9: 250 | N9: 2000254637 | O9: บจ. เบสท์ มีท (สำนักงานใหญ่) | P9: 1 | Q9: เบสท์ มีท | R9: 244688 | S9: 244688 | T9: I69A54NH0016097 | U9: 23000197 | V9: เครื่องในชุด(หมู) | W9: 50 | X9: 500 | Y9: 50 | Z9: 500 | AA9: 0 | AB9: 0 | AC9: 0 | AD9: 0 | AE9: 50 | AF9: 500 | AI9: OPRCDCE15OPRCD00000OPRCDF213OPRCD00000OPRCD250 | AJ9: ซื้อ / ขาย | AK9: By proudct | AL9: Bulk Normal | AM9: สุกร | AN9: 01 ขายเงินสด (POS) | AO9: TT | AU9: 2026-05-12-09.59.28.000000 | AV9: ถุง | AW9: ก.ก. | AY9: 0 | AZ9: N | BA9: 31789593 | BD9: 0 | BG9: 1333314600 | BH9: G | BI9: 50 | BJ9: 500 | BK9: 1300 | BL9: TEERANUT.BOO
C10: 244688 | D10: 244688 | F10: CE15 | G10: TTCW2-นครปฐม | H10: 0 | I10: หน่วยงานกลาง | J10: F213 DMCW-รชล-พระพุทธบาท | K10: 00000 หน่วยงานกลาง | L10: 250 | N10: 2000334891 | O10: บจ. หมูไตเติ้ล | P10: 1 | Q10: หมูไตเติ้ล | R10: 244688 | S10: 244688 | T10: I69A54NH0016137 | U10: 23107368 | V10: เครื่องในชุด(หมู)แต่ง | W10: 100 | X10: 1300 | Y10: 100 | Z10: 1300 | AA10: 0 | AB10: 0 | AC10: 0 | AD10: 0 | AE10: 100 | AF10: 1300 | AI10: OPRCDCE15OPRCD00000OPRCDF213OPRCD00000OPRCD250 | AJ10: ซื้อ / ขาย | AN10: TT1001 แผงและรถเข็น ตลาดสด | AO10: TT | AP10: 10 | AQ10: 1 | AU10: 2026-05-12-11.33.22.000000 | AV10: แพ็ค | AW10: ก.ก. | AY10: 0 | AZ10: N | BA10: 31796257 | BD10: 0 | BG10: 1333314600 | BH10: G | BI10: 100 | BJ10: 1300 | BK10: 1300 | BL10: TEERANUT.BOO
C11: 244688 | D11: 244688 | F11: CE17 | G11: TTCW3-ลพบุรี | H11: 0 | I11: หน่วยงานกลาง | J11: F213 DMCW-รชล-พระพุทธบาท | K11: 00000 หน่วยงานกลาง | L11: 250 | N11: 2000350887 | O11: นางสาว สปัญญา เจริญวงษ์ | P11: 1 | Q11: นางสาว สปัญญา เจริญวงษ์ | R11: 244688 | S11: 244688 | T11: I69A54NI0033941 | U11: 23015390 | V11: เลือดหมูสด | W11: 2 | X11: 2 | Y11: 2 | Z11: 2 | AA11: 0 | AB11: 0 | AC11: 0 | AD11: 0 | AE11: 2 | AF11: 2 | AI11: OPRCDCE17OPRCD00000OPRCDF213OPRCD00000OPRCD250 | AJ11: ซื้อ / ขาย | AK11: By proudct | AL11: Bulk Normal | AM11: สุกร | AN11: 837 ตลาดสด/ตลาดนัด(CPFM) | AO11: TT | AU11: 2026-05-12-07.49.38.000000 | AV11: ก.ก. | AW11: ก.ก. | AY11: 0 | AZ11: N | BA11: 31784170 | BD11: 0 | BG11: 1333314600 | BH11: G | BI11: 2 | BJ11: 2 | BK11: 1300 | BL11: TEERANUT.BOO
C12: 244688 | D12: 244688 | F12: CE17 | G12: TTCW3-ลพบุรี | H12: 0 | I12: หน่วยงานกลาง | J12: F213 DMCW-รชล-พระพุทธบาท | K12: 00000 หน่วยงานกลาง | L12: 250 | N12: 2000390415 | O12: นางสาว แฉล้ม จันทร์ทองเทศ | P12: 1 | Q12: นางสาว แฉล้ม จันทร์ทองเทศ | R12: 244688 | S12: 244688 | T12: I69A54NI0033945 | U12: 23071823 | V12: หนังขาหมู | W12: 10 | X12: 10 | Y12: 10 | Z12: 10 | AA12: 0 | AB12: 0 | AC12: 0 | AD12: 0 | AE12: 10 | AF12: 10 | AI12: OPRCDCE17OPRCD00000OPRCDF213OPRCD00000OPRCD250 | AJ12: ซื้อ / ขาย | AN12: 837 ตลาดสด/ตลาดนัด(CPFM) | AO12: TT | AU12: 2026-05-12-08.59.00.000000 | AV12: ก.ก. | AW12: ก.ก. | AY12: 0 | AZ12: N | BA12: 31785919 | BD12: 0 | BG12: 1333314600 | BH12: G | BI12: 10 | BJ12: 10 | BL12: TEERANUT.BOO
C13: 244688 | D13: 244688 | F13: CE17 | G13: TTCW3-ลพบุรี | H13: 0 | I13: หน่วยงานกลาง | J13: F213 DMCW-รชล-พระพุทธบาท | K13: 00000 หน่วยงานกลาง | L13: 250 | N13: 2000390415 | O13: นางสาว แฉล้ม จันทร์ทองเทศ | P13: 1 | Q13: นางสาว แฉล้ม จันทร์ทองเทศ | R13: 244688 | S13: 244688 | T13: I69A54NI0033945 | U13: 23057674 | V13: สันนอกTT | W13: 5 | X13: 5 | Y13: 5 | Z13: 5 | AA13: 0 | AB13: 0 | AC13: 0 | AD13: 0 | AE13: 5 | AF13: 5 | AI13: OPRCDCE17OPRCD00000OPRCDF213OPRCD00000OPRCD250 | AJ13: ซื้อ / ขาย | AK13: Main proudct | AL13: Bulk Normal | AM13: สุกร | AN13: 837 ตลาดสด/ตลาดนัด(CPFM) | AO13: TT | AU13: 2026-05-12-08.59.00.000000 | AV13: ก.ก. | AW13: ก.ก. | AY13: 0 | AZ13: N | BA13: 31785919 | BD13: 0 | BG13: 1333314600 | BH13: G | BI13: 5 | BJ13: 5 | BL13: TEERANUT.BOO
C14: 244688 | D14: 244688 | F14: CE17 | G14: TTCW3-ลพบุรี | H14: 0 | I14: หน่วยงานกลาง | J14: F213 DMCW-รชล-พระพุทธบาท | K14: 00000 หน่วยงานกลาง | L14: 250 | N14: 2000390415 | O14: นางสาว แฉล้ม จันทร์ทองเทศ | P14: 1 | Q14: นางสาว แฉล้ม จันทร์ทองเทศ | R14: 244688 | S14: 244688 | T14: I69A54NI0033945 | U14: 23072463 | V14: ขาหมูเลาะติดหนัง | W14: 30 | X14: 30 | Y14: 30 | Z14: 30 | AA14: 0 | AB14: 0 | AC14: 0 | AD14: 0 | AE14: 30 | AF14: 30 | AI14: OPRCDCE17OPRCD00000OPRCDF213OPRCD00000OPRCD250 | AJ14: ซื้อ / ขาย | AK14: By proudct | AL14: Bulk Normal | AM14: สุกร | AN14: 837 ตลาดสด/ตลาดนัด(CPFM) | AO14: TT | AU14: 2026-05-12-08.59.00.000000 | AV14: ก.ก. | AW14: ก.ก. | AY14: 0 | AZ14: N | BA14: 31785919 | BD14: 0 | BG14: 1333314600 | BH14: G | BI14: 30 | BJ14: 30 | BL14: TEERANUT.BOO
C15: 244688 | D15: 244688 | F15: CE17 | G15: TTCW3-ลพบุรี | H15: 0 | I15: หน่วยงานกลาง | J15: F213 DMCW-รชล-พระพุทธบาท | K15: 00000 หน่วยงานกลาง | L15: 250 | N15: 2000390415 | O15: นางสาว แฉล้ม จันทร์ทองเทศ | P15: 1 | Q15: นางสาว แฉล้ม จันทร์ทองเทศ | R15: 244688 | S15: 244688 | T15: I69A54NI0033945 | U15: 23000168 | V15: เนื้อขาเลาะ | W15: 10 | X15: 10 | Y15: 10 | Z15: 10 | AA15: 0 | AB15: 0 | AC15: 0 | AD15: 0 | AE15: 10 | AF15: 10 | AI15: OPRCDCE17OPRCD00000OPRCDF213OPRCD00000OPRCD250 | AJ15: ซื้อ / ขาย | AN15: 837 ตลาดสด/ตลาดนัด(CPFM) | AO15: TT | AU15: 2026-05-12-08.59.00.000000 | AV15: ก.ก. | AW15: ก.ก. | AY15: 0 | AZ15: N | BA15: 31785919 | BD15: 0 | BG15: 1333314600 | BH15: G | BI15: 10 | BJ15: 10 | BL15: TEERANUT.BOO
C16: 244688 | D16: 244688 | F16: CE17 | G16: TTCW3-ลพบุรี | H16: 0 | I16: หน่วยงานกลาง | J16: F213 DMCW-รชล-พระพุทธบาท | K16: 00000 หน่วยงานกลาง | L16: 250 | N16: 2000386385 | O16: นาง สำอางค์ เหนี่ยงจิตต์ | P16: 1 | Q16: นาง สำอางค์ เหนี่ยงจิตต์ | R16: 244688 | S16: 244688 | T16: I69A54NI0033949 | U16: 23089920 | V16: หมูนุ่มปรุงรส(SPC)_B2C 1 กก.-F | W16: 10 | X16: 10 | Y16: 10 | Z16: 10 | AA16: 0 | AB16: 0 | AC16: 0 | AD16: 0 | AE16: 10 | AF16: 10 | AI16: OPRCDCE17OPRCD00000OPRCDF213OPRCD00000OPRCD250 | AJ16: ซื้อ / ขาย | AK16: Main proudct | AL16: CP Brand(ซอง) | AM16: สุกร | AN16: 837 ตลาดสด/ตลาดนัด(CPFM) | AO16: TT | AU16: 2026-05-12-09.18.34.000000 | AV16: แพ็ค | AW16: ก.ก. | AY16: 0 | AZ16: N | BA16: 31786906 | BD16: 0 | BG16: 1333314600 | BH16: G | BI16: 1 | BJ16: 10 | BL16: TEERANUT.BOO
C17: 244688 | D17: 244688 | F17: CE17 | G17: TTCW3-ลพบุรี | H17: 0 | I17: หน่วยงานกลาง | J17: F213 DMCW-รชล-พระพุทธบาท | K17: 00000 หน่วยงานกลาง | L17: 250 | N17: 2000395213 | O17: นางสาว วนิดา วงษ์นรา | P17: 1 | Q17: นางสาว วนิดา วงษ์นรา | R17: 244688 | S17: 244688 | T17: I69A54NI0033952 | U17: 23000189 | V17: กระเพาะ | W17: 6 | X17: 6 | Y17: 6 | Z17: 6 | AA17: 0 | AB17: 0 | AC17: 0 | AD17: 0 | AE17: 6 | AF17: 6 | AI17: OPRCDCE17OPRCD00000OPRCDF213OPRCD00000OPRCD250 | AJ17: ซื้อ / ขาย | AK17: By proudct | AL17: Bulk Normal | AM17: สุกร | AN17: 837 ตลาดสด/ตลาดนัด(CPFM) | AO17: TT | AU17: 2026-05-12-09.30.34.000000 | AV17: ก.ก. | AW17: ก.ก. | AY17: 0 | AZ17: N | BA17: 31787608 | BD17: 0 | BG17: 1333314600 | BH17: G | BI17: 6 | BJ17: 6 | BK17: 1300 | BL17: TEERANUT.BOO
C18: 244688 | D18: 244688 | F18: CE17 | G18: TTCW3-ลพบุรี | H18: 0 | I18: หน่วยงานกลาง | J18: F213 DMCW-รชล-พระพุทธบาท | K18: 00000 หน่วยงานกลาง | L18: 250 | N18: 2000395213 | O18: นางสาว วนิดา วงษ์นรา | P18: 1 | Q18: นางสาว วนิดา วงษ์นรา | R18: 244688 | S18: 244688 | T18: I69A54NI0033952 | U18: 23057698 | V18: หมูบดTT | W18: 10 | X18: 10 | Y18: 10 | Z18: 10 | AA18: 0 | AB18: 0 | AC18: 0 | AD18: 0 | AE18: 10 | AF18: 10 | AI18: OPRCDCE17OPRCD00000OPRCDF213OPRCD00000OPRCD250 | AJ18: ซื้อ / ขาย | AK18: Main proudct | AL18: Bulk Normal | AM18: สุกร | AN18: 837 ตลาดสด/ตลาดนัด(CPFM) | AO18: TT | AU18: 2026-05-12-09.30.34.000000 | AV18: ก.ก. | AW18: ก.ก. | AY18: 0 | AZ18: N | BA18: 31787608 | BD18: 0 | BG18: 1333314600 | BH18: G | BI18: 10 | BJ18: 10 | BK18: 1300 | BL18: TEERANUT.BOO
C19: 244688 | D19: 244688 | F19: CE17 | G19: TTCW3-ลพบุรี | H19: 0 | I19: หน่วยงานกลาง | J19: F213 DMCW-รชล-พระพุทธบาท | K19: 00000 หน่วยงานกลาง | L19: 250 | N19: 2000395213 | O19: นางสาว วนิดา วงษ์นรา | P19: 1 | Q19: นางสาว วนิดา วงษ์นรา | R19: 244688 | S19: 244688 | T19: I69A54NI0033952 | U19: 23015189 | V19: เนื้อแดงหั่นชิ้น | W19: 5 | X19: 5 | Y19: 5 | Z19: 5 | AA19: 0 | AB19: 0 | AC19: 0 | AD19: 0 | AE19: 5 | AF19: 5 | AI19: OPRCDCE17OPRCD00000OPRCDF213OPRCD00000OPRCD250 | AJ19: ซื้อ / ขาย | AK19: Main proudct | AL19: Bulk Normal | AM19: สุกร | AN19: 837 ตลาดสด/ตลาดนัด(CPFM) | AO19: TT | AU19: 2026-05-12-09.30.34.000000 | AV19: ก.ก. | AW19: ก.ก. | AY19: 0 | AZ19: N | BA19: 31787608 | BD19: 0 | BG19: 1333314600 | BH19: G | BI19: 5 | BJ19: 5 | BK19: 1300 | BL19: TEERANUT.BOO
C20: 244688 | D20: 244688 | F20: CE17 | G20: TTCW3-ลพบุรี | H20: 0 | I20: หน่วยงานกลาง | J20: F213 DMCW-รชล-พระพุทธบาท | K20: 00000 หน่วยงานกลาง | L20: 250 | N20: 2000235043 | O20: นาย วิษณุ กันคำ | P20: 1 | Q20: วิษณุ กันคำ | R20: 244688 | S20: 244688 | T20: I69A54NI0033954 | U20: 23105855 | V20: สะโพกหมู B2B (Basic) | W20: 3 | X20: 30 | Y20: 3 | Z20: 30 | AA20: 0 | AB20: 0 | AC20: 0 | AD20: 0 | AE20: 3 | AF20: 30 | AI20: OPRCDCE17OPRCD00000OPRCDF213OPRCD00000OPRCD250 | AJ20: ซื้อ / ขาย | AK20: Main proudct | AL20: Bulk Normal | AM20: สุกร | AN20: 01 ขายเงินสด (POS) | AO20: TT | AU20: 2026-05-12-09.34.31.000000 | AV20: ถุง | AW20: ก.ก. | AY20: 0 | AZ20: N | BA20: 31787884 | BD20: 0 | BG20: 1333314600 | BH20: G | BI20: 3 | BJ20: 30 | BK20: 1300 | BL20: TEERANUT.BOO
C21: 244688 | D21: 244688 | F21: CE17 | G21: TTCW3-ลพบุรี | H21: 0 | I21: หน่วยงานกลาง | J21: F213 DMCW-รชล-พระพุทธบาท | K21: 00000 หน่วยงานกลาง | L21: 250 | N21: 2000235043 | O21: นาย วิษณุ กันคำ | P21: 1 | Q21: วิษณุ กันคำ | R21: 244688 | S21: 244688 | T21: I69A54NI0033954 | U21: 23000191 | V21: ไส้อ่อน | W21: 6 | X21: 6 | Y21: 6 | Z21: 6 | AA21: 0 | AB21: 0 | AC21: 0 | AD21: 0 | AE21: 6 | AF21: 6 | AI21: OPRCDCE17OPRCD00000OPRCDF213OPRCD00000OPRCD250 | AJ21: ซื้อ / ขาย | AK21: By proudct | AL21: Bulk Normal | AM21: สุกร | AN21: 01 ขายเงินสด (POS) | AO21: TT | AU21: 2026-05-12-09.34.31.000000 | AV21: ก.ก. | AW21: ก.ก. | AY21: 0 | AZ21: N | BA21: 31787884 | BD21: 0 | BG21: 1333314600 | BH21: G | BI21: 6 | BJ21: 6 | BK21: 1300 | BL21: TEERANUT.BOO
C22: 244688 | D22: 244688 | F22: CE17 | G22: TTCW3-ลพบุรี | H22: 0 | I22: หน่วยงานกลาง | J22: F213 DMCW-รชล-พระพุทธบาท | K22: 00000 หน่วยงานกลาง | L22: 250 | N22: 2000235043 | O22: นาย วิษณุ กันคำ | P22: 1 | Q22: วิษณุ กันคำ | R22: 244688 | S22: 244688 | T22: I69A54NI0033954 | U22: 23000188 | V22: ตับหมู | W22: 6 | X22: 6 | Y22: 6 | Z22: 6 | AA22: 0 | AB22: 0 | AC22: 0 | AD22: 0 | AE22: 6 | AF22: 6 | AI22: OPRCDCE17OPRCD00000OPRCDF213OPRCD00000OPRCD250 | AJ22: ซื้อ / ขาย | AK22: By proudct | AL22: Bulk Normal | AM22: สุกร | AN22: 01 ขายเงินสด (POS) | AO22: TT | AU22: 2026-05-12-09.34.31.000000 | AV22: ก.ก. | AW22: ก.ก. | AY22: 0 | AZ22: N | BA22: 31787884 | BD22: 0 | BG22: 1333314600 | BH22: G | BI22: 6 | BJ22: 6 | BK22: 1300 | BL22: TEERANUT.BOO
C23: 244688 | D23: 244688 | F23: CE17 | G23: TTCW3-ลพบุรี | H23: 0 | I23: หน่วยงานกลาง | J23: F213 DMCW-รชล-พระพุทธบาท | K23: 00000 หน่วยงานกลาง | L23: 250 | N23: 2000235043 | O23: นาย วิษณุ กันคำ | P23: 1 | Q23: วิษณุ กันคำ | R23: 244688 | S23: 244688 | T23: I69A54NI0033954 | U23: 23057675 | V23: สันในTT | W23: 5 | X23: 5 | Y23: 5 | Z23: 5 | AA23: 0 | AB23: 0 | AC23: 0 | AD23: 0 | AE23: 5 | AF23: 5 | AI23: OPRCDCE17OPRCD00000OPRCDF213OPRCD00000OPRCD250 | AJ23: ซื้อ / ขาย | AK23: Main proudct | AL23: Bulk Normal | AM23: สุกร | AN23: 01 ขายเงินสด (POS) | AO23: TT | AU23: 2026-05-12-09.34.31.000000 | AV23: ก.ก. | AW23: ก.ก. | AY23: 0 | AZ23: N | BA23: 31787884 | BD23: 0 | BG23: 1333314600 | BH23: G | BI23: 5 | BJ23: 5 | BK23: 1300 | BL23: TEERANUT.BOO
C24: 244688 | D24: 244688 | F24: CE17 | G24: TTCW3-ลพบุรี | H24: 0 | I24: หน่วยงานกลาง | J24: F213 DMCW-รชล-พระพุทธบาท | K24: 00000 หน่วยงานกลาง | L24: 250 | N24: 2000235043 | O24: นาย วิษณุ กันคำ | P24: 1 | Q24: วิษณุ กันคำ | R24: 244688 | S24: 244688 | T24: I69A54NI0033954 | U24: 23105856 | V24: สันนอกหมู B2B (Basic) | W24: 1 | X24: 12 | Y24: 1 | Z24: 12 | AA24: 0 | AB24: 0 | AC24: 0 | AD24: 0 | AE24: 1 | AF24: 12 | AI24: OPRCDCE17OPRCD00000OPRCDF213OPRCD00000OPRCD250 | AJ24: ซื้อ / ขาย | AK24: Main proudct | AL24: Bulk Normal | AM24: สุกร | AN24: 01 ขายเงินสด (POS) | AO24: TT | AU24: 2026-05-12-09.34.31.000000 | AV24: ถุง | AW24: ก.ก. | AY24: 0 | AZ24: N | BA24: 31787884 | BD24: 0 | BG24: 1333314600 | BH24: G | BI24: 1 | BJ24: 12 | BK24: 1300 | BL24: TEERANUT.BOO
C25: 244688 | D25: 244688 | F25: CE17 | G25: TTCW3-ลพบุรี | H25: 0 | I25: หน่วยงานกลาง | J25: F213 DMCW-รชล-พระพุทธบาท | K25: 00000 หน่วยงานกลาง | L25: 250 | N25: 2000235043 | O25: นาย วิษณุ กันคำ | P25: 1 | Q25: วิษณุ กันคำ | R25: 244688 | S25: 244688 | T25: I69A54NI0033954 | U25: 23057677 | V25: สามชั้นTT | W25: 28 | X25: 28 | Y25: 28 | Z25: 28 | AA25: 0 | AB25: 0 | AC25: 0 | AD25: 0 | AE25: 28 | AF25: 28 | AI25: OPRCDCE17OPRCD00000OPRCDF213OPRCD00000OPRCD250 | AJ25: ซื้อ / ขาย | AK25: Main proudct | AL25: Bulk Normal | AM25: สุกร | AN25: 01 ขายเงินสด (POS) | AO25: TT | AU25: 2026-05-12-09.34.31.000000 | AV25: ก.ก. | AW25: ก.ก. | AY25: 0 | AZ25: N | BA25: 31787884 | BD25: 0 | BG25: 1333314600 | BH25: G | BI25: 28 | BJ25: 28 | BK25: 1300 | BL25: TEERANUT.BOO
C26: 244688 | D26: 244688 | F26: CE17 | G26: TTCW3-ลพบุรี | H26: 0 | I26: หน่วยงานกลาง | J26: F213 DMCW-รชล-พระพุทธบาท | K26: 00000 หน่วยงานกลาง | L26: 250 | N26: 2000390629 | O26: นาย เจตริน อินทวงษ์ | P26: 1 | Q26: นาย เจตริน อินทวงษ์ | R26: 244688 | S26: 244688 | T26: I69A54NI0033957 | U26: 23057698 | V26: หมูบดTT | W26: 5 | X26: 5 | Y26: 5 | Z26: 5 | AA26: 0 | AB26: 0 | AC26: 0 | AD26: 0 | AE26: 5 | AF26: 5 | AI26: OPRCDCE17OPRCD00000OPRCDF213OPRCD00000OPRCD250 | AJ26: ซื้อ / ขาย | AK26: Main proudct | AL26: Bulk Normal | AM26: สุกร | AN26: 837 ตลาดสด/ตลาดนัด(CPFM) | AO26: TT | AU26: 2026-05-12-09.39.31.000000 | AV26: ก.ก. | AW26: ก.ก. | AY26: 0 | AZ26: N | BA26: 31788203 | BD26: 0 | BG26: 1333314600 | BH26: G | BI26: 5 | BJ26: 5 | BK26: 1300 | BL26: TEERANUT.BOO
C27: 244688 | D27: 244688 | F27: CE17 | G27: TTCW3-ลพบุรี | H27: 0 | I27: หน่วยงานกลาง | J27: F213 DMCW-รชล-พระพุทธบาท | K27: 00000 หน่วยงานกลาง | L27: 250 | N27: 2000404917 | O27: นางสาว ภิญญา เคนวงบริบูรณ์ | P27: 1 | Q27: นางสาว ภิญญา เคนวงบริบูรณ์ | R27: 244688 | S27: 244688 | T27: I69A54NI0033958 | U27: 23057673 | V27: สะโพกTT | W27: 9 | X27: 9 | Y27: 9 | Z27: 9 | AA27: 0 | AB27: 0 | AC27: 0 | AD27: 0 | AE27: 9 | AF27: 9 | AI27: OPRCDCE17OPRCD00000OPRCDF213OPRCD00000OPRCD250 | AJ27: ซื้อ / ขาย | AK27: Main proudct | AL27: Bulk Normal | AM27: สุกร | AN27: 837 ตลาดสด/ตลาดนัด(CPFM) | AO27: TT | AU27: 2026-05-12-09.41.14.000000 | AV27: ก.ก. | AW27: ก.ก. | AY27: 0 | AZ27: N | BA27: 31788324 | BD27: 0 | BG27: 1333314600 | BH27: G | BI27: 9 | BJ27: 9 | BL27: TEERANUT.BOO
C28: 244688 | D28: 244688 | F28: CE17 | G28: TTCW3-ลพบุรี | H28: 0 | I28: หน่วยงานกลาง | J28: F213 DMCW-รชล-พระพุทธบาท | K28: 00000 หน่วยงานกลาง | L28: 250 | N28: 2000404917 | O28: นางสาว ภิญญา เคนวงบริบูรณ์ | P28: 1 | Q28: นางสาว ภิญญา เคนวงบริบูรณ์ | R28: 244688 | S28: 244688 | T28: I69A54NI0033958 | U28: 23078867 | V28: เศษสามชั้นสไลด์ | W28: 5 | X28: 5 | Y28: 5 | Z28: 5 | AA28: 0 | AB28: 0 | AC28: 0 | AD28: 0 | AE28: 5 | AF28: 5 | AI28: OPRCDCE17OPRCD00000OPRCDF213OPRCD00000OPRCD250 | AJ28: ซื้อ / ขาย | AK28: Main proudct | AL28: Bulk Normal | AM28: สุกร | AN28: 837 ตลาดสด/ตลาดนัด(CPFM) | AO28: TT | AU28: 2026-05-12-09.41.14.000000 | AV28: ก.ก. | AW28: ก.ก. | AY28: 0 | AZ28: N | BA28: 31788324 | BD28: 0 | BG28: 1333314600 | BH28: G | BI28: 5 | BJ28: 5 | BL28: TEERANUT.BOO
C29: 244688 | D29: 244688 | F29: CE17 | G29: TTCW3-ลพบุรี | H29: 0 | I29: หน่วยงานกลาง | J29: F213 DMCW-รชล-พระพุทธบาท | K29: 00000 หน่วยงานกลาง | L29: 250 | N29: 2000392491 | O29: นาย ชัยพร บุตรพรม | P29: 1 | Q29: นาย ชัยพร บุตรพรม | R29: 244688 | S29: 244688 | T29: I69A54NI0033963 | U29: 23057677 | V29: สามชั้นTT | W29: 7 | X29: 7 | Y29: 7 | Z29: 7 | AA29: 0 | AB29: 0 | AC29: 0 | AD29: 0 | AE29: 7 | AF29: 7 | AI29: OPRCDCE17OPRCD00000OPRCDF213OPRCD00000OPRCD250 | AJ29: ซื้อ / ขาย | AK29: Main proudct | AL29: Bulk Normal | AM29: สุกร | AN29: 837 ตลาดสด/ตลาดนัด(CPFM) | AO29: TT | AU29: 2026-05-12-09.45.51.000000 | AV29: ก.ก. | AW29: ก.ก. | AY29: 0 | AZ29: N | BA29: 31788675 | BD29: 0 | BG29: 1333314600 | BH29: G | BI29: 7 | BJ29: 7 | BK29: 1300 | BL29: TEERANUT.BOO
C30: 244688 | D30: 244688 | F30: CE17 | G30: TTCW3-ลพบุรี | H30: 0 | I30: หน่วยงานกลาง | J30: F213 DMCW-รชล-พระพุทธบาท | K30: 00000 หน่วยงานกลาง | L30: 250 | N30: 2000392491 | O30: นาย ชัยพร บุตรพรม | P30: 1 | Q30: นาย ชัยพร บุตรพรม | R30: 244688 | S30: 244688 | T30: I69A54NI0033963 | U30: 23105855 | V30: สะโพกหมู B2B (Basic) | W30: 1 | X30: 10 | Y30: 1 | Z30: 10 | AA30: 0 | AB30: 0 | AC30: 0 | AD30: 0 | AE30: 1 | AF30: 10 | AI30: OPRCDCE17OPRCD00000OPRCDF213OPRCD00000OPRCD250 | AJ30: ซื้อ / ขาย | AK30: Main proudct | AL30: Bulk Normal | AM30: สุกร | AN30: 837 ตลาดสด/ตลาดนัด(CPFM) | AO30: TT | AU30: 2026-05-12-09.45.51.000000 | AV30: ถุง | AW30: ก.ก. | AY30: 0 | AZ30: N | BA30: 31788675 | BD30: 0 | BG30: 1333314600 | BH30: G | BI30: 1 | BJ30: 10 | BK30: 1300 | BL30: TEERANUT.BOO
C31: 244688 | D31: 244688 | F31: CE17 | G31: TTCW3-ลพบุรี | H31: 0 | I31: หน่วยงานกลาง | J31: F213 DMCW-รชล-พระพุทธบาท | K31: 00000 หน่วยงานกลาง | L31: 250 | N31: 2000392491 | O31: นาย ชัยพร บุตรพรม | P31: 1 | Q31: นาย ชัยพร บุตรพรม | R31: 244688 | S31: 244688 | T31: I69A54NI0033963 | U31: 23057702 | V31: กระดูกอกTT | W31: 5 | X31: 5 | Y31: 5 | Z31: 5 | AA31: 0 | AB31: 0 | AC31: 0 | AD31: 0 | AE31: 5 | AF31: 5 | AI31: OPRCDCE17OPRCD00000OPRCDF213OPRCD00000OPRCD250 | AJ31: ซื้อ / ขาย | AK31: By proudct | AL31: Bulk Normal | AM31: สุกร | AN31: 837 ตลาดสด/ตลาดนัด(CPFM) | AO31: TT | AU31: 2026-05-12-09.45.51.000000 | AV31: ก.ก. | AW31: ก.ก. | AY31: 0 | AZ31: N | BA31: 31788675 | BD31: 0 | BG31: 1333314600 | BH31: G | BI31: 5 | BJ31: 5 | BK31: 1300 | BL31: TEERANUT.BOO
C32: 244688 | D32: 244688 | F32: CE17 | G32: TTCW3-ลพบุรี | H32: 0 | I32: หน่วยงานกลาง | J32: F213 DMCW-รชล-พระพุทธบาท | K32: 00000 หน่วยงานกลาง | L32: 250 | N32: 2000392491 | O32: นาย ชัยพร บุตรพรม | P32: 1 | Q32: นาย ชัยพร บุตรพรม | R32: 244688 | S32: 244688 | T32: I69A54NI0033963 | U32: 23057685 | V32: มันแข็งTT | W32: 10 | X32: 10 | Y32: 10 | Z32: 10 | AA32: 0 | AB32: 0 | AC32: 0 | AD32: 0 | AE32: 10 | AF32: 10 | AI32: OPRCDCE17OPRCD00000OPRCDF213OPRCD00000OPRCD250 | AJ32: ซื้อ / ขาย | AK32: By proudct | AL32: Bulk Normal | AM32: สุกร | AN32: 837 ตลาดสด/ตลาดนัด(CPFM) | AO32: TT | AU32: 2026-05-12-09.45.51.000000 | AV32: ก.ก. | AW32: ก.ก. | AY32: 0 | AZ32: N | BA32: 31788675 | BD32: 0 | BG32: 1333314600 | BH32: G | BI32: 10 | BJ32: 10 | BK32: 1300 | BL32: TEERANUT.BOO
C33: 244688 | D33: 244688 | F33: CE17 | G33: TTCW3-ลพบุรี | H33: 0 | I33: หน่วยงานกลาง | J33: F213 DMCW-รชล-พระพุทธบาท | K33: 00000 หน่วยงานกลาง | L33: 250 | N33: 2000392491 | O33: นาย ชัยพร บุตรพรม | P33: 1 | Q33: นาย ชัยพร บุตรพรม | R33: 244688 | S33: 244688 | T33: I69A54NI0033963 | U33: 23057698 | V33: หมูบดTT | W33: 10 | X33: 10 | Y33: 10 | Z33: 10 | AA33: 0 | AB33: 0 | AC33: 0 | AD33: 0 | AE33: 10 | AF33: 10 | AI33: OPRCDCE17OPRCD00000OPRCDF213OPRCD00000OPRCD250 | AJ33: ซื้อ / ขาย | AK33: Main proudct | AL33: Bulk Normal | AM33: สุกร | AN33: 837 ตลาดสด/ตลาดนัด(CPFM) | AO33: TT | AU33: 2026-05-12-09.45.51.000000 | AV33: ก.ก. | AW33: ก.ก. | AY33: 0 | AZ33: N | BA33: 31788675 | BD33: 0 | BG33: 1333314600 | BH33: G | BI33: 10 | BJ33: 10 | BK33: 1300 | BL33: TEERANUT.BOO
C34: 244688 | D34: 244688 | F34: CE17 | G34: TTCW3-ลพบุรี | H34: 0 | I34: หน่วยงานกลาง | J34: F213 DMCW-รชล-พระพุทธบาท | K34: 00000 หน่วยงานกลาง | L34: 250 | N34: 2000392491 | O34: นาย ชัยพร บุตรพรม | P34: 1 | Q34: นาย ชัยพร บุตรพรม | R34: 244688 | S34: 244688 | T34: I69A54NI0033963 | U34: 23105856 | V34: สันนอกหมู B2B (Basic) | W34: 1 | X34: 12 | Y34: 1 | Z34: 12 | AA34: 0 | AB34: 0 | AC34: 0 | AD34: 0 | AE34: 1 | AF34: 12 | AI34: OPRCDCE17OPRCD00000OPRCDF213OPRCD00000OPRCD250 | AJ34: ซื้อ / ขาย | AK34: Main proudct | AL34: Bulk Normal | AM34: สุกร | AN34: 837 ตลาดสด/ตลาดนัด(CPFM) | AO34: TT | AU34: 2026-05-12-09.45.51.000000 | AV34: ถุง | AW34: ก.ก. | AY34: 0 | AZ34: N | BA34: 31788675 | BD34: 0 | BG34: 1333314600 | BH34: G | BI34: 1 | BJ34: 12 | BK34: 1300 | BL34: TEERANUT.BOO
C35: 244688 | D35: 244688 | F35: CE17 | G35: TTCW3-ลพบุรี | H35: 0 | I35: หน่วยงานกลาง | J35: F213 DMCW-รชล-พระพุทธบาท | K35: 00000 หน่วยงานกลาง | L35: 250 | N35: 2000197240 | O35: นาย คมป่าน วิกรัยพัฒน์ | P35: 1 | Q35: นาย คมป่าน วิกรัยพัฒน์ | R35: 244688 | S35: 244688 | T35: I69A54NI0033964 | U35: 23106552 | V35: หมูชิ้นส่วน ไม่รวมหัวเครื่องใน (P) | W35: 3 | X35: 270 | Y35: 3 | Z35: 270 | AA35: 0 | AB35: 0 | AC35: 0 | AD35: 0 | AE35: 3 | AF35: 270 | AI35: OPRCDCE17OPRCD00000OPRCDF213OPRCD00000OPRCD250 | AJ35: ซื้อ / ขาย | AN35: 01 ขายเงินสด (POS) | AO35: TT | AU35: 2026-05-12-09.47.10.000000 | AV35: ตัว | AW35: ก.ก. | AY35: 0 | AZ35: N | BA35: 31788720 | BD35: 0 | BG35: 1333314600 | BH35: G | BI35: 3 | BJ35: 270 | BK35: 1300 | BL35: TEERANUT.BOO
C36: 244688 | D36: 244688 | F36: CE17 | G36: TTCW3-ลพบุรี | H36: 0 | I36: หน่วยงานกลาง | J36: F213 DMCW-รชล-พระพุทธบาท | K36: 00000 หน่วยงานกลาง | L36: 250 | N36: 2000339770 | O36: นางสาว เรณู กฤษบุญ | P36: 1 | Q36: เรณู | R36: 244688 | S36: 244688 | T36: I69A54NI0033965 | U36: 23057673 | V36: สะโพกTT | W36: 9 | X36: 9 | Y36: 9 | Z36: 9 | AA36: 0 | AB36: 0 | AC36: 0 | AD36: 0 | AE36: 9 | AF36: 9 | AI36: OPRCDCE17OPRCD00000OPRCDF213OPRCD00000OPRCD250 | AJ36: ซื้อ / ขาย | AK36: Main proudct | AL36: Bulk Normal | AM36: สุกร | AN36: 01 ขายเงินสด (POS) | AO36: TT | AU36: 2026-05-12-09.47.48.000000 | AV36: ก.ก. | AW36: ก.ก. | AY36: 0 | AZ36: N | BA36: 31788767 | BD36: 0 | BG36: 1333314600 | BH36: G | BI36: 9 | BJ36: 9 | BK36: 1300 | BL36: TEERANUT.BOO
C37: 244688 | D37: 244688 | F37: CE17 | G37: TTCW3-ลพบุรี | H37: 0 | I37: หน่วยงานกลาง | J37: F213 DMCW-รชล-พระพุทธบาท | K37: 00000 หน่วยงานกลาง | L37: 250 | N37: 2000339770 | O37: นางสาว เรณู กฤษบุญ | P37: 1 | Q37: เรณู | R37: 244688 | S37: 244688 | T37: I69A54NI0033965 | U37: 23057691 | V37: มันเปลวTT | W37: 5 | X37: 5 | Y37: 5 | Z37: 5 | AA37: 0 | AB37: 0 | AC37: 0 | AD37: 0 | AE37: 5 | AF37: 5 | AI37: OPRCDCE17OPRCD00000OPRCDF213OPRCD00000OPRCD250 | AJ37: ซื้อ / ขาย | AK37: By proudct | AL37: Bulk Normal | AM37: สุกร | AN37: 01 ขายเงินสด (POS) | AO37: TT | AU37: 2026-05-12-09.47.48.000000 | AV37: ก.ก. | AW37: ก.ก. | AY37: 0 | AZ37: N | BA37: 31788767 | BD37: 0 | BG37: 1333314600 | BH37: G | BI37: 5 | BJ37: 5 | BK37: 1300 | BL37: TEERANUT.BOO
C38: 244688 | D38: 244688 | F38: CE17 | G38: TTCW3-ลพบุรี | H38: 0 | I38: หน่วยงานกลาง | J38: F213 DMCW-รชล-พระพุทธบาท | K38: 00000 หน่วยงานกลาง | L38: 250 | N38: 2000339770 | O38: นางสาว เรณู กฤษบุญ | P38: 1 | Q38: เรณู | R38: 244688 | S38: 244688 | T38: I69A54NI0033965 | U38: 23000188 | V38: ตับหมู | W38: 10 | X38: 10 | Y38: 10 | Z38: 10 | AA38: 0 | AB38: 0 | AC38: 0 | AD38: 0 | AE38: 10 | AF38: 10 | AI38: OPRCDCE17OPRCD00000OPRCDF213OPRCD00000OPRCD250 | AJ38: ซื้อ / ขาย | AK38: By proudct | AL38: Bulk Normal | AM38: สุกร | AN38: 01 ขายเงินสด (POS) | AO38: TT | AU38: 2026-05-12-09.47.48.000000 | AV38: ก.ก. | AW38: ก.ก. | AY38: 0 | AZ38: N | BA38: 31788767 | BD38: 0 | BG38: 1333314600 | BH38: G | BI38: 10 | BJ38: 10 | BK38: 1300 | BL38: TEERANUT.BOO
C39: 244688 | D39: 244688 | F39: CE17 | G39: TTCW3-ลพบุรี | H39: 0 | I39: หน่วยงานกลาง | J39: F213 DMCW-รชล-พระพุทธบาท | K39: 00000 หน่วยงานกลาง | L39: 250 | N39: 2000404002 | O39: นางสาว สิรินภา ชนะประสพ | P39: 1 | Q39: นางสาว สิรินภา ชนะประสพ | R39: 244688 | S39: 244688 | T39: I69A54NI0033967 | U39: 23057700 | V39: ซี่โครงTT | W39: 5 | X39: 5 | Y39: 5 | Z39: 5 | AA39: 0 | AB39: 0 | AC39: 0 | AD39: 0 | AE39: 5 | AF39: 5 | AI39: OPRCDCE17OPRCD00000OPRCDF213OPRCD00000OPRCD250 | AJ39: ซื้อ / ขาย | AK39: Main proudct | AL39: Bulk Normal | AM39: สุกร | AN39: 837 ตลาดสด/ตลาดนัด(CPFM) | AO39: TT | AU39: 2026-05-12-09.48.39.000000 | AV39: ก.ก. | AW39: ก.ก. | AY39: 0 | AZ39: N | BA39: 31788838 | BD39: 0 | BG39: 1333314600 | BH39: G | BI39: 5 | BJ39: 5 | BK39: 1300 | BL39: TEERANUT.BOO
C40: 244688 | D40: 244688 | F40: CE17 | G40: TTCW3-ลพบุรี | H40: 0 | I40: หน่วยงานกลาง | J40: F213 DMCW-รชล-พระพุทธบาท | K40: 00000 หน่วยงานกลาง | L40: 250 | N40: 2000404002 | O40: นางสาว สิรินภา ชนะประสพ | P40: 1 | Q40: นางสาว สิรินภา ชนะประสพ | R40: 244688 | S40: 244688 | T40: I69A54NI0033967 | U40: 23057698 | V40: หมูบดTT | W40: 5 | X40: 5 | Y40: 5 | Z40: 5 | AA40: 0 | AB40: 0 | AC40: 0 | AD40: 0 | AE40: 5 | AF40: 5 | AI40: OPRCDCE17OPRCD00000OPRCDF213OPRCD00000OPRCD250 | AJ40: ซื้อ / ขาย | AK40: Main proudct | AL40: Bulk Normal | AM40: สุกร | AN40: 837 ตลาดสด/ตลาดนัด(CPFM) | AO40: TT | AU40: 2026-05-12-09.48.39.000000 | AV40: ก.ก. | AW40: ก.ก. | AY40: 0 | AZ40: N | BA40: 31788838 | BD40: 0 | BG40: 1333314600 | BH40: G | BI40: 5 | BJ40: 5 | BK40: 1300 | BL40: TEERANUT.BOO
C41: 244688 | D41: 244688 | F41: CE17 | G41: TTCW3-ลพบุรี | H41: 0 | I41: หน่วยงานกลาง | J41: F213 DMCW-รชล-พระพุทธบาท | K41: 00000 หน่วยงานกลาง | L41: 250 | N41: 2000333217 | O41: นาย รัฐพล โตจาด | P41: 2 | Q41: นายรัฐพล โตจาด | R41: 244688 | S41: 244688 | T41: I69A54NI0033969 | U41: 23086968 | V41: สามชั้นตัดเส้น SIS กก.ละ | W41: 15 | X41: 15 | Y41: 15 | Z41: 15 | AA41: 0 | AB41: 0 | AC41: 0 | AD41: 0 | AE41: 15 | AF41: 15 | AI41: OPRCDCE17OPRCD00000OPRCDF213OPRCD00000OPRCD250 | AJ41: ซื้อ / ขาย | AK41: Main proudct | AL41: Bulk Normal | AM41: สุกร | AN41: 837 ตลาดสด/ตลาดนัด(CPFM) | AO41: TT | AU41: 2026-05-12-09.49.47.000000 | AV41: ก.ก. | AW41: ก.ก. | AY41: 0 | AZ41: N | BA41: 31788919 | BD41: 0 | BG41: 1333314600 | BH41: G | BI41: 15 | BJ41: 15 | BK41: 1300 | BL41: TEERANUT.BOO
C42: 244688 | D42: 244688 | F42: CE17 | G42: TTCW3-ลพบุรี | H42: 0 | I42: หน่วยงานกลาง | J42: F213 DMCW-รชล-พระพุทธบาท | K42: 00000 หน่วยงานกลาง | L42: 250 | N42: 2000333217 | O42: นาย รัฐพล โตจาด | P42: 2 | Q42: นายรัฐพล โตจาด | R42: 244688 | S42: 244688 | T42: I69A54NI0033969 | U42: 23065143 | V42: สามชั้นสไลด์ | W42: 10 | X42: 10 | Y42: 10 | Z42: 10 | AA42: 0 | AB42: 0 | AC42: 0 | AD42: 0 | AE42: 10 | AF42: 10 | AI42: OPRCDCE17OPRCD00000OPRCDF213OPRCD00000OPRCD250 | AJ42: ซื้อ / ขาย | AK42: Main proudct | AL42: Bulk Normal | AM42: สุกร | AN42: 837 ตลาดสด/ตลาดนัด(CPFM) | AO42: TT | AU42: 2026-05-12-09.49.47.000000 | AV42: ก.ก. | AW42: ก.ก. | AY42: 0 | AZ42: N | BA42: 31788919 | BD42: 0 | BG42: 1333314600 | BH42: G | BI42: 10 | BJ42: 10 | BK42: 1300 | BL42: TEERANUT.BOO
C43: 244688 | D43: 244688 | F43: CE17 | G43: TTCW3-ลพบุรี | H43: 0 | I43: หน่วยงานกลาง | J43: F213 DMCW-รชล-พระพุทธบาท | K43: 00000 หน่วยงานกลาง | L43: 250 | N43: 2000333217 | O43: นาย รัฐพล โตจาด | P43: 2 | Q43: นายรัฐพล โตจาด | R43: 244688 | S43: 244688 | T43: I69A54NI0033969 | U43: 23057698 | V43: หมูบดTT | W43: 15 | X43: 15 | Y43: 15 | Z43: 15 | AA43: 0 | AB43: 0 | AC43: 0 | AD43: 0 | AE43: 15 | AF43: 15 | AI43: OPRCDCE17OPRCD00000OPRCDF213OPRCD00000OPRCD250 | AJ43: ซื้อ / ขาย | AK43: Main proudct | AL43: Bulk Normal | AM43: สุกร | AN43: 837 ตลาดสด/ตลาดนัด(CPFM) | AO43: TT | AU43: 2026-05-12-09.49.47.000000 | AV43: ก.ก. | AW43: ก.ก. | AY43: 0 | AZ43: N | BA43: 31788919 | BD43: 0 | BG43: 1333314600 | BH43: G | BI43: 15 | BJ43: 15 | BK43: 1300 | BL43: TEERANUT.BOO
C44: 244688 | D44: 244688 | F44: CE17 | G44: TTCW3-ลพบุรี | H44: 0 | I44: หน่วยงานกลาง | J44: F213 DMCW-รชล-พระพุทธบาท | K44: 00000 หน่วยงานกลาง | L44: 250 | N44: 2000333217 | O44: นาย รัฐพล โตจาด | P44: 2 | Q44: นายรัฐพล โตจาด | R44: 244688 | S44: 244688 | T44: I69A54NI0033969 | U44: 23057700 | V44: ซี่โครงTT | W44: 15 | X44: 15 | Y44: 15 | Z44: 15 | AA44: 0 | AB44: 0 | AC44: 0 | AD44: 0 | AE44: 15 | AF44: 15 | AI44: OPRCDCE17OPRCD00000OPRCDF213OPRCD00000OPRCD250 | AJ44: ซื้อ / ขาย | AK44: Main proudct | AL44: Bulk Normal | AM44: สุกร | AN44: 837 ตลาดสด/ตลาดนัด(CPFM) | AO44: TT | AU44: 2026-05-12-09.49.47.000000 | AV44: ก.ก. | AW44: ก.ก. | AY44: 0 | AZ44: N | BA44: 31788919 | BD44: 0 | BG44: 1333314600 | BH44: G | BI44: 15 | BJ44: 15 | BK44: 1300 | BL44: TEERANUT.BOO
C45: 244688 | D45: 244688 | F45: CE17 | G45: TTCW3-ลพบุรี | H45: 0 | I45: หน่วยงานกลาง | J45: F213 DMCW-รชล-พระพุทธบาท | K45: 00000 หน่วยงานกลาง | L45: 250 | N45: 2000392491 | O45: นาย ชัยพร บุตรพรม | P45: 1 | Q45: นาย ชัยพร บุตรพรม | R45: 244688 | S45: 244688 | T45: I69A54NI0033970 | U45: 23105856 | V45: สันนอกหมู B2B (Basic) | W45: 1 | X45: 12 | Y45: 1 | Z45: 12 | AA45: 0 | AB45: 0 | AC45: 0 | AD45: 0 | AE45: 1 | AF45: 12 | AI45: OPRCDCE17OPRCD00000OPRCDF213OPRCD00000OPRCD250 | AJ45: ซื้อ / ขาย | AK45: Main proudct | AL45: Bulk Normal | AM45: สุกร | AN45: 837 ตลาดสด/ตลาดนัด(CPFM) | AO45: TT | AU45: 2026-05-12-09.50.59.000000 | AV45: ถุง | AW45: ก.ก. | AY45: 0 | AZ45: N | BA45: 31788995 | BD45: 0 | BG45: 1333314600 | BH45: G | BI45: 1 | BJ45: 12 | BK45: 1300 | BL45: TEERANUT.BOO
C46: 244688 | D46: 244688 | F46: CE17 | G46: TTCW3-ลพบุรี | H46: 0 | I46: หน่วยงานกลาง | J46: F213 DMCW-รชล-พระพุทธบาท | K46: 00000 หน่วยงานกลาง | L46: 250 | N46: 2000401153 | O46: นาย ภัทรพงษ์ โพธิ์วงศ์ | P46: 1 | Q46: นาย ภัทรพงษ์ โพธิ์วงศ์ | R46: 244688 | S46: 244688 | T46: I69A54NI0033972 | U46: 23057698 | V46: หมูบดTT | W46: 5 | X46: 5 | Y46: 5 | Z46: 5 | AA46: 0 | AB46: 0 | AC46: 0 | AD46: 0 | AE46: 5 | AF46: 5 | AI46: OPRCDCE17OPRCD00000OPRCDF213OPRCD00000OPRCD250 | AJ46: ซื้อ / ขาย | AK46: Main proudct | AL46: Bulk Normal | AM46: สุกร | AN46: 837 ตลาดสด/ตลาดนัด(CPFM) | AO46: TT | AU46: 2026-05-12-10.00.24.000000 | AV46: ก.ก. | AW46: ก.ก. | AY46: 0 | AZ46: N | BA46: 31789662 | BD46: 0 | BG46: 1333314600 | BH46: G | BI46: 5 | BJ46: 5 | BK46: 1300 | BL46: TEERANUT.BOO
C47: 244688 | D47: 244688 | F47: CE17 | G47: TTCW3-ลพบุรี | H47: 0 | I47: หน่วยงานกลาง | J47: F213 DMCW-รชล-พระพุทธบาท | K47: 00000 หน่วยงานกลาง | L47: 250 | N47: 2000401153 | O47: นาย ภัทรพงษ์ โพธิ์วงศ์ | P47: 1 | Q47: นาย ภัทรพงษ์ โพธิ์วงศ์ | R47: 244688 | S47: 244688 | T47: I69A54NI0033972 | U47: 23064091 | V47: มันแข็งติดหนัง TT | W47: 15 | X47: 15 | Y47: 15 | Z47: 15 | AA47: 0 | AB47: 0 | AC47: 0 | AD47: 0 | AE47: 15 | AF47: 15 | AI47: OPRCDCE17OPRCD00000OPRCDF213OPRCD00000OPRCD250 | AJ47: ซื้อ / ขาย | AK47: By proudct | AL47: Bulk Normal | AM47: สุกร | AN47: 837 ตลาดสด/ตลาดนัด(CPFM) | AO47: TT | AU47: 2026-05-12-10.00.24.000000 | AV47: ก.ก. | AW47: ก.ก. | AY47: 0 | AZ47: N | BA47: 31789662 | BD47: 0 | BG47: 1333314600 | BH47: G | BI47: 15 | BJ47: 15 | BK47: 1300 | BL47: TEERANUT.BOO
... C50: 244688 | D50: 244688 | F50: CE17 | G50: TTCW3-ลพบุรี | H50: 0 | I50: หน่วยงานกลาง | J50: F213 DMCW-รชล-พระพุทธบาท | K50: 00000 หน่วยงานกลาง | L50: 250 | N50: 2000366293 | O50: นางสาว นันทวัลย์ ขันตี | P50: 1 | Q50: นางสาว นันทวัลย์ ขันตี | R50: 244688 | S50: 244688 | T50: I69A54NI0033973 | U50: 23045518 | V50: มันเปลว เบอร์ 1 | W50: 1 | X50: 5 | Y50: 1 | Z50: 5 | AA50: 0 | AB50: 0 | AC50: 0 | AD50: 0 | AE50: 1 | AF50: 5 | AI50: OPRCDCE17OPRCD00000OPRCDF213OPRCD00000OPRCD250 | AJ50: ซื้อ / ขาย | AK50: By proudct | AL50: Bulk Normal | AM50: สุกร | AN50: 837 ตลาดสด/ตลาดนัด(CPFM) | AO50: TT | AU50: 2026-05-12-10.04.11.000000 | AV50: ถุง | AW50: ก.ก. | AY50: 0 | AZ50: N | BA50: 31789935 | BD50: 0 | BG50: 1333314600 | BH50: G | BI50: 1 | BJ50: 5 | BK50: 1300 | BL50: TEERANUT.BOO
C51: 244688 | D51: 244688 | F51: CE17 | G51: TTCW3-ลพบุรี | H51: 0 | I51: หน่วยงานกลาง | J51: F213 DMCW-รชล-พระพุทธบาท | K51: 00000 หน่วยงานกลาง | L51: 250 | N51: 2000390706 | O51: นาย เทพ จันทร์วิเศษ | P51: 1 | Q51: นาย เทพ จันทร์วิเศษ | R51: 244688 | S51: 244688 | T51: I69A54NI0033975 | U51: 23000181 | V51: ไส้ขม | W51: 20 | X51: 20 | Y51: 20 | Z51: 20 | AA51: 0 | AB51: 0 | AC51: 0 | AD51: 0 | AE51: 20 | AF51: 20 | AI51: OPRCDCE17OPRCD00000OPRCDF213OPRCD00000OPRCD250 | AJ51: ซื้อ / ขาย | AK51: By proudct | AL51: Bulk Normal | AM51: สุกร | AN51: 837 ตลาดสด/ตลาดนัด(CPFM) | AO51: TT | AU51: 2026-05-12-10.09.44.000000 | AV51: ก.ก. | AW51: ก.ก. | AY51: 0 | AZ51: N | BA51: 31790303 | BD51: 0 | BG51: 1333314600 | BH51: G | BI51: 20 | BJ51: 20 | BL51: TEERANUT.BOO
C52: 244688 | D52: 244688 | F52: CE17 | G52: TTCW3-ลพบุรี | H52: 0 | I52: หน่วยงานกลาง | J52: F213 DMCW-รชล-พระพุทธบาท | K52: 00000 หน่วยงานกลาง | L52: 250 | N52: 2000390706 | O52: นาย เทพ จันทร์วิเศษ | P52: 1 | Q52: นาย เทพ จันทร์วิเศษ | R52: 244688 | S52: 244688 | T52: I69A54NI0033975 | U52: 23015321 | V52: หัวติดลิ้น | W52: 10 | X52: 80 | Y52: 10 | Z52: 80 | AA52: 0 | AB52: 0 | AC52: 0 | AD52: 0 | AE52: 10 | AF52: 80 | AI52: OPRCDCE17OPRCD00000OPRCDF213OPRCD00000OPRCD250 | AJ52: ซื้อ / ขาย | AK52: By proudct | AL52: Bulk Normal | AM52: สุกร | AN52: 837 ตลาดสด/ตลาดนัด(CPFM) | AO52: TT | AU52: 2026-05-12-10.09.44.000000 | AV52: หัว | AW52: ก.ก. | AY52: 0 | AZ52: N | BA52: 31790303 | BD52: 0 | BG52: 1333314600 | BH52: G | BI52: 10 | BJ52: 80 | BL52: TEERANUT.BOO
C53: 244688 | D53: 244688 | F53: CE17 | G53: TTCW3-ลพบุรี | H53: 0 | I53: หน่วยงานกลาง | J53: F213 DMCW-รชล-พระพุทธบาท | K53: 00000 หน่วยงานกลาง | L53: 250 | N53: 2000200943 | O53: นาง สุดารัตน์ พินแก้ง | P53: 1 | Q53: นาง สุดารัตน์ พินแก้ง | R53: 244688 | S53: 244688 | T53: I69A54NI0033976 | U53: 23000187 | V53: ปอด | W53: 6 | X53: 6 | Y53: 6 | Z53: 6 | AA53: 0 | AB53: 0 | AC53: 0 | AD53: 0 | AE53: 6 | AF53: 6 | AI53: OPRCDCE17OPRCD00000OPRCDF213OPRCD00000OPRCD250 | AJ53: ซื้อ / ขาย | AK53: By proudct | AL53: Bulk Normal | AM53: สุกร | AN53: 01 ขายเงินสด (POS) | AO53: TT | AU53: 2026-05-12-10.14.06.000000 | AV53: ก.ก. | AW53: ก.ก. | AY53: 0 | AZ53: N | BA53: 31790590 | BD53: 0 | BG53: 1333314600 | BH53: G | BI53: 6 | BJ53: 6 | BK53: 1300 | BL53: TEERANUT.BOO
C54: 244688 | D54: 244688 | F54: CE17 | G54: TTCW3-ลพบุรี | H54: 0 | I54: หน่วยงานกลาง | J54: F213 DMCW-รชล-พระพุทธบาท | K54: 00000 หน่วยงานกลาง | L54: 250 | N54: 2000200943 | O54: นาง สุดารัตน์ พินแก้ง | P54: 1 | Q54: นาง สุดารัตน์ พินแก้ง | R54: 244688 | S54: 244688 | T54: I69A54NI0033976 | U54: 23015350 | V54: ไส้ใหญ่ | W54: 5 | X54: 5 | Y54: 5 | Z54: 5 | AA54: 0 | AB54: 0 | AC54: 0 | AD54: 0 | AE54: 5 | AF54: 5 | AI54: OPRCDCE17OPRCD00000OPRCDF213OPRCD00000OPRCD250 | AJ54: ซื้อ / ขาย | AK54: By proudct | AL54: Bulk Normal | AM54: สุกร | AN54: 01 ขายเงินสด (POS) | AO54: TT | AU54: 2026-05-12-10.14.06.000000 | AV54: ก.ก. | AW54: ก.ก. | AY54: 0 | AZ54: N | BA54: 31790590 | BD54: 0 | BG54: 1333314600 | BH54: G | BI54: 5 | BJ54: 5 | BK54: 1300 | BL54: TEERANUT.BOO
C55: 244688 | D55: 244688 | F55: CE17 | G55: TTCW3-ลพบุรี | H55: 0 | I55: หน่วยงานกลาง | J55: F213 DMCW-รชล-พระพุทธบาท | K55: 00000 หน่วยงานกลาง | L55: 250 | N55: 2000200943 | O55: นาง สุดารัตน์ พินแก้ง | P55: 1 | Q55: นาง สุดารัตน์ พินแก้ง | R55: 244688 | S55: 244688 | T55: I69A54NI0033976 | U55: 23057688 | V55: กระดูกซุปTT | W55: 5 | X55: 5 | Y55: 5 | Z55: 5 | AA55: 0 | AB55: 0 | AC55: 0 | AD55: 0 | AE55: 5 | AF55: 5 | AI55: OPRCDCE17OPRCD00000OPRCDF213OPRCD00000OPRCD250 | AJ55: ซื้อ / ขาย | AK55: By proudct | AL55: Bulk Normal | AM55: สุกร | AN55: 01 ขายเงินสด (POS) | AO55: TT | AU55: 2026-05-12-10.14.06.000000 | AV55: ก.ก. | AW55: ก.ก. | AY55: 0 | AZ55: N | BA55: 31790590 | BD55: 0 | BG55: 1333314600 | BH55: G | BI55: 5 | BJ55: 5 | BK55: 1300 | BL55: TEERANUT.BOO
C56: 244688 | D56: 244688 | F56: CE17 | G56: TTCW3-ลพบุรี | H56: 0 | I56: หน่วยงานกลาง | J56: F213 DMCW-รชล-พระพุทธบาท | K56: 00000 หน่วยงานกลาง | L56: 250 | N56: 2000200943 | O56: นาง สุดารัตน์ พินแก้ง | P56: 1 | Q56: นาง สุดารัตน์ พินแก้ง | R56: 244688 | S56: 244688 | T56: I69A54NI0033976 | U56: 23014036 | V56: คากิเผา | W56: 10 | X56: 10 | Y56: 10 | Z56: 10 | AA56: 0 | AB56: 0 | AC56: 0 | AD56: 0 | AE56: 10 | AF56: 10 | AI56: OPRCDCE17OPRCD00000OPRCDF213OPRCD00000OPRCD250 | AJ56: ซื้อ / ขาย | AK56: By proudct | AL56: Bulk Normal | AM56: สุกร | AN56: 01 ขายเงินสด (POS) | AO56: TT | AU56: 2026-05-12-10.14.06.000000 | AV56: ก.ก. | AW56: ก.ก. | AY56: 0 | AZ56: N | BA56: 31790590 | BD56: 0 | BG56: 1333314600 | BH56: G | BI56: 10 | BJ56: 10 | BK56: 1300 | BL56: TEERANUT.BOO
C57: 244688 | D57: 244688 | F57: CE17 | G57: TTCW3-ลพบุรี | H57: 0 | I57: หน่วยงานกลาง | J57: F213 DMCW-รชล-พระพุทธบาท | K57: 00000 หน่วยงานกลาง | L57: 250 | N57: 2000200943 | O57: นาง สุดารัตน์ พินแก้ง | P57: 1 | Q57: นาง สุดารัตน์ พินแก้ง | R57: 244688 | S57: 244688 | T57: I69A54NI0033976 | U57: 23015321 | V57: หัวติดลิ้น | W57: 2 | X57: 16 | Y57: 2 | Z57: 16 | AA57: 0 | AB57: 0 | AC57: 0 | AD57: 0 | AE57: 2 | AF57: 16 | AI57: OPRCDCE17OPRCD00000OPRCDF213OPRCD00000OPRCD250 | AJ57: ซื้อ / ขาย | AK57: By proudct | AL57: Bulk Normal | AM57: สุกร | AN57: 01 ขายเงินสด (POS) | AO57: TT | AU57: 2026-05-12-10.14.06.000000 | AV57: หัว | AW57: ก.ก. | AY57: 0 | AZ57: N | BA57: 31790590 | BD57: 0 | BG57: 1333314600 | BH57: G | BI57: 2 | BJ57: 16 | BK57: 1300 | BL57: TEERANUT.BOO
C58: 244688 | D58: 244688 | F58: CE17 | G58: TTCW3-ลพบุรี | H58: 0 | I58: หน่วยงานกลาง | J58: F213 DMCW-รชล-พระพุทธบาท | K58: 00000 หน่วยงานกลาง | L58: 250 | N58: 2000390818 | O58: นางสาว ภรรณพัตธ์ ผิวบาง | P58: 2 | Q58: นางสาว ภรรณพัตธ์ ผิวบาง | R58: 244688 | S58: 244688 | T58: I69A54NI0033978 | U58: 23000197 | V58: เครื่องในชุด(หมู) | W58: 15 | X58: 150 | Y58: 15 | Z58: 150 | AA58: 0 | AB58: 0 | AC58: 0 | AD58: 0 | AE58: 15 | AF58: 150 | AI58: OPRCDCE17OPRCD00000OPRCDF213OPRCD00000OPRCD250 | AJ58: ซื้อ / ขาย | AK58: By proudct | AL58: Bulk Normal | AM58: สุกร | AN58: 00 นอกเครือ | AU58: 2026-05-12-10.16.03.000000 | AV58: ถุง | AW58: ก.ก. | AY58: 0 | AZ58: N | BA58: 31790709 | BD58: 0 | BG58: 1333314600 | BH58: G | BI58: 15 | BJ58: 150 | BK58: 1300 | BL58: TEERANUT.BOO
C59: 244688 | D59: 244688 | F59: CE17 | G59: TTCW3-ลพบุรี | H59: 0 | I59: หน่วยงานกลาง | J59: F213 DMCW-รชล-พระพุทธบาท | K59: 00000 หน่วยงานกลาง | L59: 250 | N59: 2000333258 | O59: นาง กฤษณา ชมภูผล | P59: 1 | Q59: กฤษณา ชมภูพล | R59: 244688 | S59: 244688 | T59: I69A54NI0033982 | U59: 23064091 | V59: มันแข็งติดหนัง TT | W59: 10 | X59: 10 | Y59: 10 | Z59: 10 | AA59: 0 | AB59: 0 | AC59: 0 | AD59: 0 | AE59: 10 | AF59: 10 | AI59: OPRCDCE17OPRCD00000OPRCDF213OPRCD00000OPRCD250 | AJ59: ซื้อ / ขาย | AK59: By proudct | AL59: Bulk Normal | AM59: สุกร | AN59: 837 ตลาดสด/ตลาดนัด(CPFM) | AO59: TT | AU59: 2026-05-12-10.24.00.000000 | AV59: ก.ก. | AW59: ก.ก. | AY59: 0 | AZ59: N | BA59: 31791230 | BD59: 0 | BG59: 1333314600 | BH59: G | BI59: 10 | BJ59: 10 | BK59: 1300 | BL59: TEERANUT.BOO
C60: 244688 | D60: 244688 | F60: CE17 | G60: TTCW3-ลพบุรี | H60: 0 | I60: หน่วยงานกลาง | J60: F213 DMCW-รชล-พระพุทธบาท | K60: 00000 หน่วยงานกลาง | L60: 250 | N60: 2000333258 | O60: นาง กฤษณา ชมภูผล | P60: 1 | Q60: กฤษณา ชมภูพล | R60: 244688 | S60: 244688 | T60: I69A54NI0033982 | U60: 23057688 | V60: กระดูกซุปTT | W60: 5 | X60: 5 | Y60: 5 | Z60: 5 | AA60: 0 | AB60: 0 | AC60: 0 | AD60: 0 | AE60: 5 | AF60: 5 | AI60: OPRCDCE17OPRCD00000OPRCDF213OPRCD00000OPRCD250 | AJ60: ซื้อ / ขาย | AK60: By proudct | AL60: Bulk Normal | AM60: สุกร | AN60: 837 ตลาดสด/ตลาดนัด(CPFM) | AO60: TT | AU60: 2026-05-12-10.24.00.000000 | AV60: ก.ก. | AW60: ก.ก. | AY60: 0 | AZ60: N | BA60: 31791230 | BD60: 0 | BG60: 1333314600 | BH60: G | BI60: 5 | BJ60: 5 | BK60: 1300 | BL60: TEERANUT.BOO
C61: 244688 | D61: 244688 | F61: CE17 | G61: TTCW3-ลพบุรี | H61: 0 | I61: หน่วยงานกลาง | J61: F213 DMCW-รชล-พระพุทธบาท | K61: 00000 หน่วยงานกลาง | L61: 250 | N61: 2000006547 | O61: นาง ปัญจ์ณภัคศร รุ่งรัชช์ฐณพร | P61: 1 | Q61: นาง ปัญจ์ณภัคศร รุ่งรัชช์ฐณพร | R61: 244688 | S61: 244688 | T61: I69A54NI0033989 | U61: 23015390 | V61: เลือดหมูสด | W61: 10 | X61: 10 | Y61: 10 | Z61: 10 | AA61: 0 | AB61: 0 | AC61: 0 | AD61: 0 | AE61: 10 | AF61: 10 | AI61: OPRCDCE17OPRCD00000OPRCDF213OPRCD00000OPRCD250 | AJ61: ซื้อ / ขาย | AK61: By proudct | AL61: Bulk Normal | AM61: สุกร | AN61: 01 ขายเงินสด (POS) | AO61: TT | AU61: 2026-05-12-10.34.03.000000 | AV61: ก.ก. | AW61: ก.ก. | AY61: 0 | AZ61: N | BA61: 31791946 | BD61: 0 | BG61: 1333314600 | BH61: G | BI61: 10 | BJ61: 10 | BK61: 1300 | BL61: TEERANUT.BOO
C62: 244688 | D62: 244688 | F62: CE17 | G62: TTCW3-ลพบุรี | H62: 0 | I62: หน่วยงานกลาง | J62: F213 DMCW-รชล-พระพุทธบาท | K62: 00000 หน่วยงานกลาง | L62: 250 | N62: 2000006547 | O62: นาง ปัญจ์ณภัคศร รุ่งรัชช์ฐณพร | P62: 1 | Q62: นาง ปัญจ์ณภัคศร รุ่งรัชช์ฐณพร | R62: 244688 | S62: 244688 | T62: I69A54NI0033990 | U62: 23000167 | V62: กระดูกขาเลาะ | W62: 200 | X62: 200 | Y62: 200 | Z62: 200 | AA62: 0 | AB62: 0 | AC62: 0 | AD62: 0 | AE62: 200 | AF62: 200 | AI62: OPRCDCE17OPRCD00000OPRCDF213OPRCD00000OPRCD250 | AJ62: ซื้อ / ขาย | AK62: By proudct | AL62: Bulk Normal | AM62: สุกร | AN62: 01 ขายเงินสด (POS) | AO62: TT | AU62: 2026-05-12-10.34.04.000000 | AV62: ก.ก. | AW62: ก.ก. | AY62: 0 | AZ62: N | BA62: 31791946 | BD62: 0 | BF62: ;Order from smart order. | BG62: 1333314600 | BH62: G | BI62: 200 | BJ62: 200 | BK62: 1300 | BL62: TEERANUT.BOO
C63: 244688 | D63: 244688 | F63: CE17 | G63: TTCW3-ลพบุรี | H63: 0 | I63: หน่วยงานกลาง | J63: F213 DMCW-รชล-พระพุทธบาท | K63: 00000 หน่วยงานกลาง | L63: 250 | N63: 2000386204 | O63: นาง ศิริพร มุกดารา | P63: 1 | Q63: นาง ศิริพร มุกดารา | R63: 244688 | S63: 244688 | T63: I69A54NI0033991 | U63: 23057673 | V63: สะโพกTT | W63: 9 | X63: 9 | Y63: 9 | Z63: 9 | AA63: 0 | AB63: 0 | AC63: 0 | AD63: 0 | AE63: 9 | AF63: 9 | AI63: OPRCDCE17OPRCD00000OPRCDF213OPRCD00000OPRCD250 | AJ63: ซื้อ / ขาย | AK63: Main proudct | AL63: Bulk Normal | AM63: สุกร | AN63: 837 ตลาดสด/ตลาดนัด(CPFM) | AO63: TT | AU63: 2026-05-12-10.34.56.000000 | AV63: ก.ก. | AW63: ก.ก. | AY63: 0 | AZ63: N | BA63: 31792016 | BD63: 0 | BG63: 1333314600 | BH63: G | BI63: 9 | BJ63: 9 | BL63: TEERANUT.BOO
C64: 244688 | D64: 244688 | F64: CE17 | G64: TTCW3-ลพบุรี | H64: 0 | I64: หน่วยงานกลาง | J64: F213 DMCW-รชล-พระพุทธบาท | K64: 00000 หน่วยงานกลาง | L64: 250 | N64: 2000386204 | O64: นาง ศิริพร มุกดารา | P64: 1 | Q64: นาง ศิริพร มุกดารา | R64: 244688 | S64: 244688 | T64: I69A54NI0033991 | U64: 23015390 | V64: เลือดหมูสด | W64: 4 | X64: 4 | Y64: 4 | Z64: 4 | AA64: 0 | AB64: 0 | AC64: 0 | AD64: 0 | AE64: 4 | AF64: 4 | AI64: OPRCDCE17OPRCD00000OPRCDF213OPRCD00000OPRCD250 | AJ64: ซื้อ / ขาย | AK64: By proudct | AL64: Bulk Normal | AM64: สุกร | AN64: 837 ตลาดสด/ตลาดนัด(CPFM) | AO64: TT | AU64: 2026-05-12-10.34.56.000000 | AV64: ก.ก. | AW64: ก.ก. | AY64: 0 | AZ64: N | BA64: 31792016 | BD64: 0 | BG64: 1333314600 | BH64: G | BI64: 4 | BJ64: 4 | BL64: TEERANUT.BOO
C65: 244688 | D65: 244688 | F65: CE17 | G65: TTCW3-ลพบุรี | H65: 0 | I65: หน่วยงานกลาง | J65: F213 DMCW-รชล-พระพุทธบาท | K65: 00000 หน่วยงานกลาง | L65: 250 | N65: 2000386204 | O65: นาง ศิริพร มุกดารา | P65: 1 | Q65: นาง ศิริพร มุกดารา | R65: 244688 | S65: 244688 | T65: I69A54NI0033991 | U65: 23057672 | V65: ไหล่TT | W65: 20 | X65: 20 | Y65: 20 | Z65: 20 | AA65: 0 | AB65: 0 | AC65: 0 | AD65: 0 | AE65: 20 | AF65: 20 | AI65: OPRCDCE17OPRCD00000OPRCDF213OPRCD00000OPRCD250 | AJ65: ซื้อ / ขาย | AK65: Main proudct | AL65: Bulk Normal | AM65: สุกร | AN65: 837 ตลาดสด/ตลาดนัด(CPFM) | AO65: TT | AU65: 2026-05-12-10.34.56.000000 | AV65: ก.ก. | AW65: ก.ก. | AY65: 0 | AZ65: N | BA65: 31792016 | BD65: 0 | BG65: 1333314600 | BH65: G | BI65: 20 | BJ65: 20 | BL65: TEERANUT.BOO
C66: 244688 | D66: 244688 | F66: CE17 | G66: TTCW3-ลพบุรี | H66: 0 | I66: หน่วยงานกลาง | J66: F213 DMCW-รชล-พระพุทธบาท | K66: 00000 หน่วยงานกลาง | L66: 250 | N66: 2000386204 | O66: นาง ศิริพร มุกดารา | P66: 1 | Q66: นาง ศิริพร มุกดารา | R66: 244688 | S66: 244688 | T66: I69A54NI0033991 | U66: 23057688 | V66: กระดูกซุปTT | W66: 5 | X66: 5 | Y66: 5 | Z66: 5 | AA66: 0 | AB66: 0 | AC66: 0 | AD66: 0 | AE66: 5 | AF66: 5 | AI66: OPRCDCE17OPRCD00000OPRCDF213OPRCD00000OPRCD250 | AJ66: ซื้อ / ขาย | AK66: By proudct | AL66: Bulk Normal | AM66: สุกร | AN66: 837 ตลาดสด/ตลาดนัด(CPFM) | AO66: TT | AU66: 2026-05-12-10.34.56.000000 | AV66: ก.ก. | AW66: ก.ก. | AY66: 0 | AZ66: N | BA66: 31792016 | BD66: 0 | BG66: 1333314600 | BH66: G | BI66: 5 | BJ66: 5 | BL66: TEERANUT.BOO
C67: 244688 | D67: 244688 | F67: CE17 | G67: TTCW3-ลพบุรี | H67: 0 | I67: หน่วยงานกลาง | J67: F213 DMCW-รชล-พระพุทธบาท | K67: 00000 หน่วยงานกลาง | L67: 250 | N67: 2000386204 | O67: นาง ศิริพร มุกดารา | P67: 1 | Q67: นาง ศิริพร มุกดารา | R67: 244688 | S67: 244688 | T67: I69A54NI0033991 | U67: 23057689 | V67: กระดูกข้อTT | W67: 5 | X67: 5 | Y67: 5 | Z67: 5 | AA67: 0 | AB67: 0 | AC67: 0 | AD67: 0 | AE67: 5 | AF67: 5 | AI67: OPRCDCE17OPRCD00000OPRCDF213OPRCD00000OPRCD250 | AJ67: ซื้อ / ขาย | AK67: By proudct | AL67: Bulk Normal | AM67: สุกร | AN67: 837 ตลาดสด/ตลาดนัด(CPFM) | AO67: TT | AU67: 2026-05-12-10.34.56.000000 | AV67: ก.ก. | AW67: ก.ก. | AY67: 0 | AZ67: N | BA67: 31792016 | BD67: 0 | BG67: 1333314600 | BH67: G | BI67: 5 | BJ67: 5 | BL67: TEERANUT.BOO
C68: 244688 | D68: 244688 | F68: CE17 | G68: TTCW3-ลพบุรี | H68: 0 | I68: หน่วยงานกลาง | J68: F213 DMCW-รชล-พระพุทธบาท | K68: 00000 หน่วยงานกลาง | L68: 250 | N68: 2000167201 | O68: นาง น้ำค้าง ลาภโชค | P68: 1 | Q68: นาง น้ำค้าง ลาภโชค | R68: 244688 | S68: 244688 | T68: I69A54NI0033992 | U68: 23015390 | V68: เลือดหมูสด | W68: 4 | X68: 4 | Y68: 4 | Z68: 4 | AA68: 0 | AB68: 0 | AC68: 0 | AD68: 0 | AE68: 4 | AF68: 4 | AI68: OPRCDCE17OPRCD00000OPRCDF213OPRCD00000OPRCD250 | AJ68: ซื้อ / ขาย | AK68: By proudct | AL68: Bulk Normal | AM68: สุกร | AN68: 01 ขายเงินสด (POS) | AO68: TT | AU68: 2026-05-12-10.35.49.000000 | AV68: ก.ก. | AW68: ก.ก. | AY68: 0 | AZ68: N | BA68: 31792083 | BD68: 0 | BG68: 1333314600 | BH68: G | BI68: 4 | BJ68: 4 | BK68: 1300 | BL68: TEERANUT.BOO
C69: 244688 | D69: 244688 | F69: CE17 | G69: TTCW3-ลพบุรี | H69: 0 | I69: หน่วยงานกลาง | J69: F213 DMCW-รชล-พระพุทธบาท | K69: 00000 หน่วยงานกลาง | L69: 250 | N69: 2000167201 | O69: นาง น้ำค้าง ลาภโชค | P69: 1 | Q69: นาง น้ำค้าง ลาภโชค | R69: 244688 | S69: 244688 | T69: I69A54NI0033992 | U69: 23057688 | V69: กระดูกซุปTT | W69: 10 | X69: 10 | Y69: 10 | Z69: 10 | AA69: 0 | AB69: 0 | AC69: 0 | AD69: 0 | AE69: 10 | AF69: 10 | AI69: OPRCDCE17OPRCD00000OPRCDF213OPRCD00000OPRCD250 | AJ69: ซื้อ / ขาย | AK69: By proudct | AL69: Bulk Normal | AM69: สุกร | AN69: 01 ขายเงินสด (POS) | AO69: TT | AU69: 2026-05-12-10.35.49.000000 | AV69: ก.ก. | AW69: ก.ก. | AY69: 0 | AZ69: N | BA69: 31792083 | BD69: 0 | BG69: 1333314600 | BH69: G | BI69: 10 | BJ69: 10 | BK69: 1300 | BL69: TEERANUT.BOO
C70: 244688 | D70: 244688 | F70: CE17 | G70: TTCW3-ลพบุรี | H70: 0 | I70: หน่วยงานกลาง | J70: F213 DMCW-รชล-พระพุทธบาท | K70: 00000 หน่วยงานกลาง | L70: 250 | N70: 2000167201 | O70: นาง น้ำค้าง ลาภโชค | P70: 1 | Q70: นาง น้ำค้าง ลาภโชค | R70: 244688 | S70: 244688 | T70: I69A54NI0033992 | U70: 23000191 | V70: ไส้อ่อน | W70: 4 | X70: 4 | Y70: 4 | Z70: 4 | AA70: 0 | AB70: 0 | AC70: 0 | AD70: 0 | AE70: 4 | AF70: 4 | AI70: OPRCDCE17OPRCD00000OPRCDF213OPRCD00000OPRCD250 | AJ70: ซื้อ / ขาย | AK70: By proudct | AL70: Bulk Normal | AM70: สุกร | AN70: 01 ขายเงินสด (POS) | AO70: TT | AU70: 2026-05-12-10.35.49.000000 | AV70: ก.ก. | AW70: ก.ก. | AY70: 0 | AZ70: N | BA70: 31792083 | BD70: 0 | BG70: 1333314600 | BH70: G | BI70: 4 | BJ70: 4 | BK70: 1300 | BL70: TEERANUT.BOO
C71: 244688 | D71: 244688 | F71: CE17 | G71: TTCW3-ลพบุรี | H71: 0 | I71: หน่วยงานกลาง | J71: F213 DMCW-รชล-พระพุทธบาท | K71: 00000 หน่วยงานกลาง | L71: 250 | N71: 2000167201 | O71: นาง น้ำค้าง ลาภโชค | P71: 1 | Q71: นาง น้ำค้าง ลาภโชค | R71: 244688 | S71: 244688 | T71: I69A54NI0033992 | U71: 23105855 | V71: สะโพกหมู B2B (Basic) | W71: 1 | X71: 10 | Y71: 1 | Z71: 10 | AA71: 0 | AB71: 0 | AC71: 0 | AD71: 0 | AE71: 1 | AF71: 10 | AI71: OPRCDCE17OPRCD00000OPRCDF213OPRCD00000OPRCD250 | AJ71: ซื้อ / ขาย | AK71: Main proudct | AL71: Bulk Normal | AM71: สุกร | AN71: 01 ขายเงินสด (POS) | AO71: TT | AU71: 2026-05-12-10.35.49.000000 | AV71: ถุง | AW71: ก.ก. | AY71: 0 | AZ71: N | BA71: 31792083 | BD71: 0 | BG71: 1333314600 | BH71: G | BI71: 1 | BJ71: 10 | BK71: 1300 | BL71: TEERANUT.BOO
C72: 244688 | D72: 244688 | F72: CE17 | G72: TTCW3-ลพบุรี | H72: 0 | I72: หน่วยงานกลาง | J72: F213 DMCW-รชล-พระพุทธบาท | K72: 00000 หน่วยงานกลาง | L72: 250 | N72: 2000167201 | O72: นาง น้ำค้าง ลาภโชค | P72: 1 | Q72: นาง น้ำค้าง ลาภโชค | R72: 244688 | S72: 244688 | T72: I69A54NI0033992 | U72: 23000167 | V72: กระดูกขาเลาะ | W72: 15 | X72: 15 | Y72: 15 | Z72: 15 | AA72: 0 | AB72: 0 | AC72: 0 | AD72: 0 | AE72: 15 | AF72: 15 | AI72: OPRCDCE17OPRCD00000OPRCDF213OPRCD00000OPRCD250 | AJ72: ซื้อ / ขาย | AK72: By proudct | AL72: Bulk Normal | AM72: สุกร | AN72: 01 ขายเงินสด (POS) | AO72: TT | AU72: 2026-05-12-10.35.49.000000 | AV72: ก.ก. | AW72: ก.ก. | AY72: 0 | AZ72: N | BA72: 31792083 | BD72: 0 | BG72: 1333314600 | BH72: G | BI72: 15 | BJ72: 15 | BK72: 1300 | BL72: TEERANUT.BOO
C73: 244688 | D73: 244688 | F73: CE17 | G73: TTCW3-ลพบุรี | H73: 0 | I73: หน่วยงานกลาง | J73: F213 DMCW-รชล-พระพุทธบาท | K73: 00000 หน่วยงานกลาง | L73: 250 | N73: 2000380411 | O73: นาย มีเดช บัวหอม | P73: 1 | Q73: นาย มีเดช บัวหอม | R73: 244688 | S73: 244688 | T73: I69A54NI0033993 | U73: 23057689 | V73: กระดูกข้อTT | W73: 5 | X73: 5 | Y73: 5 | Z73: 5 | AA73: 0 | AB73: 0 | AC73: 0 | AD73: 0 | AE73: 5 | AF73: 5 | AI73: OPRCDCE17OPRCD00000OPRCDF213OPRCD00000OPRCD250 | AJ73: ซื้อ / ขาย | AK73: By proudct | AL73: Bulk Normal | AM73: สุกร | AN73: 837 ตลาดสด/ตลาดนัด(CPFM) | AO73: TT | AU73: 2026-05-12-10.36.08.000000 | AV73: ก.ก. | AW73: ก.ก. | AY73: 0 | AZ73: N | BA73: 31792102 | BD73: 0 | BG73: 1333314600 | BH73: G | BI73: 5 | BJ73: 5 | BK73: 1300 | BL73: TEERANUT.BOO
C74: 244688 | D74: 244688 | F74: CE17 | G74: TTCW3-ลพบุรี | H74: 0 | I74: หน่วยงานกลาง | J74: F213 DMCW-รชล-พระพุทธบาท | K74: 00000 หน่วยงานกลาง | L74: 250 | N74: 2000380411 | O74: นาย มีเดช บัวหอม | P74: 1 | Q74: นาย มีเดช บัวหอม | R74: 244688 | S74: 244688 | T74: I69A54NI0033993 | U74: 23057688 | V74: กระดูกซุปTT | W74: 5 | X74: 5 | Y74: 5 | Z74: 5 | AA74: 0 | AB74: 0 | AC74: 0 | AD74: 0 | AE74: 5 | AF74: 5 | AI74: OPRCDCE17OPRCD00000OPRCDF213OPRCD00000OPRCD250 | AJ74: ซื้อ / ขาย | AK74: By proudct | AL74: Bulk Normal | AM74: สุกร | AN74: 837 ตลาดสด/ตลาดนัด(CPFM) | AO74: TT | AU74: 2026-05-12-10.36.08.000000 | AV74: ก.ก. | AW74: ก.ก. | AY74: 0 | AZ74: N | BA74: 31792102 | BD74: 0 | BG74: 1333314600 | BH74: G | BI74: 5 | BJ74: 5 | BK74: 1300 | BL74: TEERANUT.BOO
C75: 244688 | D75: 244688 | F75: CE17 | G75: TTCW3-ลพบุรี | H75: 0 | I75: หน่วยงานกลาง | J75: F213 DMCW-รชล-พระพุทธบาท | K75: 00000 หน่วยงานกลาง | L75: 250 | N75: 2000200943 | O75: นาง สุดารัตน์ พินแก้ง | P75: 1 | Q75: นาง สุดารัตน์ พินแก้ง | R75: 244688 | S75: 244688 | T75: I69A54NI0033994 | U75: 23106552 | V75: หมูชิ้นส่วน ไม่รวมหัวเครื่องใน (P) | W75: 2 | X75: 180 | Y75: 2 | Z75: 180 | AA75: 0 | AB75: 0 | AC75: 0 | AD75: 0 | AE75: 2 | AF75: 180 | AI75: OPRCDCE17OPRCD00000OPRCDF213OPRCD00000OPRCD250 | AJ75: ซื้อ / ขาย | AN75: 01 ขายเงินสด (POS) | AO75: TT | AU75: 2026-05-12-10.37.10.000000 | AV75: ตัว | AW75: ก.ก. | AY75: 0 | AZ75: N | BA75: 31792180 | BD75: 0 | BG75: 1333314600 | BH75: G | BI75: 2 | BJ75: 180 | BK75: 1300 | BL75: TEERANUT.BOO
C76: 244688 | D76: 244688 | F76: CE17 | G76: TTCW3-ลพบุรี | H76: 0 | I76: หน่วยงานกลาง | J76: F213 DMCW-รชล-พระพุทธบาท | K76: 00000 หน่วยงานกลาง | L76: 250 | N76: 2000200943 | O76: นาง สุดารัตน์ พินแก้ง | P76: 1 | Q76: นาง สุดารัตน์ พินแก้ง | R76: 244688 | S76: 244688 | T76: I69A54NI0033997 | U76: 23057688 | V76: กระดูกซุปTT | W76: 5 | X76: 5 | Y76: 5 | Z76: 5 | AA76: 0 | AB76: 0 | AC76: 0 | AD76: 0 | AE76: 5 | AF76: 5 | AI76: OPRCDCE17OPRCD00000OPRCDF213OPRCD00000OPRCD250 | AJ76: ซื้อ / ขาย | AK76: By proudct | AL76: Bulk Normal | AM76: สุกร | AN76: 01 ขายเงินสด (POS) | AO76: TT | AU76: 2026-05-12-10.39.45.000000 | AV76: ก.ก. | AW76: ก.ก. | AY76: 0 | AZ76: N | BA76: 31792380 | BD76: 0 | BG76: 1333314600 | BH76: G | BI76: 5 | BJ76: 5 | BK76: 1300 | BL76: TEERANUT.BOO
C77: 244688 | D77: 244688 | F77: CE17 | G77: TTCW3-ลพบุรี | H77: 0 | I77: หน่วยงานกลาง | J77: F213 DMCW-รชล-พระพุทธบาท | K77: 00000 หน่วยงานกลาง | L77: 250 | N77: 2000200943 | O77: นาง สุดารัตน์ พินแก้ง | P77: 1 | Q77: นาง สุดารัตน์ พินแก้ง | R77: 244688 | S77: 244688 | T77: I69A54NI0033997 | U77: 23105855 | V77: สะโพกหมู B2B (Basic) | W77: 2 | X77: 20 | Y77: 2 | Z77: 20 | AA77: 0 | AB77: 0 | AC77: 0 | AD77: 0 | AE77: 2 | AF77: 20 | AI77: OPRCDCE17OPRCD00000OPRCDF213OPRCD00000OPRCD250 | AJ77: ซื้อ / ขาย | AK77: Main proudct | AL77: Bulk Normal | AM77: สุกร | AN77: 01 ขายเงินสด (POS) | AO77: TT | AU77: 2026-05-12-10.39.45.000000 | AV77: ถุง | AW77: ก.ก. | AY77: 0 | AZ77: N | BA77: 31792380 | BD77: 0 | BG77: 1333314600 | BH77: G | BI77: 2 | BJ77: 20 | BK77: 1300 | BL77: TEERANUT.BOO
C78: 244688 | D78: 244688 | F78: CE17 | G78: TTCW3-ลพบุรี | H78: 0 | I78: หน่วยงานกลาง | J78: F213 DMCW-รชล-พระพุทธบาท | K78: 00000 หน่วยงานกลาง | L78: 250 | N78: 2000200943 | O78: นาง สุดารัตน์ พินแก้ง | P78: 1 | Q78: นาง สุดารัตน์ พินแก้ง | R78: 244688 | S78: 244688 | T78: I69A54NI0033997 | U78: 23057678 | V78: ซี่โครงแผ่นTT | W78: 5 | X78: 5 | Y78: 5 | Z78: 5 | AA78: 0 | AB78: 0 | AC78: 0 | AD78: 0 | AE78: 5 | AF78: 5 | AI78: OPRCDCE17OPRCD00000OPRCDF213OPRCD00000OPRCD250 | AJ78: ซื้อ / ขาย | AK78: Main proudct | AL78: Bulk Normal | AM78: สุกร | AN78: 01 ขายเงินสด (POS) | AO78: TT | AU78: 2026-05-12-10.39.45.000000 | AV78: ก.ก. | AW78: ก.ก. | AY78: 0 | AZ78: N | BA78: 31792380 | BD78: 0 | BG78: 1333314600 | BH78: G | BI78: 5 | BJ78: 5 | BK78: 1300 | BL78: TEERANUT.BOO
C79: 244688 | D79: 244688 | F79: CE17 | G79: TTCW3-ลพบุรี | H79: 0 | I79: หน่วยงานกลาง | J79: F213 DMCW-รชล-พระพุทธบาท | K79: 00000 หน่วยงานกลาง | L79: 250 | N79: 2000200943 | O79: นาง สุดารัตน์ พินแก้ง | P79: 1 | Q79: นาง สุดารัตน์ พินแก้ง | R79: 244688 | S79: 244688 | T79: I69A54NI0033997 | U79: 23014036 | V79: คากิเผา | W79: 10 | X79: 10 | Y79: 10 | Z79: 10 | AA79: 0 | AB79: 0 | AC79: 0 | AD79: 0 | AE79: 10 | AF79: 10 | AI79: OPRCDCE17OPRCD00000OPRCDF213OPRCD00000OPRCD250 | AJ79: ซื้อ / ขาย | AK79: By proudct | AL79: Bulk Normal | AM79: สุกร | AN79: 01 ขายเงินสด (POS) | AO79: TT | AU79: 2026-05-12-10.39.45.000000 | AV79: ก.ก. | AW79: ก.ก. | AY79: 0 | AZ79: N | BA79: 31792380 | BD79: 0 | BG79: 1333314600 | BH79: G | BI79: 10 | BJ79: 10 | BK79: 1300 | BL79: TEERANUT.BOO
C80: 244688 | D80: 244688 | F80: CE17 | G80: TTCW3-ลพบุรี | H80: 0 | I80: หน่วยงานกลาง | J80: F213 DMCW-รชล-พระพุทธบาท | K80: 00000 หน่วยงานกลาง | L80: 250 | N80: 2000200943 | O80: นาง สุดารัตน์ พินแก้ง | P80: 1 | Q80: นาง สุดารัตน์ พินแก้ง | R80: 244688 | S80: 244688 | T80: I69A54NI0033997 | U80: 23057697 | V80: ชิ้นมันคอTT | W80: 5 | X80: 5 | Y80: 5 | Z80: 5 | AA80: 0 | AB80: 0 | AC80: 0 | AD80: 0 | AE80: 5 | AF80: 5 | AI80: OPRCDCE17OPRCD00000OPRCDF213OPRCD00000OPRCD250 | AJ80: ซื้อ / ขาย | AK80: By proudct | AL80: Bulk Normal | AM80: สุกร | AN80: 01 ขายเงินสด (POS) | AO80: TT | AU80: 2026-05-12-10.39.45.000000 | AV80: ก.ก. | AW80: ก.ก. | AY80: 0 | AZ80: N | BA80: 31792380 | BD80: 0 | BG80: 1333314600 | BH80: G | BI80: 5 | BJ80: 5 | BK80: 1300 | BL80: TEERANUT.BOO
C81: 244688 | D81: 244688 | F81: CE17 | G81: TTCW3-ลพบุรี | H81: 0 | I81: หน่วยงานกลาง | J81: F213 DMCW-รชล-พระพุทธบาท | K81: 00000 หน่วยงานกลาง | L81: 250 | N81: 2000200943 | O81: นาง สุดารัตน์ พินแก้ง | P81: 1 | Q81: นาง สุดารัตน์ พินแก้ง | R81: 244688 | S81: 244688 | T81: I69A54NI0033997 | U81: 23015350 | V81: ไส้ใหญ่ | W81: 5 | X81: 5 | Y81: 5 | Z81: 5 | AA81: 0 | AB81: 0 | AC81: 0 | AD81: 0 | AE81: 5 | AF81: 5 | AI81: OPRCDCE17OPRCD00000OPRCDF213OPRCD00000OPRCD250 | AJ81: ซื้อ / ขาย | AK81: By proudct | AL81: Bulk Normal | AM81: สุกร | AN81: 01 ขายเงินสด (POS) | AO81: TT | AU81: 2026-05-12-10.39.45.000000 | AV81: ก.ก. | AW81: ก.ก. | AY81: 0 | AZ81: N | BA81: 31792380 | BD81: 0 | BG81: 1333314600 | BH81: G | BI81: 5 | BJ81: 5 | BK81: 1300 | BL81: TEERANUT.BOO
C82: 244688 | D82: 244688 | F82: CE17 | G82: TTCW3-ลพบุรี | H82: 0 | I82: หน่วยงานกลาง | J82: F213 DMCW-รชล-พระพุทธบาท | K82: 00000 หน่วยงานกลาง | L82: 250 | N82: 2000200943 | O82: นาง สุดารัตน์ พินแก้ง | P82: 1 | Q82: นาง สุดารัตน์ พินแก้ง | R82: 244688 | S82: 244688 | T82: I69A54NI0033997 | U82: 23015321 | V82: หัวติดลิ้น | W82: 2 | X82: 16 | Y82: 2 | Z82: 16 | AA82: 0 | AB82: 0 | AC82: 0 | AD82: 0 | AE82: 2 | AF82: 16 | AI82: OPRCDCE17OPRCD00000OPRCDF213OPRCD00000OPRCD250 | AJ82: ซื้อ / ขาย | AK82: By proudct | AL82: Bulk Normal | AM82: สุกร | AN82: 01 ขายเงินสด (POS) | AO82: TT | AU82: 2026-05-12-10.39.45.000000 | AV82: หัว | AW82: ก.ก. | AY82: 0 | AZ82: N | BA82: 31792380 | BD82: 0 | BG82: 1333314600 | BH82: G | BI82: 2 | BJ82: 16 | BK82: 1300 | BL82: TEERANUT.BOO
C83: 244688 | D83: 244688 | F83: CE17 | G83: TTCW3-ลพบุรี | H83: 0 | I83: หน่วยงานกลาง | J83: F213 DMCW-รชล-พระพุทธบาท | K83: 00000 หน่วยงานกลาง | L83: 250 | N83: 2000200943 | O83: นาง สุดารัตน์ พินแก้ง | P83: 1 | Q83: นาง สุดารัตน์ พินแก้ง | R83: 244688 | S83: 244688 | T83: I69A54NI0033997 | U83: 23000187 | V83: ปอด | W83: 6 | X83: 6 | Y83: 6 | Z83: 6 | AA83: 0 | AB83: 0 | AC83: 0 | AD83: 0 | AE83: 6 | AF83: 6 | AI83: OPRCDCE17OPRCD00000OPRCDF213OPRCD00000OPRCD250 | AJ83: ซื้อ / ขาย | AK83: By proudct | AL83: Bulk Normal | AM83: สุกร | AN83: 01 ขายเงินสด (POS) | AO83: TT | AU83: 2026-05-12-10.39.45.000000 | AV83: ก.ก. | AW83: ก.ก. | AY83: 0 | AZ83: N | BA83: 31792380 | BD83: 0 | BG83: 1333314600 | BH83: G | BI83: 6 | BJ83: 6 | BK83: 1300 | BL83: TEERANUT.BOO
C84: 244688 | D84: 244688 | F84: CE17 | G84: TTCW3-ลพบุรี | H84: 0 | I84: หน่วยงานกลาง | J84: F213 DMCW-รชล-พระพุทธบาท | K84: 00000 หน่วยงานกลาง | L84: 250 | N84: 2000200943 | O84: นาง สุดารัตน์ พินแก้ง | P84: 1 | Q84: นาง สุดารัตน์ พินแก้ง | R84: 244688 | S84: 244688 | T84: I69A54NI0033997 | U84: 23000188 | V84: ตับหมู | W84: 4 | X84: 4 | Y84: 4 | Z84: 4 | AA84: 0 | AB84: 0 | AC84: 0 | AD84: 0 | AE84: 4 | AF84: 4 | AI84: OPRCDCE17OPRCD00000OPRCDF213OPRCD00000OPRCD250 | AJ84: ซื้อ / ขาย | AK84: By proudct | AL84: Bulk Normal | AM84: สุกร | AN84: 01 ขายเงินสด (POS) | AO84: TT | AU84: 2026-05-12-10.39.45.000000 | AV84: ก.ก. | AW84: ก.ก. | AY84: 0 | AZ84: N | BA84: 31792380 | BD84: 0 | BG84: 1333314600 | BH84: G | BI84: 4 | BJ84: 4 | BK84: 1300 | BL84: TEERANUT.BOO
C85: 244688 | D85: 244688 | F85: CE17 | G85: TTCW3-ลพบุรี | H85: 0 | I85: หน่วยงานกลาง | J85: F213 DMCW-รชล-พระพุทธบาท | K85: 00000 หน่วยงานกลาง | L85: 250 | N85: 2000360422 | O85: นาง สีนวล มีคะชา | P85: 1 | Q85: นาง สีนวล มีคะชา | R85: 244688 | S85: 244688 | T85: I69A54NI0034000 | U85: 23067921 | V85: เศษมันติดหนังTT | W85: 20 | X85: 20 | Y85: 20 | Z85: 20 | AA85: 0 | AB85: 0 | AC85: 0 | AD85: 0 | AE85: 20 | AF85: 20 | AI85: OPRCDCE17OPRCD00000OPRCDF213OPRCD00000OPRCD250 | AJ85: ซื้อ / ขาย | AK85: By proudct | AL85: Bulk Normal | AM85: สุกร | AN85: 837 ตลาดสด/ตลาดนัด(CPFM) | AO85: TT | AU85: 2026-05-12-10.42.03.000000 | AV85: ก.ก. | AW85: ก.ก. | AY85: 0 | AZ85: N | BA85: 31792517 | BD85: 0 | BG85: 1333314600 | BH85: G | BI85: 20 | BJ85: 20 | BK85: 1300 | BL85: TEERANUT.BOO
C86: 244688 | D86: 244688 | F86: CE17 | G86: TTCW3-ลพบุรี | H86: 0 | I86: หน่วยงานกลาง | J86: F213 DMCW-รชล-พระพุทธบาท | K86: 00000 หน่วยงานกลาง | L86: 250 | N86: 2000360422 | O86: นาง สีนวล มีคะชา | P86: 1 | Q86: นาง สีนวล มีคะชา | R86: 244688 | S86: 244688 | T86: I69A54NI0034000 | U86: 23064091 | V86: มันแข็งติดหนัง TT | W86: 100 | X86: 100 | Y86: 100 | Z86: 100 | AA86: 0 | AB86: 0 | AC86: 0 | AD86: 0 | AE86: 100 | AF86: 100 | AI86: OPRCDCE17OPRCD00000OPRCDF213OPRCD00000OPRCD250 | AJ86: ซื้อ / ขาย | AK86: By proudct | AL86: Bulk Normal | AM86: สุกร | AN86: 837 ตลาดสด/ตลาดนัด(CPFM) | AO86: TT | AU86: 2026-05-12-10.42.03.000000 | AV86: ก.ก. | AW86: ก.ก. | AY86: 0 | AZ86: N | BA86: 31792517 | BD86: 0 | BG86: 1333314600 | BH86: G | BI86: 100 | BJ86: 100 | BK86: 1300 | BL86: TEERANUT.BOO
C87: 244688 | D87: 244688 | F87: CE17 | G87: TTCW3-ลพบุรี | H87: 0 | I87: หน่วยงานกลาง | J87: F213 DMCW-รชล-พระพุทธบาท | K87: 00000 หน่วยงานกลาง | L87: 250 | N87: 2000374221 | O87: นาง ขวัญเรือน นาวิกา | P87: 1 | Q87: นาง ขวัญเรือน นาวิกา | R87: 244688 | S87: 244688 | T87: I69A54NI0034001 | U87: 23000203 | V87: ชิ้นมันแข็ง | W87: 10 | X87: 10 | Y87: 10 | Z87: 10 | AA87: 0 | AB87: 0 | AC87: 0 | AD87: 0 | AE87: 10 | AF87: 10 | AI87: OPRCDCE17OPRCD00000OPRCDF213OPRCD00000OPRCD250 | AJ87: ซื้อ / ขาย | AK87: By proudct | AL87: Bulk Normal | AM87: สุกร | AN87: 837 ตลาดสด/ตลาดนัด(CPFM) | AO87: TT | AU87: 2026-05-12-10.43.00.000000 | AV87: ก.ก. | AW87: ก.ก. | AY87: 0 | AZ87: N | BA87: 31792583 | BD87: 0 | BG87: 1333314600 | BH87: G | BI87: 10 | BJ87: 10 | BK87: 1300 | BL87: TEERANUT.BOO
C88: 244688 | D88: 244688 | F88: CE17 | G88: TTCW3-ลพบุรี | H88: 0 | I88: หน่วยงานกลาง | J88: F213 DMCW-รชล-พระพุทธบาท | K88: 00000 หน่วยงานกลาง | L88: 250 | N88: 2000391898 | O88: นาง ชยุตา เจริญสุข | P88: 1 | Q88: นาง ชยุตา เจริญสุข | R88: 244688 | S88: 244688 | T88: I69A54NI0034007 | U88: 23057688 | V88: กระดูกซุปTT | W88: 15 | X88: 15 | Y88: 15 | Z88: 15 | AA88: 0 | AB88: 0 | AC88: 0 | AD88: 0 | AE88: 15 | AF88: 15 | AI88: OPRCDCE17OPRCD00000OPRCDF213OPRCD00000OPRCD250 | AJ88: ซื้อ / ขาย | AK88: By proudct | AL88: Bulk Normal | AM88: สุกร | AN88: 837 ตลาดสด/ตลาดนัด(CPFM) | AO88: TT | AU88: 2026-05-12-10.47.06.000000 | AV88: ก.ก. | AW88: ก.ก. | AY88: 0 | AZ88: N | BA88: 31792869 | BD88: 0 | BG88: 1333314600 | BH88: G | BI88: 15 | BJ88: 15 | BL88: TEERANUT.BOO
C89: 244688 | D89: 244688 | F89: CE17 | G89: TTCW3-ลพบุรี | H89: 0 | I89: หน่วยงานกลาง | J89: F213 DMCW-รชล-พระพุทธบาท | K89: 00000 หน่วยงานกลาง | L89: 250 | N89: 2000387537 | O89: นาง โยษิตา สงฆ์เจริญ | P89: 1 | Q89: นาง โยษิตา สงฆ์เจริญ | R89: 244688 | S89: 244688 | T89: I69A54NI0034008 | U89: 23000181 | V89: ไส้ขม | W89: 24 | X89: 24 | Y89: 24 | Z89: 24 | AA89: 0 | AB89: 0 | AC89: 0 | AD89: 0 | AE89: 24 | AF89: 24 | AI89: OPRCDCE17OPRCD00000OPRCDF213OPRCD00000OPRCD250 | AJ89: ซื้อ / ขาย | AK89: By proudct | AL89: Bulk Normal | AM89: สุกร | AN89: 837 ตลาดสด/ตลาดนัด(CPFM) | AO89: TT | AU89: 2026-05-12-10.48.02.000000 | AV89: ก.ก. | AW89: ก.ก. | AY89: 0 | AZ89: N | BA89: 31792934 | BD89: 0 | BG89: 1333314600 | BH89: G | BI89: 24 | BJ89: 24 | BL89: TEERANUT.BOO
C90: 244688 | D90: 244688 | F90: CE17 | G90: TTCW3-ลพบุรี | H90: 0 | I90: หน่วยงานกลาง | J90: F213 DMCW-รชล-พระพุทธบาท | K90: 00000 หน่วยงานกลาง | L90: 250 | N90: 2000367921 | O90: นาย อนุรักษ์ เสมือนโพธิ์ | P90: 2 | Q90: อนุรักษ์ เสมือนโพธิ์ | R90: 244688 | S90: 244688 | T90: I69A54NI0034009 | U90: 23064091 | V90: มันแข็งติดหนัง TT | W90: 25 | X90: 25 | Y90: 25 | Z90: 25 | AA90: 0 | AB90: 0 | AC90: 0 | AD90: 0 | AE90: 25 | AF90: 25 | AI90: OPRCDCE17OPRCD00000OPRCDF213OPRCD00000OPRCD250 | AJ90: ซื้อ / ขาย | AK90: By proudct | AL90: Bulk Normal | AM90: สุกร | AN90: 837 ตลาดสด/ตลาดนัด(CPFM) | AO90: TT | AU90: 2026-05-12-10.49.39.000000 | AV90: ก.ก. | AW90: ก.ก. | AY90: 0 | AZ90: N | BA90: 31793085 | BD90: 0 | BG90: 1333314600 | BH90: G | BI90: 25 | BJ90: 25 | BK90: 1300 | BL90: TEERANUT.BOO
C91: 244688 | D91: 244688 | F91: CE17 | G91: TTCW3-ลพบุรี | H91: 0 | I91: หน่วยงานกลาง | J91: F213 DMCW-รชล-พระพุทธบาท | K91: 00000 หน่วยงานกลาง | L91: 250 | N91: 2000367921 | O91: นาย อนุรักษ์ เสมือนโพธิ์ | P91: 2 | Q91: อนุรักษ์ เสมือนโพธิ์ | R91: 244688 | S91: 244688 | T91: I69A54NI0034009 | U91: 23000181 | V91: ไส้ขม | W91: 30 | X91: 30 | Y91: 30 | Z91: 30 | AA91: 0 | AB91: 0 | AC91: 0 | AD91: 0 | AE91: 30 | AF91: 30 | AI91: OPRCDCE17OPRCD00000OPRCDF213OPRCD00000OPRCD250 | AJ91: ซื้อ / ขาย | AK91: By proudct | AL91: Bulk Normal | AM91: สุกร | AN91: 837 ตลาดสด/ตลาดนัด(CPFM) | AO91: TT | AU91: 2026-05-12-10.49.39.000000 | AV91: ก.ก. | AW91: ก.ก. | AY91: 0 | AZ91: N | BA91: 31793085 | BD91: 0 | BG91: 1333314600 | BH91: G | BI91: 30 | BJ91: 30 | BK91: 1300 | BL91: TEERANUT.BOO
C92: 244688 | D92: 244688 | F92: CE17 | G92: TTCW3-ลพบุรี | H92: 0 | I92: หน่วยงานกลาง | J92: F213 DMCW-รชล-พระพุทธบาท | K92: 00000 หน่วยงานกลาง | L92: 250 | N92: 2000154513 | O92: นาง ภาวิดา อิ่มใจ | P92: 1 | Q92: นาง ภาวิดา อิ่มใจ | R92: 244688 | S92: 244688 | T92: I69A54NI0034012 | U92: 23067920 | V92: เลือดก้อนTT | W92: 4 | X92: 4 | Y92: 4 | Z92: 4 | AA92: 0 | AB92: 0 | AC92: 0 | AD92: 0 | AE92: 4 | AF92: 4 | AI92: OPRCDCE17OPRCD00000OPRCDF213OPRCD00000OPRCD250 | AJ92: ซื้อ / ขาย | AN92: TT2003 ค้าส่งและมีแผงในตลาดสด | AO92: TT | AP92: 20 | AQ92: 3 | AU92: 2026-05-12-10.54.36.000000 | AV92: ก้อน | AW92: ก้อน | AY92: 0 | AZ92: N | BA92: 31793454 | BD92: 0 | BG92: 1333314600 | BH92: G | BI92: 4 | BJ92: 4 | BK92: 1300 | BL92: TEERANUT.BOO
C93: 244688 | D93: 244688 | F93: CE17 | G93: TTCW3-ลพบุรี | H93: 0 | I93: หน่วยงานกลาง | J93: F213 DMCW-รชล-พระพุทธบาท | K93: 00000 หน่วยงานกลาง | L93: 250 | N93: 2000154513 | O93: นาง ภาวิดา อิ่มใจ | P93: 1 | Q93: นาง ภาวิดา อิ่มใจ | R93: 244688 | S93: 244688 | T93: I69A54NI0034012 | U93: 23078867 | V93: เศษสามชั้นสไลด์ | W93: 5 | X93: 5 | Y93: 5 | Z93: 5 | AA93: 0 | AB93: 0 | AC93: 0 | AD93: 0 | AE93: 5 | AF93: 5 | AI93: OPRCDCE17OPRCD00000OPRCDF213OPRCD00000OPRCD250 | AJ93: ซื้อ / ขาย | AK93: Main proudct | AL93: Bulk Normal | AM93: สุกร | AN93: TT2003 ค้าส่งและมีแผงในตลาดสด | AO93: TT | AP93: 20 | AQ93: 3 | AU93: 2026-05-12-10.54.36.000000 | AV93: ก.ก. | AW93: ก.ก. | AY93: 0 | AZ93: N | BA93: 31793454 | BD93: 0 | BG93: 1333314600 | BH93: G | BI93: 5 | BJ93: 5 | BK93: 1300 | BL93: TEERANUT.BOO
C94: 244688 | D94: 244688 | F94: CE17 | G94: TTCW3-ลพบุรี | H94: 0 | I94: หน่วยงานกลาง | J94: F213 DMCW-รชล-พระพุทธบาท | K94: 00000 หน่วยงานกลาง | L94: 250 | N94: 2000154513 | O94: นาง ภาวิดา อิ่มใจ | P94: 1 | Q94: นาง ภาวิดา อิ่มใจ | R94: 244688 | S94: 244688 | T94: I69A54NI0034012 | U94: 23000167 | V94: กระดูกขาเลาะ | W94: 5 | X94: 5 | Y94: 5 | Z94: 5 | AA94: 0 | AB94: 0 | AC94: 0 | AD94: 0 | AE94: 5 | AF94: 5 | AI94: OPRCDCE17OPRCD00000OPRCDF213OPRCD00000OPRCD250 | AJ94: ซื้อ / ขาย | AK94: By proudct | AL94: Bulk Normal | AM94: สุกร | AN94: TT2003 ค้าส่งและมีแผงในตลาดสด | AO94: TT | AP94: 20 | AQ94: 3 | AU94: 2026-05-12-10.54.36.000000 | AV94: ก.ก. | AW94: ก.ก. | AY94: 0 | AZ94: N | BA94: 31793454 | BD94: 0 | BG94: 1333314600 | BH94: G | BI94: 5 | BJ94: 5 | BK94: 1300 | BL94: TEERANUT.BOO
C95: 244688 | D95: 244688 | F95: CE17 | G95: TTCW3-ลพบุรี | H95: 0 | I95: หน่วยงานกลาง | J95: F213 DMCW-รชล-พระพุทธบาท | K95: 00000 หน่วยงานกลาง | L95: 250 | N95: 2000154513 | O95: นาง ภาวิดา อิ่มใจ | P95: 1 | Q95: นาง ภาวิดา อิ่มใจ | R95: 244688 | S95: 244688 | T95: I69A54NI0034012 | U95: 23057688 | V95: กระดูกซุปTT | W95: 10 | X95: 10 | Y95: 10 | Z95: 10 | AA95: 0 | AB95: 0 | AC95: 0 | AD95: 0 | AE95: 10 | AF95: 10 | AI95: OPRCDCE17OPRCD00000OPRCDF213OPRCD00000OPRCD250 | AJ95: ซื้อ / ขาย | AK95: By proudct | AL95: Bulk Normal | AM95: สุกร | AN95: TT2003 ค้าส่งและมีแผงในตลาดสด | AO95: TT | AP95: 20 | AQ95: 3 | AU95: 2026-05-12-10.54.36.000000 | AV95: ก.ก. | AW95: ก.ก. | AY95: 0 | AZ95: N | BA95: 31793454 | BD95: 0 | BG95: 1333314600 | BH95: G | BI95: 10 | BJ95: 10 | BK95: 1300 | BL95: TEERANUT.BOO
C96: 244688 | D96: 244688 | F96: CE17 | G96: TTCW3-ลพบุรี | H96: 0 | I96: หน่วยงานกลาง | J96: F213 DMCW-รชล-พระพุทธบาท | K96: 00000 หน่วยงานกลาง | L96: 250 | N96: 2000392017 | O96: นางสาว วรัญญา ขาวช่วง | P96: 1 | Q96: นางสาว วรัญญา ขาวช่วง | R96: 244688 | S96: 244688 | T96: I69A54NI0034015 | U96: 23075363 | V96: มันท้อง (Freeze) | W96: 40 | X96: 40 | Y96: 40 | Z96: 40 | AA96: 0 | AB96: 0 | AC96: 0 | AD96: 0 | AE96: 40 | AF96: 40 | AI96: OPRCDCE17OPRCD00000OPRCDF213OPRCD00000OPRCD250 | AJ96: ซื้อ / ขาย | AN96: 837 ตลาดสด/ตลาดนัด(CPFM) | AO96: TT | AU96: 2026-05-12-10.56.12.000000 | AV96: ก.ก. | AW96: ก.ก. | AY96: 0 | AZ96: N | BA96: 31793598 | BD96: 0 | BG96: 1333314600 | BH96: G | BI96: 40 | BJ96: 40 | BK96: 1300 | BL96: TEERANUT.BOO
C97: 244688 | D97: 244688 | F97: CE17 | G97: TTCW3-ลพบุรี | H97: 0 | I97: หน่วยงานกลาง | J97: F213 DMCW-รชล-พระพุทธบาท | K97: 00000 หน่วยงานกลาง | L97: 250 | N97: 2000392017 | O97: นางสาว วรัญญา ขาวช่วง | P97: 1 | Q97: นางสาว วรัญญา ขาวช่วง | R97: 244688 | S97: 244688 | T97: I69A54NI0034016 | U97: 23000167 | V97: กระดูกขาเลาะ | W97: 40 | X97: 40 | Y97: 40 | Z97: 40 | AA97: 0 | AB97: 0 | AC97: 0 | AD97: 0 | AE97: 40 | AF97: 40 | AI97: OPRCDCE17OPRCD00000OPRCDF213OPRCD00000OPRCD250 | AJ97: ซื้อ / ขาย | AK97: By proudct | AL97: Bulk Normal | AM97: สุกร | AN97: 837 ตลาดสด/ตลาดนัด(CPFM) | AO97: TT | AU97: 2026-05-12-10.56.13.000000 | AV97: ก.ก. | AW97: ก.ก. | AY97: 0 | AZ97: N | BA97: 31793598 | BD97: 0 | BF97: ;Order from smart order. | BG97: 1333314600 | BH97: G | BI97: 40 | BJ97: 40 | BK97: 1300 | BL97: TEERANUT.BOO
C98: 244688 | D98: 244688 | F98: CE17 | G98: TTCW3-ลพบุรี | H98: 0 | I98: หน่วยงานกลาง | J98: F213 DMCW-รชล-พระพุทธบาท | K98: 00000 หน่วยงานกลาง | L98: 250 | N98: 2000392017 | O98: นางสาว วรัญญา ขาวช่วง | P98: 1 | Q98: นางสาว วรัญญา ขาวช่วง | R98: 244688 | S98: 244688 | T98: I69A54NI0034016 | U98: 23015350 | V98: ไส้ใหญ่ | W98: 50 | X98: 50 | Y98: 50 | Z98: 50 | AA98: 0 | AB98: 0 | AC98: 0 | AD98: 0 | AE98: 50 | AF98: 50 | AI98: OPRCDCE17OPRCD00000OPRCDF213OPRCD00000OPRCD250 | AJ98: ซื้อ / ขาย | AK98: By proudct | AL98: Bulk Normal | AM98: สุกร | AN98: 837 ตลาดสด/ตลาดนัด(CPFM) | AO98: TT | AU98: 2026-05-12-10.56.13.000000 | AV98: ก.ก. | AW98: ก.ก. | AY98: 0 | AZ98: N | BA98: 31793598 | BD98: 0 | BF98: ;Order from smart order. | BG98: 1333314600 | BH98: G | BI98: 50 | BJ98: 50 | BK98: 1300 | BL98: TEERANUT.BOO
C99: 244688 | D99: 244688 | F99: CE17 | G99: TTCW3-ลพบุรี | H99: 0 | I99: หน่วยงานกลาง | J99: F213 DMCW-รชล-พระพุทธบาท | K99: 00000 หน่วยงานกลาง | L99: 250 | N99: 2000392017 | O99: นางสาว วรัญญา ขาวช่วง | P99: 1 | Q99: นางสาว วรัญญา ขาวช่วง | R99: 244688 | S99: 244688 | T99: I69A54NI0034016 | U99: 23057689 | V99: กระดูกข้อTT | W99: 60 | X99: 60 | Y99: 60 | Z99: 60 | AA99: 0 | AB99: 0 | AC99: 0 | AD99: 0 | AE99: 60 | AF99: 60 | AI99: OPRCDCE17OPRCD00000OPRCDF213OPRCD00000OPRCD250 | AJ99: ซื้อ / ขาย | AK99: By proudct | AL99: Bulk Normal | AM99: สุกร | AN99: 837 ตลาดสด/ตลาดนัด(CPFM) | AO99: TT | AU99: 2026-05-12-10.56.13.000000 | AV99: ก.ก. | AW99: ก.ก. | AY99: 0 | AZ99: N | BA99: 31793598 | BD99: 0 | BF99: ;Order from smart order. | BG99: 1333314600 | BH99: G | BI99: 60 | BJ99: 60 | BK99: 1300 | BL99: TEERANUT.BOO
C100: 244688 | D100: 244688 | F100: CE17 | G100: TTCW3-ลพบุรี | H100: 0 | I100: หน่วยงานกลาง | J100: F213 DMCW-รชล-พระพุทธบาท | K100: 00000 หน่วยงานกลาง | L100: 250 | N100: 2000392017 | O100: นางสาว วรัญญา ขาวช่วง | P100: 1 | Q100: นางสาว วรัญญา ขาวช่วง | R100: 244688 | S100: 244688 | T100: I69A54NI0034016 | U100: 23000203 | V100: ชิ้นมันแข็ง | W100: 30 | X100: 30 | Y100: 30 | Z100: 30 | AA100: 0 | AB100: 0 | AC100: 0 | AD100: 0 | AE100: 30 | AF100: 30 | AI100: OPRCDCE17OPRCD00000OPRCDF213OPRCD00000OPRCD250 | AJ100: ซื้อ / ขาย | AK100: By proudct | AL100: Bulk Normal | AM100: สุกร | AN100: 837 ตลาดสด/ตลาดนัด(CPFM) | AO100: TT | AU100: 2026-05-12-10.56.13.000000 | AV100: ก.ก. | AW100: ก.ก. | AY100: 0 | AZ100: N | BA100: 31793598 | BD100: 0 | BF100: ;Order from smart order. | BG100: 1333314600 | BH100: G | BI100: 30 | BJ100: 30 | BK100: 1300 | BL100: TEERANUT.BOO
C101: 244688 | D101: 244688 | F101: CE17 | G101: TTCW3-ลพบุรี | H101: 0 | I101: หน่วยงานกลาง | J101: F213 DMCW-รชล-พระพุทธบาท | K101: 00000 หน่วยงานกลาง | L101: 250 | N101: 2000418120 | O101: นาย กิติศักดิ์ กาญจนะวสิต | P101: 1 | Q101: นาย กิติศักดิ์ กาญจนะวสิต | R101: 244688 | S101: 244688 | T101: I69A54NI0034019 | U101: 23057691 | V101: มันเปลวTT | W101: 200 | X101: 200 | Y101: 200 | Z101: 200 | AA101: 0 | AB101: 0 | AC101: 0 | AD101: 0 | AE101: 200 | AF101: 200 | AI101: OPRCDCE17OPRCD00000OPRCDF213OPRCD00000OPRCD250 | AJ101: ซื้อ / ขาย | AK101: By proudct | AL101: Bulk Normal | AM101: สุกร | AN101: 837 ตลาดสด/ตลาดนัด(CPFM) | AO101: TT | AU101: 2026-05-12-10.58.49.000000 | AV101: ก.ก. | AW101: ก.ก. | AY101: 0 | AZ101: N | BA101: 31793823 | BD101: 0 | BG101: 1333314600 | BH101: G | BI101: 200 | BJ101: 200 | BL101: TEERANUT.BOO
C102: 244688 | D102: 244688 | F102: CE17 | G102: TTCW3-ลพบุรี | H102: 0 | I102: หน่วยงานกลาง | J102: F213 DMCW-รชล-พระพุทธบาท | K102: 00000 หน่วยงานกลาง | L102: 250 | N102: 2000418120 | O102: นาย กิติศักดิ์ กาญจนะวสิต | P102: 1 | Q102: นาย กิติศักดิ์ กาญจนะวสิต | R102: 244688 | S102: 244688 | T102: I69A54NI0034019 | U102: 23105854 | V102: ไหล่หมู B2B (Basic) | W102: 20 | X102: 110 | Y102: 20 | Z102: 110 | AA102: 0 | AB102: 0 | AC102: 0 | AD102: 0 | AE102: 20 | AF102: 110 | AI102: OPRCDCE17OPRCD00000OPRCDF213OPRCD00000OPRCD250 | AJ102: ซื้อ / ขาย | AK102: Main proudct | AL102: Bulk Normal | AM102: สุกร | AN102: 837 ตลาดสด/ตลาดนัด(CPFM) | AO102: TT | AU102: 2026-05-12-10.58.49.000000 | AV102: ถุง | AW102: ก.ก. | AY102: 0 | AZ102: N | BA102: 31793823 | BD102: 0 | BG102: 1333314600 | BH102: G | BI102: 20 | BJ102: 110 | BL102: TEERANUT.BOO
...

Sheet LOTUS 11.00

Sheet LOTUS 12.00

Sheet LOTUS 13.00
A1: บมจ. ซีพีเอฟ โกลบอล ฟู้ด โซลูชั่น
A2: rDate1 | B2: rDate2 | C2: rRDate1 | D2: rRDate2 | E2: rRDate3 | F2: rOper_code | G2: rOper_name | H2: rSub_oper | I2: rSub_name | J2: rWarehouse | K2: rSub_warehouse | L2: rBst_code | M2: rBst_name | N2: rCv_code | O2: rCv_name | P2: rShip_to | Q2: rShip_name | R2: rDoc_date | S2: rReq_date | T2: rDoc_number | U2: rProduct_code | V2: rProduct_name | W2: rStock_qty | X2: rStock_wgt | Y2: rPlan_qty | Z2: rPlan_wgt | AA2: rDiff_stock_qty_plan | AB2: rDiff_stock_wgt_plan | AC2: rAllocate_stock_qty | AD2: rAllocate_stock_wgt | AE2: rDiff_stock_qty | AF2: rDiff_stock_wgt | AG2: rPlan_byquota_qty | AH2: rPlan_byquota_wgt | AI2: rBreak | AJ2: rEntry_type | AK2: rProduct_group_code1 | AL2: rProduct_group_code2 | AM2: rProduct_group_dim1 | AN2: rCv_channel | AO2: rCV_FLAG1 | AP2: rCV_FLAG2 | AQ2: rCV_FLAG3 | AR2: rCV_FLAG4 | AS2: rCV_FLAG5 | AT2: rOwner_so | AU2: rCreate_date_so | AV2: rUm_stock_qty | AW2: rUm_stock_wgt | AX2: rArea | AY2: nShow_area | AZ2: rModel | BA2: rPO_no | BB2: rDO_no | BC2: rINV_no | BD2: rDoc_issue | BE2: rPlant_code | BF2: rAllocate_remark | BG2: rVendor_code | BH2: rStatus | BI2: rStock_qty_pur | BJ2: rStock_wgt_pur | BK2: rCut_off_time | BL2: rOwner_create | BM2: rCo_load | BN2: rLicense_plate
C3: 244482 | D3: 244482 | F3: 489 | G3: Modern Trade | H3: 23 | I3: MT Term 30-2 | J3: F213 DMCW-รชล-พระพุทธบาท | K3: 00000 หน่วยงานกลาง | L3: 923 | N3: 1A532857L0 | O3: บมจ. ซีพี แอ็กซ์ตร้า ลำนารายณ์ (5188) | P3: 1 | Q3: ลำนารายณ์ (5188) | R3: 244480 | S3: 244482 | T3: H6954RLG0901153 | U3: 23025552 | V3: หมูบดอนามัยซีพี 500 กรัม | W3: 1 | X3: 0.5 | Y3: 1 | Z3: 0.5 | AA3: 0 | AB3: 0 | AC3: 0 | AD3: 0 | AE3: 1 | AF3: 0.5 | AI3: OPRCD0489OPRCD00023OPRCDF213OPRCD00000OPRCD923 | AJ3: ซื้อ / ขาย | AK3: Main proudct | AL3: CP Brand(ซอง) | AM3: สุกร | AN3: MT1001 HYPER-Lotus | AO3: MT | AP3: 10 | AQ3: 1 | AT3: System Batch | AU3: 2026-05-11-09.40.55.000000 | AV3: แพ็ค | AW3: ก.ก. | AY3: 0 | AZ3: N | BA3: 1196840851148 | BD3: 1 | BF3: ;Delivery S | BG3: 1333314600 | BH3: G | BI3: 1 | BJ3: 0.5 | BL3: INTERFACE
C4: 244482 | D4: 244482 | F4: 489 | G4: Modern Trade | H4: 23 | I4: MT Term 30-2 | J4: F213 DMCW-รชล-พระพุทธบาท | K4: 00000 หน่วยงานกลาง | L4: 923 | N4: 1A532857L0 | O4: บมจ. ซีพี แอ็กซ์ตร้า ลำนารายณ์ (5188) | P4: 1 | Q4: ลำนารายณ์ (5188) | R4: 244480 | S4: 244482 | T4: H6954RLG0901153 | U4: 23026834 | V4: สันคอหมูสไลซ์อนามัยซีพี 1000 กรัม | W4: 5 | X4: 5 | Y4: 5 | Z4: 5 | AA4: 0 | AB4: 0 | AC4: 0 | AD4: 0 | AE4: 5 | AF4: 5 | AI4: OPRCD0489OPRCD00023OPRCDF213OPRCD00000OPRCD923 | AJ4: ซื้อ / ขาย | AK4: Main proudct | AL4: CP Brand(ซอง) | AM4: สุกร | AN4: MT1001 HYPER-Lotus | AO4: MT | AP4: 10 | AQ4: 1 | AT4: System Batch | AU4: 2026-05-11-09.40.55.000000 | AV4: แพ็ค | AW4: ก.ก. | AY4: 0 | AZ4: N | BA4: 1196840851148 | BD4: 1 | BF4: ;Delivery S | BG4: 1333314600 | BH4: G | BI4: 5 | BJ4: 5 | BL4: INTERFACE
C5: 244482 | D5: 244482 | F5: 489 | G5: Modern Trade | H5: 23 | I5: MT Term 30-2 | J5: F213 DMCW-รชล-พระพุทธบาท | K5: 00000 หน่วยงานกลาง | L5: 923 | N5: 1A532857L0 | O5: บมจ. ซีพี แอ็กซ์ตร้า ลำนารายณ์ (5188) | P5: 1 | Q5: ลำนารายณ์ (5188) | R5: 244480 | S5: 244482 | T5: H6954RLG0901153 | U5: 23028092 | V5: หมูสามชั้นสไลซ์อนามัยซีพี 500 กรัม | W5: 1 | X5: 0.5 | Y5: 1 | Z5: 0.5 | AA5: 0 | AB5: 0 | AC5: 0 | AD5: 0 | AE5: 1 | AF5: 0.5 | AI5: OPRCD0489OPRCD00023OPRCDF213OPRCD00000OPRCD923 | AJ5: ซื้อ / ขาย | AK5: Main proudct | AL5: CP Brand(ซอง) | AM5: สุกร | AN5: MT1001 HYPER-Lotus | AO5: MT | AP5: 10 | AQ5: 1 | AT5: System Batch | AU5: 2026-05-11-09.40.55.000000 | AV5: แพ็ค | AW5: ก.ก. | AY5: 0 | AZ5: N | BA5: 1196840851148 | BD5: 1 | BF5: ;Delivery S | BG5: 1333314600 | BH5: G | BI5: 1 | BJ5: 0.5 | BL5: INTERFACE
C6: 244482 | D6: 244482 | F6: 489 | G6: Modern Trade | H6: 23 | I6: MT Term 30-2 | J6: F213 DMCW-รชล-พระพุทธบาท | K6: 00000 หน่วยงานกลาง | L6: 923 | N6: 1A530181L0 | O6: บมจ. ซีพี แอ็กซ์ตร้า สระบุรี (5005) | P6: 1 | Q6: LOTUS สระบุรี (5005) | R6: 244480 | S6: 244482 | T6: H6954RLG0901180 | U6: 23028088 | V6: สันคอหมูสไลซ์อนามัยซีพี 500 กรัม | W6: 3 | X6: 1.5 | Y6: 3 | Z6: 1.5 | AA6: 0 | AB6: 0 | AC6: 0 | AD6: 0 | AE6: 3 | AF6: 1.5 | AI6: OPRCD0489OPRCD00023OPRCDF213OPRCD00000OPRCD923 | AJ6: ซื้อ / ขาย | AK6: Main proudct | AL6: CP Brand(ซอง) | AM6: สุกร | AN6: MT1001 HYPER-Lotus | AO6: MT | AP6: 10 | AQ6: 1 | AT6: System Batch | AU6: 2026-05-11-09.40.55.000000 | AV6: แพ็ค | AW6: ก.ก. | AY6: 0 | AZ6: N | BA6: 1196840854124 | BD6: 1 | BF6: ;Delivery S | BG6: 1333314600 | BH6: G | BI6: 3 | BJ6: 1.5 | BK6: 1300 | BL6: INTERFACE
C7: 244482 | D7: 244482 | F7: 489 | G7: Modern Trade | H7: 23 | I7: MT Term 30-2 | J7: F213 DMCW-รชล-พระพุทธบาท | K7: 00000 หน่วยงานกลาง | L7: 923 | N7: 1A530181L0 | O7: บมจ. ซีพี แอ็กซ์ตร้า สระบุรี (5005) | P7: 1 | Q7: LOTUS สระบุรี (5005) | R7: 244480 | S7: 244482 | T7: H6954RLG0901180 | U7: 23109359 | V7: หมูชีวาบด (ตรา ยูฟาร์ม) 400 กรัม | W7: 12 | X7: 4.8 | Y7: 12 | Z7: 4.8 | AA7: 0 | AB7: 0 | AC7: 0 | AD7: 0 | AE7: 12 | AF7: 4.8 | AI7: OPRCD0489OPRCD00023OPRCDF213OPRCD00000OPRCD923 | AJ7: ซื้อ / ขาย | AK7: Main proudct | AL7: Seal Pack | AM7: สุกร | AN7: MT1001 HYPER-Lotus | AO7: MT | AP7: 10 | AQ7: 1 | AT7: System Batch | AU7: 2026-05-11-09.40.55.000000 | AV7: แพ็ค | AW7: ก.ก. | AY7: 0 | AZ7: N | BA7: 1196840854124 | BD7: 1 | BF7: ;Delivery S | BG7: 1333314600 | BH7: G | BI7: 12 | BJ7: 4.8 | BK7: 1300 | BL7: INTERFACE
C8: 244482 | D8: 244482 | F8: 489 | G8: Modern Trade | H8: 23 | I8: MT Term 30-2 | J8: F213 DMCW-รชล-พระพุทธบาท | K8: 00000 หน่วยงานกลาง | L8: 923 | N8: 1A530181L0 | O8: บมจ. ซีพี แอ็กซ์ตร้า สระบุรี (5005) | P8: 1 | Q8: LOTUS สระบุรี (5005) | R8: 244480 | S8: 244482 | T8: H6954RLG0901180 | U8: 23109353 | V8: สันคอหมูชีวาสไลซ์(ตรา ยูฟาร์ม) 250 กรัม | W8: 8 | X8: 2 | Y8: 8 | Z8: 2 | AA8: 0 | AB8: 0 | AC8: 0 | AD8: 0 | AE8: 8 | AF8: 2 | AI8: OPRCD0489OPRCD00023OPRCDF213OPRCD00000OPRCD923 | AJ8: ซื้อ / ขาย | AK8: Main proudct | AL8: Seal Pack | AM8: สุกร | AN8: MT1001 HYPER-Lotus | AO8: MT | AP8: 10 | AQ8: 1 | AT8: System Batch | AU8: 2026-05-11-09.40.55.000000 | AV8: แพ็ค | AW8: ก.ก. | AY8: 0 | AZ8: N | BA8: 1196840854124 | BD8: 1 | BF8: ;Delivery S | BG8: 1333314600 | BH8: G | BI8: 8 | BJ8: 2 | BK8: 1300 | BL8: INTERFACE
C9: 244482 | D9: 244482 | F9: 489 | G9: Modern Trade | H9: 23 | I9: MT Term 30-2 | J9: F213 DMCW-รชล-พระพุทธบาท | K9: 00000 หน่วยงานกลาง | L9: 923 | N9: 1A530181L0 | O9: บมจ. ซีพี แอ็กซ์ตร้า สระบุรี (5005) | P9: 1 | Q9: LOTUS สระบุรี (5005) | R9: 244480 | S9: 244482 | T9: H6954RLG0901180 | U9: 23025552 | V9: หมูบดอนามัยซีพี 500 กรัม | W9: 3 | X9: 1.5 | Y9: 3 | Z9: 1.5 | AA9: 0 | AB9: 0 | AC9: 0 | AD9: 0 | AE9: 3 | AF9: 1.5 | AI9: OPRCD0489OPRCD00023OPRCDF213OPRCD00000OPRCD923 | AJ9: ซื้อ / ขาย | AK9: Main proudct | AL9: CP Brand(ซอง) | AM9: สุกร | AN9: MT1001 HYPER-Lotus | AO9: MT | AP9: 10 | AQ9: 1 | AT9: System Batch | AU9: 2026-05-11-09.40.55.000000 | AV9: แพ็ค | AW9: ก.ก. | AY9: 0 | AZ9: N | BA9: 1196840854124 | BD9: 1 | BF9: ;Delivery S | BG9: 1333314600 | BH9: G | BI9: 3 | BJ9: 1.5 | BK9: 1300 | BL9: INTERFACE
C10: 244482 | D10: 244482 | F10: 489 | G10: Modern Trade | H10: 23 | I10: MT Term 30-2 | J10: F213 DMCW-รชล-พระพุทธบาท | K10: 00000 หน่วยงานกลาง | L10: 923 | N10: 1A530181L0 | O10: บมจ. ซีพี แอ็กซ์ตร้า สระบุรี (5005) | P10: 1 | Q10: LOTUS สระบุรี (5005) | R10: 244480 | S10: 244482 | T10: H6954RLG0901180 | U10: 23109351 | V10: สามชั้นหมูชีวาสไลซ์(ตรา ยูฟาร์ม)250 กรัม | W10: 4 | X10: 1 | Y10: 4 | Z10: 1 | AA10: 0 | AB10: 0 | AC10: 0 | AD10: 0 | AE10: 4 | AF10: 1 | AI10: OPRCD0489OPRCD00023OPRCDF213OPRCD00000OPRCD923 | AJ10: ซื้อ / ขาย | AK10: Main proudct | AL10: Seal Pack | AM10: สุกร | AN10: MT1001 HYPER-Lotus | AO10: MT | AP10: 10 | AQ10: 1 | AT10: System Batch | AU10: 2026-05-11-09.40.55.000000 | AV10: แพ็ค | AW10: ก.ก. | AY10: 0 | AZ10: N | BA10: 1196840854124 | BD10: 1 | BF10: ;Delivery S | BG10: 1333314600 | BH10: G | BI10: 4 | BJ10: 1 | BK10: 1300 | BL10: INTERFACE
C11: 244482 | D11: 244482 | F11: 489 | G11: Modern Trade | H11: 23 | I11: MT Term 30-2 | J11: F213 DMCW-รชล-พระพุทธบาท | K11: 00000 หน่วยงานกลาง | L11: 923 | N11: 1A530181L0 | O11: บมจ. ซีพี แอ็กซ์ตร้า สระบุรี (5005) | P11: 1 | Q11: LOTUS สระบุรี (5005) | R11: 244480 | S11: 244482 | T11: H6954RLG0901180 | U11: 23109352 | V11: สันนอกหมูชีวาสไลซ์(ตรา ยูฟาร์ม) 250 กรัม | W11: 8 | X11: 2 | Y11: 8 | Z11: 2 | AA11: 0 | AB11: 0 | AC11: 0 | AD11: 0 | AE11: 8 | AF11: 2 | AI11: OPRCD0489OPRCD00023OPRCDF213OPRCD00000OPRCD923 | AJ11: ซื้อ / ขาย | AK11: Main proudct | AL11: Seal Pack | AM11: สุกร | AN11: MT1001 HYPER-Lotus | AO11: MT | AP11: 10 | AQ11: 1 | AT11: System Batch | AU11: 2026-05-11-09.40.55.000000 | AV11: แพ็ค | AW11: ก.ก. | AY11: 0 | AZ11: N | BA11: 1196840854124 | BD11: 1 | BF11: ;Delivery S | BG11: 1333314600 | BH11: G | BI11: 8 | BJ11: 2 | BK11: 1300 | BL11: INTERFACE
C12: 244482 | D12: 244482 | F12: 489 | G12: Modern Trade | H12: 23 | I12: MT Term 30-2 | J12: F213 DMCW-รชล-พระพุทธบาท | K12: 00000 หน่วยงานกลาง | L12: 923 | N12: 1A530181L0 | O12: บมจ. ซีพี แอ็กซ์ตร้า สระบุรี (5005) | P12: 1 | Q12: LOTUS สระบุรี (5005) | R12: 244480 | S12: 244482 | T12: H6954RLG0901180 | U12: 23028092 | V12: หมูสามชั้นสไลซ์อนามัยซีพี 500 กรัม | W12: 3 | X12: 1.5 | Y12: 3 | Z12: 1.5 | AA12: 0 | AB12: 0 | AC12: 0 | AD12: 0 | AE12: 3 | AF12: 1.5 | AI12: OPRCD0489OPRCD00023OPRCDF213OPRCD00000OPRCD923 | AJ12: ซื้อ / ขาย | AK12: Main proudct | AL12: CP Brand(ซอง) | AM12: สุกร | AN12: MT1001 HYPER-Lotus | AO12: MT | AP12: 10 | AQ12: 1 | AT12: System Batch | AU12: 2026-05-11-09.40.55.000000 | AV12: แพ็ค | AW12: ก.ก. | AY12: 0 | AZ12: N | BA12: 1196840854124 | BD12: 1 | BF12: ;Delivery S | BG12: 1333314600 | BH12: G | BI12: 3 | BJ12: 1.5 | BK12: 1300 | BL12: INTERFACE
C13: 244482 | D13: 244482 | F13: 489 | G13: Modern Trade | H13: 23 | I13: MT Term 30-2 | J13: F213 DMCW-รชล-พระพุทธบาท | K13: 00000 หน่วยงานกลาง | L13: 923 | N13: 1A530181L0 | O13: บมจ. ซีพี แอ็กซ์ตร้า สระบุรี (5005) | P13: 1 | Q13: LOTUS สระบุรี (5005) | R13: 244480 | S13: 244482 | T13: H6954RLG0901180 | U13: 23028090 | V13: สันนอกหมูสไลซ์อนามัยซีพี 500 กรัม | W13: 2 | X13: 1 | Y13: 2 | Z13: 1 | AA13: 0 | AB13: 0 | AC13: 0 | AD13: 0 | AE13: 2 | AF13: 1 | AI13: OPRCD0489OPRCD00023OPRCDF213OPRCD00000OPRCD923 | AJ13: ซื้อ / ขาย | AK13: Main proudct | AL13: CP Brand(ซอง) | AM13: สุกร | AN13: MT1001 HYPER-Lotus | AO13: MT | AP13: 10 | AQ13: 1 | AT13: System Batch | AU13: 2026-05-11-09.40.55.000000 | AV13: แพ็ค | AW13: ก.ก. | AY13: 0 | AZ13: N | BA13: 1196840854124 | BD13: 1 | BF13: ;Delivery S | BG13: 1333314600 | BH13: G | BI13: 2 | BJ13: 1 | BK13: 1300 | BL13: INTERFACE
C14: 244482 | D14: 244482 | F14: 489 | G14: Modern Trade | H14: 23 | I14: MT Term 30-2 | J14: F213 DMCW-รชล-พระพุทธบาท | K14: 00000 หน่วยงานกลาง | L14: 923 | N14: 1A532209L0 | O14: บมจ. ซีพี แอ็กซ์ตร้า คงธรรม (4044) | P14: 1 | Q14: LOTUS คงธรรม (4044) | R14: 244481 | S14: 244482 | T14: H6954RLG0909048 | U14: 23000186 | V14: ขั้วตับหมู | W14: 2 | X14: 2 | Y14: 2 | Z14: 2 | AA14: 0 | AB14: 0 | AC14: 0 | AD14: 0 | AE14: 2 | AF14: 2 | AI14: OPRCD0489OPRCD00023OPRCDF213OPRCD00000OPRCD923 | AJ14: ซื้อ / ขาย | AK14: By proudct | AL14: Bulk Normal | AM14: สุกร | AN14: MT1001 HYPER-Lotus | AO14: MT | AP14: 10 | AQ14: 1 | AT14: System Batch | AU14: 2026-05-12-09.40.40.000000 | AV14: ก.ก. | AW14: ก.ก. | AY14: 0 | AZ14: N | BA14: 1179740873360 | BD14: 1 | BF14: ;Delivery S | BG14: 1333314600 | BH14: G | BI14: 2 | BJ14: 2 | BK14: 1300 | BL14: INTERFACE
C15: 244482 | D15: 244482 | F15: 489 | G15: Modern Trade | H15: 23 | I15: MT Term 30-2 | J15: F213 DMCW-รชล-พระพุทธบาท | K15: 00000 หน่วยงานกลาง | L15: 923 | N15: 1A530439L0 | O15: บมจ. ซีพี แอ็กซ์ตร้า ลพบุรี อินน์ (5057) | P15: 1 | Q15: LOTUS ลพบุรี อินน์ (5057) | R15: 244481 | S15: 244482 | T15: H6954RLG0909049 | U15: 23000191 | V15: ไส้อ่อน | W15: 2 | X15: 2 | Y15: 2 | Z15: 2 | AA15: 0 | AB15: 0 | AC15: 0 | AD15: 0 | AE15: 2 | AF15: 2 | AI15: OPRCD0489OPRCD00023OPRCDF213OPRCD00000OPRCD923 | AJ15: ซื้อ / ขาย | AK15: By proudct | AL15: Bulk Normal | AM15: สุกร | AN15: MT1001 HYPER-Lotus | AO15: MT | AP15: 10 | AQ15: 1 | AT15: System Batch | AU15: 2026-05-12-09.40.40.000000 | AV15: ก.ก. | AW15: ก.ก. | AY15: 0 | AZ15: N | BA15: 1179740877377 | BD15: 1 | BF15: ;Delivery S | BG15: 1333314600 | BH15: G | BI15: 2 | BJ15: 2 | BK15: 1300 | BL15: INTERFACE
C16: 244482 | D16: 244482 | F16: 489 | G16: Modern Trade | H16: 23 | I16: MT Term 30-2 | J16: F213 DMCW-รชล-พระพุทธบาท | K16: 00000 หน่วยงานกลาง | L16: 923 | N16: 1A530439L0 | O16: บมจ. ซีพี แอ็กซ์ตร้า ลพบุรี อินน์ (5057) | P16: 1 | Q16: LOTUS ลพบุรี อินน์ (5057) | R16: 244481 | S16: 244482 | T16: H6954RLG0909049 | U16: 23000188 | V16: ตับหมู | W16: 2 | X16: 2 | Y16: 2 | Z16: 2 | AA16: 0 | AB16: 0 | AC16: 0 | AD16: 0 | AE16: 2 | AF16: 2 | AI16: OPRCD0489OPRCD00023OPRCDF213OPRCD00000OPRCD923 | AJ16: ซื้อ / ขาย | AK16: By proudct | AL16: Bulk Normal | AM16: สุกร | AN16: MT1001 HYPER-Lotus | AO16: MT | AP16: 10 | AQ16: 1 | AT16: System Batch | AU16: 2026-05-12-09.40.40.000000 | AV16: ก.ก. | AW16: ก.ก. | AY16: 0 | AZ16: N | BA16: 1179740877377 | BD16: 1 | BF16: ;Delivery S | BG16: 1333314600 | BH16: G | BI16: 2 | BJ16: 2 | BK16: 1300 | BL16: INTERFACE
C17: 244482 | D17: 244482 | F17: 489 | G17: Modern Trade | H17: 23 | I17: MT Term 30-2 | J17: F213 DMCW-รชล-พระพุทธบาท | K17: 00000 หน่วยงานกลาง | L17: 923 | N17: 1A530491L0 | O17: บมจ. ซีพี แอ็กซ์ตร้า อุตสาหกรรมวังน้อย (1613) | P17: 1 | Q17: LOTUS อุตสาหกรรมวังน้อย (1613) | R17: 244481 | S17: 244482 | T17: H6954RLG0914051 | U17: 23086968 | V17: สามชั้นตัดเส้น SIS กก.ละ | W17: 6 | X17: 6 | Y17: 6 | Z17: 6 | AA17: 0 | AB17: 0 | AC17: 0 | AD17: 0 | AE17: 6 | AF17: 6 | AI17: OPRCD0489OPRCD00023OPRCDF213OPRCD00000OPRCD923 | AJ17: ซื้อ / ขาย | AK17: Main proudct | AL17: Bulk Normal | AM17: สุกร | AN17: MT1001 HYPER-Lotus | AO17: MT | AP17: 10 | AQ17: 1 | AT17: System Batch | AU17: 2026-05-12-12.11.25.000000 | AV17: ก.ก. | AW17: ก.ก. | AY17: 0 | AZ17: N | BA17: 1179740890338 | BD17: 1 | BF17: ;INCLUDE_We | BG17: 1333314600 | BH17: G | BI17: 6 | BJ17: 6 | BK17: 1300 | BL17: INTERFACE
... C42: 244482 | D42: 244482 | F42: 489 | G42: Modern Trade | H42: 23 | I42: MT Term 30-2 | J42: F213 DMCW-รชล-พระพุทธบาท | K42: 00000 หน่วยงานกลาง | L42: 923 | N42: 1A530811L0 | O42: บมจ. ซีพี แอ็กซ์ตร้า โคกสำโรง (1937) | P42: 1 | Q42: LOTUS โคกสำโรง (1937) | R42: 244481 | S42: 244482 | T42: H6954RLG0914054 | U42: 23090975 | V42: สามชั้นสไลซ์ SIS กก.ละ | W42: 3 | X42: 3 | Y42: 3 | Z42: 3 | AA42: 0 | AB42: 0 | AC42: 0 | AD42: 0 | AE42: 3 | AF42: 3 | AI42: OPRCD0489OPRCD00023OPRCDF213OPRCD00000OPRCD923 | AJ42: ซื้อ / ขาย | AK42: Main proudct | AL42: Bulk Normal | AM42: สุกร | AN42: MT1001 HYPER-Lotus | AO42: MT | AP42: 10 | AQ42: 1 | AT42: System Batch | AU42: 2026-05-12-12.11.25.000000 | AV42: ก.ก. | AW42: ก.ก. | AY42: 0 | AZ42: N | BA42: 1179740890350 | BD42: 1 | BF42: ;INCLUDE_We | BG42: 1333314600 | BH42: G | BI42: 3 | BJ42: 3 | BK42: 1300 | BL42: INTERFACE
C43: 244482 | D43: 244482 | F43: 489 | G43: Modern Trade | H43: 23 | I43: MT Term 30-2 | J43: F213 DMCW-รชล-พระพุทธบาท | K43: 00000 หน่วยงานกลาง | L43: 923 | N43: 1A531845L0 | O43: บมจ. ซีพี แอ็กซ์ตร้า พีเอ็มที โรจนะ (3095) | P43: 1 | Q43: LOTUS พีเอ็มที โรจนะ (3095) | R43: 244481 | S43: 244482 | T43: H6954RLG0914058 | U43: 23039556 | V43: หมูบดปนมัน 30 % | W43: 1 | X43: 5 | Y43: 1 | Z43: 5 | AA43: 0 | AB43: 0 | AC43: 0 | AD43: 0 | AE43: 1 | AF43: 5 | AI43: OPRCD0489OPRCD00023OPRCDF213OPRCD00000OPRCD923 | AJ43: ซื้อ / ขาย | AK43: Main proudct | AL43: Bulk Normal | AM43: สุกร | AN43: MT1001 HYPER-Lotus | AO43: MT | AP43: 10 | AQ43: 1 | AT43: System Batch | AU43: 2026-05-12-12.11.25.000000 | AV43: ถุง | AW43: ก.ก. | AY43: 0 | AZ43: N | BA43: 1179740890381 | BD43: 1 | BF43: ;INCLUDE_We | BG43: 1333314600 | BH43: G | BI43: 1 | BJ43: 5 | BL43: INTERFACE
C44: 244482 | D44: 244482 | F44: 489 | G44: Modern Trade | H44: 23 | I44: MT Term 30-2 | J44: F213 DMCW-รชล-พระพุทธบาท | K44: 00000 หน่วยงานกลาง | L44: 923 | N44: 1A531845L0 | O44: บมจ. ซีพี แอ็กซ์ตร้า พีเอ็มที โรจนะ (3095) | P44: 1 | Q44: LOTUS พีเอ็มที โรจนะ (3095) | R44: 244481 | S44: 244482 | T44: H6954RLG0914058 | U44: 23090967 | V44: กระดูกซุป SIS กก.ละ | W44: 3 | X44: 3 | Y44: 3 | Z44: 3 | AA44: 0 | AB44: 0 | AC44: 0 | AD44: 0 | AE44: 3 | AF44: 3 | AI44: OPRCD0489OPRCD00023OPRCDF213OPRCD00000OPRCD923 | AJ44: ซื้อ / ขาย | AK44: By proudct | AL44: Bulk Normal | AM44: สุกร | AN44: MT1001 HYPER-Lotus | AO44: MT | AP44: 10 | AQ44: 1 | AT44: System Batch | AU44: 2026-05-12-12.11.25.000000 | AV44: ก.ก. | AW44: ก.ก. | AY44: 0 | AZ44: N | BA44: 1179740890381 | BD44: 1 | BF44: ;INCLUDE_We | BG44: 1333314600 | BH44: G | BI44: 3 | BJ44: 3 | BL44: INTERFACE
C45: 244482 | D45: 244482 | F45: 489 | G45: Modern Trade | H45: 23 | I45: MT Term 30-2 | J45: F213 DMCW-รชล-พระพุทธบาท | K45: 00000 หน่วยงานกลาง | L45: 923 | N45: 1A531845L0 | O45: บมจ. ซีพี แอ็กซ์ตร้า พีเอ็มที โรจนะ (3095) | P45: 1 | Q45: LOTUS พีเอ็มที โรจนะ (3095) | R45: 244481 | S45: 244482 | T45: H6954RLG0914058 | U45: 23086968 | V45: สามชั้นตัดเส้น SIS กก.ละ | W45: 3 | X45: 3 | Y45: 3 | Z45: 3 | AA45: 0 | AB45: 0 | AC45: 0 | AD45: 0 | AE45: 3 | AF45: 3 | AI45: OPRCD0489OPRCD00023OPRCDF213OPRCD00000OPRCD923 | AJ45: ซื้อ / ขาย | AK45: Main proudct | AL45: Bulk Normal | AM45: สุกร | AN45: MT1001 HYPER-Lotus | AO45: MT | AP45: 10 | AQ45: 1 | AT45: System Batch | AU45: 2026-05-12-12.11.25.000000 | AV45: ก.ก. | AW45: ก.ก. | AY45: 0 | AZ45: N | BA45: 1179740890381 | BD45: 1 | BF45: ;INCLUDE_We | BG45: 1333314600 | BH45: G | BI45: 3 | BJ45: 3 | BL45: INTERFACE
C46: 244482 | D46: 244482 | F46: 489 | G46: Modern Trade | H46: 23 | I46: MT Term 30-2 | J46: F213 DMCW-รชล-พระพุทธบาท | K46: 00000 หน่วยงานกลาง | L46: 923 | N46: 1A531845L0 | O46: บมจ. ซีพี แอ็กซ์ตร้า พีเอ็มที โรจนะ (3095) | P46: 1 | Q46: LOTUS พีเอ็มที โรจนะ (3095) | R46: 244481 | S46: 244482 | T46: H6954RLG0914058 | U46: 23095547 | V46: เนื้อหมูหั่นชิ้น (SIS) กก. ละ | W46: 3 | X46: 3 | Y46: 3 | Z46: 3 | AA46: 0 | AB46: 0 | AC46: 0 | AD46: 0 | AE46: 3 | AF46: 3 | AI46: OPRCD0489OPRCD00023OPRCDF213OPRCD00000OPRCD923 | AJ46: ซื้อ / ขาย | AK46: Main proudct | AL46: Bulk Normal | AM46: สุกร | AN46: MT1001 HYPER-Lotus | AO46: MT | AP46: 10 | AQ46: 1 | AT46: System Batch | AU46: 2026-05-12-12.11.25.000000 | AV46: ก.ก. | AW46: ก.ก. | AY46: 0 | AZ46: N | BA46: 1179740890381 | BD46: 1 | BF46: ;INCLUDE_We | BG46: 1333314600 | BH46: G | BI46: 3 | BJ46: 3 | BL46: INTERFACE
C47: 244482 | D47: 244482 | F47: 489 | G47: Modern Trade | H47: 23 | I47: MT Term 30-2 | J47: F213 DMCW-รชล-พระพุทธบาท | K47: 00000 หน่วยงานกลาง | L47: 923 | N47: 1A531845L0 | O47: บมจ. ซีพี แอ็กซ์ตร้า พีเอ็มที โรจนะ (3095) | P47: 1 | Q47: LOTUS พีเอ็มที โรจนะ (3095) | R47: 244481 | S47: 244482 | T47: H6954RLG0914058 | U47: 23086969 | V47: ซี่โครงแข็งตัดเส้น 2 นิ้ว SIS กก.ละ | W47: 3 | X47: 3 | Y47: 3 | Z47: 3 | AA47: 0 | AB47: 0 | AC47: 0 | AD47: 0 | AE47: 3 | AF47: 3 | AI47: OPRCD0489OPRCD00023OPRCDF213OPRCD00000OPRCD923 | AJ47: ซื้อ / ขาย | AK47: Main proudct | AL47: Bulk Normal | AM47: สุกร | AN47: MT1001 HYPER-Lotus | AO47: MT | AP47: 10 | AQ47: 1 | AT47: System Batch | AU47: 2026-05-12-12.11.25.000000 | AV47: ก.ก. | AW47: ก.ก. | AY47: 0 | AZ47: N | BA47: 1179740890381 | BD47: 1 | BF47: ;INCLUDE_We | BG47: 1333314600 | BH47: G | BI47: 3 | BJ47: 3 | BL47: INTERFACE
C48: 244482 | D48: 244482 | F48: 489 | G48: Modern Trade | H48: 23 | I48: MT Term 30-2 | J48: F213 DMCW-รชล-พระพุทธบาท | K48: 00000 หน่วยงานกลาง | L48: 923 | N48: 1A531845L0 | O48: บมจ. ซีพี แอ็กซ์ตร้า พีเอ็มที โรจนะ (3095) | P48: 1 | Q48: LOTUS พีเอ็มที โรจนะ (3095) | R48: 244481 | S48: 244482 | T48: H6954RLG0914058 | U48: 23086963 | V48: เนื้อแดงแต่งตัดชิ้น SIS กก.ละ | W48: 3 | X48: 3 | Y48: 3 | Z48: 3 | AA48: 0 | AB48: 0 | AC48: 0 | AD48: 0 | AE48: 3 | AF48: 3 | AI48: OPRCD0489OPRCD00023OPRCDF213OPRCD00000OPRCD923 | AJ48: ซื้อ / ขาย | AK48: Main proudct | AL48: Bulk Normal | AM48: สุกร | AN48: MT1001 HYPER-Lotus | AO48: MT | AP48: 10 | AQ48: 1 | AT48: System Batch | AU48: 2026-05-12-12.11.25.000000 | AV48: ก.ก. | AW48: ก.ก. | AY48: 0 | AZ48: N | BA48: 1179740890381 | BD48: 1 | BF48: ;INCLUDE_We | BG48: 1333314600 | BH48: G | BI48: 3 | BJ48: 3 | BL48: INTERFACE
C49: 244482 | D49: 244482 | F49: 489 | G49: Modern Trade | H49: 23 | I49: MT Term 30-2 | J49: F213 DMCW-รชล-พระพุทธบาท | K49: 00000 หน่วยงานกลาง | L49: 923 | N49: 1A531845L0 | O49: บมจ. ซีพี แอ็กซ์ตร้า พีเอ็มที โรจนะ (3095) | P49: 1 | Q49: LOTUS พีเอ็มที โรจนะ (3095) | R49: 244481 | S49: 244482 | T49: H6954RLG0914058 | U49: 23090975 | V49: สามชั้นสไลซ์ SIS กก.ละ | W49: 3 | X49: 3 | Y49: 3 | Z49: 3 | AA49: 0 | AB49: 0 | AC49: 0 | AD49: 0 | AE49: 3 | AF49: 3 | AI49: OPRCD0489OPRCD00023OPRCDF213OPRCD00000OPRCD923 | AJ49: ซื้อ / ขาย | AK49: Main proudct | AL49: Bulk Normal | AM49: สุกร | AN49: MT1001 HYPER-Lotus | AO49: MT | AP49: 10 | AQ49: 1 | AT49: System Batch | AU49: 2026-05-12-12.11.25.000000 | AV49: ก.ก. | AW49: ก.ก. | AY49: 0 | AZ49: N | BA49: 1179740890381 | BD49: 1 | BF49: ;INCLUDE_We | BG49: 1333314600 | BH49: G | BI49: 3 | BJ49: 3 | BL49: INTERFACE
C50: 244482 | D50: 244482 | F50: 489 | G50: Modern Trade | H50: 23 | I50: MT Term 30-2 | J50: F213 DMCW-รชล-พระพุทธบาท | K50: 00000 หน่วยงานกลาง | L50: 923 | N50: 1A531896L0 | O50: บมจ. ซีพี แอ็กซ์ตร้า ตลาดคลองถม (3148) | P50: 1 | Q50: LOTUS ตลาดคลองถม (3148) | R50: 244481 | S50: 244482 | T50: H6954RLG0914059 | U50: 23095553 | V50: กระดูกอ่อนใบพาย (SIS) กก. ละ | W50: 3 | X50: 3 | Y50: 3 | Z50: 3 | AA50: 0 | AB50: 0 | AC50: 0 | AD50: 0 | AE50: 3 | AF50: 3 | AI50: OPRCD0489OPRCD00023OPRCDF213OPRCD00000OPRCD923 | AJ50: ซื้อ / ขาย | AK50: By proudct | AL50: Bulk Normal | AM50: สุกร | AN50: MT1001 HYPER-Lotus | AO50: MT | AP50: 10 | AQ50: 1 | AT50: System Batch | AU50: 2026-05-12-12.11.25.000000 | AV50: ก.ก. | AW50: ก.ก. | AY50: 0 | AZ50: N | BA50: 1179740890384 | BD50: 1 | BF50: ;INCLUDE_We | BG50: 1333314600 | BH50: G | BI50: 3 | BJ50: 3 | BK50: 1300 | BL50: INTERFACE
C51: 244482 | D51: 244482 | F51: 489 | G51: Modern Trade | H51: 23 | I51: MT Term 30-2 | J51: F213 DMCW-รชล-พระพุทธบาท | K51: 00000 หน่วยงานกลาง | L51: 923 | N51: 1A531896L0 | O51: บมจ. ซีพี แอ็กซ์ตร้า ตลาดคลองถม (3148) | P51: 1 | Q51: LOTUS ตลาดคลองถม (3148) | R51: 244481 | S51: 244482 | T51: H6954RLG0914059 | U51: 23086963 | V51: เนื้อแดงแต่งตัดชิ้น SIS กก.ละ | W51: 3 | X51: 3 | Y51: 3 | Z51: 3 | AA51: 0 | AB51: 0 | AC51: 0 | AD51: 0 | AE51: 3 | AF51: 3 | AI51: OPRCD0489OPRCD00023OPRCDF213OPRCD00000OPRCD923 | AJ51: ซื้อ / ขาย | AK51: Main proudct | AL51: Bulk Normal | AM51: สุกร | AN51: MT1001 HYPER-Lotus | AO51: MT | AP51: 10 | AQ51: 1 | AT51: System Batch | AU51: 2026-05-12-12.11.25.000000 | AV51: ก.ก. | AW51: ก.ก. | AY51: 0 | AZ51: N | BA51: 1179740890384 | BD51: 1 | BF51: ;INCLUDE_We | BG51: 1333314600 | BH51: G | BI51: 3 | BJ51: 3 | BK51: 1300 | BL51: INTERFACE
C52: 244482 | D52: 244482 | F52: 489 | G52: Modern Trade | H52: 23 | I52: MT Term 30-2 | J52: F213 DMCW-รชล-พระพุทธบาท | K52: 00000 หน่วยงานกลาง | L52: 923 | N52: 1A531896L0 | O52: บมจ. ซีพี แอ็กซ์ตร้า ตลาดคลองถม (3148) | P52: 1 | Q52: LOTUS ตลาดคลองถม (3148) | R52: 244481 | S52: 244482 | T52: H6954RLG0914059 | U52: 23090967 | V52: กระดูกซุป SIS กก.ละ | W52: 3 | X52: 3 | Y52: 3 | Z52: 3 | AA52: 0 | AB52: 0 | AC52: 0 | AD52: 0 | AE52: 3 | AF52: 3 | AI52: OPRCD0489OPRCD00023OPRCDF213OPRCD00000OPRCD923 | AJ52: ซื้อ / ขาย | AK52: By proudct | AL52: Bulk Normal | AM52: สุกร | AN52: MT1001 HYPER-Lotus | AO52: MT | AP52: 10 | AQ52: 1 | AT52: System Batch | AU52: 2026-05-12-12.11.25.000000 | AV52: ก.ก. | AW52: ก.ก. | AY52: 0 | AZ52: N | BA52: 1179740890384 | BD52: 1 | BF52: ;INCLUDE_We | BG52: 1333314600 | BH52: G | BI52: 3 | BJ52: 3 | BK52: 1300 | BL52: INTERFACE
C53: 244482 | D53: 244482 | F53: 489 | G53: Modern Trade | H53: 23 | I53: MT Term 30-2 | J53: F213 DMCW-รชล-พระพุทธบาท | K53: 00000 หน่วยงานกลาง | L53: 923 | N53: 1A531896L0 | O53: บมจ. ซีพี แอ็กซ์ตร้า ตลาดคลองถม (3148) | P53: 1 | Q53: LOTUS ตลาดคลองถม (3148) | R53: 244481 | S53: 244482 | T53: H6954RLG0914059 | U53: 23088348 | V53: ขาหมูเผาเลาะกระดูกหั่นชิ้นSpec-1(M) | W53: 5 | X53: 5 | Y53: 5 | Z53: 5 | AA53: 0 | AB53: 0 | AC53: 0 | AD53: 0 | AE53: 5 | AF53: 5 | AI53: OPRCD0489OPRCD00023OPRCDF213OPRCD00000OPRCD923 | AJ53: ซื้อ / ขาย | AK53: By proudct | AL53: Bulk Normal | AM53: สุกร | AN53: MT1001 HYPER-Lotus | AO53: MT | AP53: 10 | AQ53: 1 | AT53: System Batch | AU53: 2026-05-12-12.11.25.000000 | AV53: ก.ก. | AW53: ก.ก. | AY53: 0 | AZ53: N | BA53: 1179740890384 | BD53: 1 | BF53: ;INCLUDE_We | BG53: 1333314600 | BH53: G | BI53: 5 | BJ53: 5 | BK53: 1300 | BL53: INTERFACE
C54: 244482 | D54: 244482 | F54: 489 | G54: Modern Trade | H54: 23 | I54: MT Term 30-2 | J54: F213 DMCW-รชล-พระพุทธบาท | K54: 00000 หน่วยงานกลาง | L54: 923 | N54: 1A531896L0 | O54: บมจ. ซีพี แอ็กซ์ตร้า ตลาดคลองถม (3148) | P54: 1 | Q54: LOTUS ตลาดคลองถม (3148) | R54: 244481 | S54: 244482 | T54: H6954RLG0914059 | U54: 23086964 | V54: สะโพกแต่งตัดชิ้น SIS กก.ละ | W54: 3 | X54: 3 | Y54: 3 | Z54: 3 | AA54: 0 | AB54: 0 | AC54: 0 | AD54: 0 | AE54: 3 | AF54: 3 | AI54: OPRCD0489OPRCD00023OPRCDF213OPRCD00000OPRCD923 | AJ54: ซื้อ / ขาย | AK54: Main proudct | AL54: Bulk Normal | AM54: สุกร | AN54: MT1001 HYPER-Lotus | AO54: MT | AP54: 10 | AQ54: 1 | AT54: System Batch | AU54: 2026-05-12-12.11.25.000000 | AV54: ก.ก. | AW54: ก.ก. | AY54: 0 | AZ54: N | BA54: 1179740890384 | BD54: 1 | BF54: ;INCLUDE_We | BG54: 1333314600 | BH54: G | BI54: 3 | BJ54: 3 | BK54: 1300 | BL54: INTERFACE
C55: 244482 | D55: 244482 | F55: 489 | G55: Modern Trade | H55: 23 | I55: MT Term 30-2 | J55: F213 DMCW-รชล-พระพุทธบาท | K55: 00000 หน่วยงานกลาง | L55: 923 | N55: 1A531896L0 | O55: บมจ. ซีพี แอ็กซ์ตร้า ตลาดคลองถม (3148) | P55: 1 | Q55: LOTUS ตลาดคลองถม (3148) | R55: 244481 | S55: 244482 | T55: H6954RLG0914059 | U55: 23090975 | V55: สามชั้นสไลซ์ SIS กก.ละ | W55: 3 | X55: 3 | Y55: 3 | Z55: 3 | AA55: 0 | AB55: 0 | AC55: 0 | AD55: 0 | AE55: 3 | AF55: 3 | AI55: OPRCD0489OPRCD00023OPRCDF213OPRCD00000OPRCD923 | AJ55: ซื้อ / ขาย | AK55: Main proudct | AL55: Bulk Normal | AM55: สุกร | AN55: MT1001 HYPER-Lotus | AO55: MT | AP55: 10 | AQ55: 1 | AT55: System Batch | AU55: 2026-05-12-12.11.25.000000 | AV55: ก.ก. | AW55: ก.ก. | AY55: 0 | AZ55: N | BA55: 1179740890384 | BD55: 1 | BF55: ;INCLUDE_We | BG55: 1333314600 | BH55: G | BI55: 3 | BJ55: 3 | BK55: 1300 | BL55: INTERFACE
C56: 244482 | D56: 244482 | F56: 489 | G56: Modern Trade | H56: 23 | I56: MT Term 30-2 | J56: F213 DMCW-รชล-พระพุทธบาท | K56: 00000 หน่วยงานกลาง | L56: 923 | N56: 1A531896L0 | O56: บมจ. ซีพี แอ็กซ์ตร้า ตลาดคลองถม (3148) | P56: 1 | Q56: LOTUS ตลาดคลองถม (3148) | R56: 244481 | S56: 244482 | T56: H6954RLG0914059 | U56: 23039556 | V56: หมูบดปนมัน 30 % | W56: 3 | X56: 15 | Y56: 3 | Z56: 15 | AA56: 0 | AB56: 0 | AC56: 0 | AD56: 0 | AE56: 3 | AF56: 15 | AI56: OPRCD0489OPRCD00023OPRCDF213OPRCD00000OPRCD923 | AJ56: ซื้อ / ขาย | AK56: Main proudct | AL56: Bulk Normal | AM56: สุกร | AN56: MT1001 HYPER-Lotus | AO56: MT | AP56: 10 | AQ56: 1 | AT56: System Batch | AU56: 2026-05-12-12.11.25.000000 | AV56: ถุง | AW56: ก.ก. | AY56: 0 | AZ56: N | BA56: 1179740890384 | BD56: 1 | BF56: ;INCLUDE_We | BG56: 1333314600 | BH56: G | BI56: 3 | BJ56: 15 | BK56: 1300 | BL56: INTERFACE
C57: 244482 | D57: 244482 | F57: 489 | G57: Modern Trade | H57: 23 | I57: MT Term 30-2 | J57: F213 DMCW-รชล-พระพุทธบาท | K57: 00000 หน่วยงานกลาง | L57: 923 | N57: 1A532419L0 | O57: บมจ. ซีพี แอ็กซ์ตร้า นิคมนครหลวง (3360) | P57: 1 | Q57: LOTUS นิคมนครหลวง (3360) | R57: 244481 | S57: 244482 | T57: H6954RLG0914064 | U57: 23086965 | V57: สันนอกแต่งตัดชิ้น SIS กก.ละ | W57: 3 | X57: 3 | Y57: 3 | Z57: 3 | AA57: 0 | AB57: 0 | AC57: 0 | AD57: 0 | AE57: 3 | AF57: 3 | AI57: OPRCD0489OPRCD00023OPRCDF213OPRCD00000OPRCD923 | AJ57: ซื้อ / ขาย | AK57: Main proudct | AL57: Bulk Normal | AM57: สุกร | AN57: MT1001 HYPER-Lotus | AO57: MT | AP57: 10 | AQ57: 1 | AT57: System Batch | AU57: 2026-05-12-12.11.25.000000 | AV57: ก.ก. | AW57: ก.ก. | AY57: 0 | AZ57: N | BA57: 1179740890419 | BD57: 1 | BF57: ;INCLUDE_We | BG57: 1333314600 | BH57: G | BI57: 3 | BJ57: 3 | BK57: 1300 | BL57: INTERFACE
C58: 244482 | D58: 244482 | F58: 489 | G58: Modern Trade | H58: 23 | I58: MT Term 30-2 | J58: F213 DMCW-รชล-พระพุทธบาท | K58: 00000 หน่วยงานกลาง | L58: 923 | N58: 1A532419L0 | O58: บมจ. ซีพี แอ็กซ์ตร้า นิคมนครหลวง (3360) | P58: 1 | Q58: LOTUS นิคมนครหลวง (3360) | R58: 244481 | S58: 244482 | T58: H6954RLG0914064 | U58: 23039556 | V58: หมูบดปนมัน 30 % | W58: 1 | X58: 5 | Y58: 1 | Z58: 5 | AA58: 0 | AB58: 0 | AC58: 0 | AD58: 0 | AE58: 1 | AF58: 5 | AI58: OPRCD0489OPRCD00023OPRCDF213OPRCD00000OPRCD923 | AJ58: ซื้อ / ขาย | AK58: Main proudct | AL58: Bulk Normal | AM58: สุกร | AN58: MT1001 HYPER-Lotus | AO58: MT | AP58: 10 | AQ58: 1 | AT58: System Batch | AU58: 2026-05-12-12.11.25.000000 | AV58: ถุง | AW58: ก.ก. | AY58: 0 | AZ58: N | BA58: 1179740890419 | BD58: 1 | BF58: ;INCLUDE_We | BG58: 1333314600 | BH58: G | BI58: 1 | BJ58: 5 | BK58: 1300 | BL58: INTERFACE
C59: 244482 | D59: 244482 | F59: 489 | G59: Modern Trade | H59: 23 | I59: MT Term 30-2 | J59: F213 DMCW-รชล-พระพุทธบาท | K59: 00000 หน่วยงานกลาง | L59: 923 | N59: 1A532419L0 | O59: บมจ. ซีพี แอ็กซ์ตร้า นิคมนครหลวง (3360) | P59: 1 | Q59: LOTUS นิคมนครหลวง (3360) | R59: 244481 | S59: 244482 | T59: H6954RLG0914064 | U59: 23086969 | V59: ซี่โครงแข็งตัดเส้น 2 นิ้ว SIS กก.ละ | W59: 3 | X59: 3 | Y59: 3 | Z59: 3 | AA59: 0 | AB59: 0 | AC59: 0 | AD59: 0 | AE59: 3 | AF59: 3 | AI59: OPRCD0489OPRCD00023OPRCDF213OPRCD00000OPRCD923 | AJ59: ซื้อ / ขาย | AK59: Main proudct | AL59: Bulk Normal | AM59: สุกร | AN59: MT1001 HYPER-Lotus | AO59: MT | AP59: 10 | AQ59: 1 | AT59: System Batch | AU59: 2026-05-12-12.11.25.000000 | AV59: ก.ก. | AW59: ก.ก. | AY59: 0 | AZ59: N | BA59: 1179740890419 | BD59: 1 | BF59: ;INCLUDE_We | BG59: 1333314600 | BH59: G | BI59: 3 | BJ59: 3 | BK59: 1300 | BL59: INTERFACE
C60: 244482 | D60: 244482 | F60: 489 | G60: Modern Trade | H60: 23 | I60: MT Term 30-2 | J60: F213 DMCW-รชล-พระพุทธบาท | K60: 00000 หน่วยงานกลาง | L60: 923 | N60: 1A532419L0 | O60: บมจ. ซีพี แอ็กซ์ตร้า นิคมนครหลวง (3360) | P60: 1 | Q60: LOTUS นิคมนครหลวง (3360) | R60: 244481 | S60: 244482 | T60: H6954RLG0914064 | U60: 23090967 | V60: กระดูกซุป SIS กก.ละ | W60: 3 | X60: 3 | Y60: 3 | Z60: 3 | AA60: 0 | AB60: 0 | AC60: 0 | AD60: 0 | AE60: 3 | AF60: 3 | AI60: OPRCD0489OPRCD00023OPRCDF213OPRCD00000OPRCD923 | AJ60: ซื้อ / ขาย | AK60: By proudct | AL60: Bulk Normal | AM60: สุกร | AN60: MT1001 HYPER-Lotus | AO60: MT | AP60: 10 | AQ60: 1 | AT60: System Batch | AU60: 2026-05-12-12.11.25.000000 | AV60: ก.ก. | AW60: ก.ก. | AY60: 0 | AZ60: N | BA60: 1179740890419 | BD60: 1 | BF60: ;INCLUDE_We | BG60: 1333314600 | BH60: G | BI60: 3 | BJ60: 3 | BK60: 1300 | BL60: INTERFACE
C61: 244482 | D61: 244482 | F61: 489 | G61: Modern Trade | H61: 23 | I61: MT Term 30-2 | J61: F213 DMCW-รชล-พระพุทธบาท | K61: 00000 หน่วยงานกลาง | L61: 923 | N61: 1A532419L0 | O61: บมจ. ซีพี แอ็กซ์ตร้า นิคมนครหลวง (3360) | P61: 1 | Q61: LOTUS นิคมนครหลวง (3360) | R61: 244481 | S61: 244482 | T61: H6954RLG0914064 | U61: 23086964 | V61: สะโพกแต่งตัดชิ้น SIS กก.ละ | W61: 3 | X61: 3 | Y61: 3 | Z61: 3 | AA61: 0 | AB61: 0 | AC61: 0 | AD61: 0 | AE61: 3 | AF61: 3 | AI61: OPRCD0489OPRCD00023OPRCDF213OPRCD00000OPRCD923 | AJ61: ซื้อ / ขาย | AK61: Main proudct | AL61: Bulk Normal | AM61: สุกร | AN61: MT1001 HYPER-Lotus | AO61: MT | AP61: 10 | AQ61: 1 | AT61: System Batch | AU61: 2026-05-12-12.11.25.000000 | AV61: ก.ก. | AW61: ก.ก. | AY61: 0 | AZ61: N | BA61: 1179740890419 | BD61: 1 | BF61: ;INCLUDE_We | BG61: 1333314600 | BH61: G | BI61: 3 | BJ61: 3 | BK61: 1300 | BL61: INTERFACE
... C97: 244482 | D97: 244482 | F97: 489 | G97: Modern Trade | H97: 23 | I97: MT Term 30-2 | J97: F213 DMCW-รชล-พระพุทธบาท | K97: 00000 หน่วยงานกลาง | L97: 923 | N97: 1A530393L0 | O97: บมจ. ซีพี แอ็กซ์ตร้า วัดคานหาม-อยุธยา (1324) | P97: 1 | Q97: LOTUS วัดคานหาม-อยุธยา (1324) | R97: 244481 | S97: 244482 | T97: H6954RLG0914070 | U97: 23090975 | V97: สามชั้นสไลซ์ SIS กก.ละ | W97: 3 | X97: 3 | Y97: 3 | Z97: 3 | AA97: 0 | AB97: 0 | AC97: 0 | AD97: 0 | AE97: 3 | AF97: 3 | AI97: OPRCD0489OPRCD00023OPRCDF213OPRCD00000OPRCD923 | AJ97: ซื้อ / ขาย | AK97: Main proudct | AL97: Bulk Normal | AM97: สุกร | AN97: MT1001 HYPER-Lotus | AO97: MT | AP97: 10 | AQ97: 1 | AT97: System Batch | AU97: 2026-05-12-12.11.25.000000 | AV97: ก.ก. | AW97: ก.ก. | AY97: 0 | AZ97: N | BA97: 1179740890448 | BD97: 1 | BF97: ;INCLUDE_We | BG97: 1333314600 | BH97: G | BI97: 3 | BJ97: 3 | BK97: 1300 | BL97: INTERFACE
C98: 244482 | D98: 244482 | F98: 489 | G98: Modern Trade | H98: 23 | I98: MT Term 30-2 | J98: F213 DMCW-รชล-พระพุทธบาท | K98: 00000 หน่วยงานกลาง | L98: 923 | N98: 1A530611L0 | O98: บมจ. ซีพี แอ็กซ์ตร้า ภาชี (1715) | P98: 1 | Q98: LOTUS ภาชี (1715) | R98: 244481 | S98: 244482 | T98: H6954RLG0914071 | U98: 23086963 | V98: เนื้อแดงแต่งตัดชิ้น SIS กก.ละ | W98: 3 | X98: 3 | Y98: 3 | Z98: 3 | AA98: 0 | AB98: 0 | AC98: 0 | AD98: 0 | AE98: 3 | AF98: 3 | AI98: OPRCD0489OPRCD00023OPRCDF213OPRCD00000OPRCD923 | AJ98: ซื้อ / ขาย | AK98: Main proudct | AL98: Bulk Normal | AM98: สุกร | AN98: MT1001 HYPER-Lotus | AO98: MT | AP98: 10 | AQ98: 1 | AT98: System Batch | AU98: 2026-05-12-12.11.25.000000 | AV98: ก.ก. | AW98: ก.ก. | AY98: 0 | AZ98: N | BA98: 1179740890463 | BD98: 1 | BF98: ;INCLUDE_We | BG98: 1333314600 | BH98: G | BI98: 3 | BJ98: 3 | BL98: INTERFACE
C99: 244482 | D99: 244482 | F99: 489 | G99: Modern Trade | H99: 23 | I99: MT Term 30-2 | J99: F213 DMCW-รชล-พระพุทธบาท | K99: 00000 หน่วยงานกลาง | L99: 923 | N99: 1A530611L0 | O99: บมจ. ซีพี แอ็กซ์ตร้า ภาชี (1715) | P99: 1 | Q99: LOTUS ภาชี (1715) | R99: 244481 | S99: 244482 | T99: H6954RLG0914071 | U99: 23086964 | V99: สะโพกแต่งตัดชิ้น SIS กก.ละ | W99: 3 | X99: 3 | Y99: 3 | Z99: 3 | AA99: 0 | AB99: 0 | AC99: 0 | AD99: 0 | AE99: 3 | AF99: 3 | AI99: OPRCD0489OPRCD00023OPRCDF213OPRCD00000OPRCD923 | AJ99: ซื้อ / ขาย | AK99: Main proudct | AL99: Bulk Normal | AM99: สุกร | AN99: MT1001 HYPER-Lotus | AO99: MT | AP99: 10 | AQ99: 1 | AT99: System Batch | AU99: 2026-05-12-12.11.25.000000 | AV99: ก.ก. | AW99: ก.ก. | AY99: 0 | AZ99: N | BA99: 1179740890463 | BD99: 1 | BF99: ;INCLUDE_We | BG99: 1333314600 | BH99: G | BI99: 3 | BJ99: 3 | BL99: INTERFACE
C100: 244482 | D100: 244482 | F100: 489 | G100: Modern Trade | H100: 23 | I100: MT Term 30-2 | J100: F213 DMCW-รชล-พระพุทธบาท | K100: 00000 หน่วยงานกลาง | L100: 923 | N100: 1A530627L0 | O100: บมจ. ซีพี แอ็กซ์ตร้า บางระจัน (1723) | P100: 1 | Q100: LOTUS บางระจัน (1723) | R100: 244481 | S100: 244482 | T100: H6954RLG0914072 | U100: 23090975 | V100: สามชั้นสไลซ์ SIS กก.ละ | W100: 6 | X100: 6 | Y100: 6 | Z100: 6 | AA100: 0 | AB100: 0 | AC100: 0 | AD100: 0 | AE100: 6 | AF100: 6 | AI100: OPRCD0489OPRCD00023OPRCDF213OPRCD00000OPRCD923 | AJ100: ซื้อ / ขาย | AK100: Main proudct | AL100: Bulk Normal | AM100: สุกร | AN100: MT1001 HYPER-Lotus | AO100: MT | AP100: 10 | AQ100: 1 | AT100: System Batch | AU100: 2026-05-12-12.11.25.000000 | AV100: ก.ก. | AW100: ก.ก. | AY100: 0 | AZ100: N | BA100: 1179740890466 | BD100: 1 | BF100: ;INCLUDE_We | BG100: 1333314600 | BH100: G | BI100: 6 | BJ100: 6 | BK100: 1300 | BL100: INTERFACE
C101: 244482 | D101: 244482 | F101: 489 | G101: Modern Trade | H101: 23 | I101: MT Term 30-2 | J101: F213 DMCW-รชล-พระพุทธบาท | K101: 00000 หน่วยงานกลาง | L101: 923 | N101: 1A530627L0 | O101: บมจ. ซีพี แอ็กซ์ตร้า บางระจัน (1723) | P101: 1 | Q101: LOTUS บางระจัน (1723) | R101: 244481 | S101: 244482 | T101: H6954RLG0914072 | U101: 23090984 | V101: สันนอกสไลซ์ SIS กก.ละ | W101: 3 | X101: 3 | Y101: 3 | Z101: 3 | AA101: 0 | AB101: 0 | AC101: 0 | AD101: 0 | AE101: 3 | AF101: 3 | AI101: OPRCD0489OPRCD00023OPRCDF213OPRCD00000OPRCD923 | AJ101: ซื้อ / ขาย | AK101: Main proudct | AL101: Bulk Normal | AM101: สุกร | AN101: MT1001 HYPER-Lotus | AO101: MT | AP101: 10 | AQ101: 1 | AT101: System Batch | AU101: 2026-05-12-12.11.25.000000 | AV101: ก.ก. | AW101: ก.ก. | AY101: 0 | AZ101: N | BA101: 1179740890466 | BD101: 1 | BF101: ;INCLUDE_We | BG101: 1333314600 | BH101: G | BI101: 3 | BJ101: 3 | BK101: 1300 | BL101: INTERFACE
C102: 244482 | D102: 244482 | F102: 489 | G102: Modern Trade | H102: 23 | I102: MT Term 30-2 | J102: F213 DMCW-รชล-พระพุทธบาท | K102: 00000 หน่วยงานกลาง | L102: 923 | N102: 1A530627L0 | O102: บมจ. ซีพี แอ็กซ์ตร้า บางระจัน (1723) | P102: 1 | Q102: LOTUS บางระจัน (1723) | R102: 244481 | S102: 244482 | T102: H6954RLG0914072 | U102: 23090974 | V102: สันคอสไลซ์ SIS กก.ละ | W102: 3 | X102: 3 | Y102: 3 | Z102: 3 | AA102: 0 | AB102: 0 | AC102: 0 | AD102: 0 | AE102: 3 | AF102: 3 | AI102: OPRCD0489OPRCD00023OPRCDF213OPRCD00000OPRCD923 | AJ102: ซื้อ / ขาย | AK102: Main proudct | AL102: Bulk Normal | AM102: สุกร | AN102: MT1001 HYPER-Lotus | AO102: MT | AP102: 10 | AQ102: 1 | AT102: System Batch | AU102: 2026-05-12-12.11.25.000000 | AV102: ก.ก. | AW102: ก.ก. | AY102: 0 | AZ102: N | BA102: 1179740890466 | BD102: 1 | BF102: ;INCLUDE_We | BG102: 1333314600 | BH102: G | BI102: 3 | BJ102: 3 | BK102: 1300 | BL102: INTERFACE
C103: 244482 | D103: 244482 | F103: 489 | G103: Modern Trade | H103: 23 | I103: MT Term 30-2 | J103: F213 DMCW-รชล-พระพุทธบาท | K103: 00000 หน่วยงานกลาง | L103: 923 | N103: 1A530627L0 | O103: บมจ. ซีพี แอ็กซ์ตร้า บางระจัน (1723) | P103: 1 | Q103: LOTUS บางระจัน (1723) | R103: 244481 | S103: 244482 | T103: H6954RLG0914072 | U103: 23086967 | V103: สันคอแต่งตัดชิ้น SIS กก.ละ | W103: 3 | X103: 3 | Y103: 3 | Z103: 3 | AA103: 0 | AB103: 0 | AC103: 0 | AD103: 0 | AE103: 3 | AF103: 3 | AI103: OPRCD0489OPRCD00023OPRCDF213OPRCD00000OPRCD923 | AJ103: ซื้อ / ขาย | AK103: Main proudct | AL103: Bulk Normal | AM103: สุกร | AN103: MT1001 HYPER-Lotus | AO103: MT | AP103: 10 | AQ103: 1 | AT103: System Batch | AU103: 2026-05-12-12.11.25.000000 | AV103: ก.ก. | AW103: ก.ก. | AY103: 0 | AZ103: N | BA103: 1179740890466 | BD103: 1 | BF103: ;INCLUDE_We | BG103: 1333314600 | BH103: G | BI103: 3 | BJ103: 3 | BK103: 1300 | BL103: INTERFACE
C104: 244482 | D104: 244482 | F104: 489 | G104: Modern Trade | H104: 23 | I104: MT Term 30-2 | J104: F213 DMCW-รชล-พระพุทธบาท | K104: 00000 หน่วยงานกลาง | L104: 923 | N104: 1A530627L0 | O104: บมจ. ซีพี แอ็กซ์ตร้า บางระจัน (1723) | P104: 1 | Q104: LOTUS บางระจัน (1723) | R104: 244481 | S104: 244482 | T104: H6954RLG0914072 | U104: 23086965 | V104: สันนอกแต่งตัดชิ้น SIS กก.ละ | W104: 3 | X104: 3 | Y104: 3 | Z104: 3 | AA104: 0 | AB104: 0 | AC104: 0 | AD104: 0 | AE104: 3 | AF104: 3 | AI104: OPRCD0489OPRCD00023OPRCDF213OPRCD00000OPRCD923 | AJ104: ซื้อ / ขาย | AK104: Main proudct | AL104: Bulk Normal | AM104: สุกร | AN104: MT1001 HYPER-Lotus | AO104: MT | AP104: 10 | AQ104: 1 | AT104: System Batch | AU104: 2026-05-12-12.11.25.000000 | AV104: ก.ก. | AW104: ก.ก. | AY104: 0 | AZ104: N | BA104: 1179740890466 | BD104: 1 | BF104: ;INCLUDE_We | BG104: 1333314600 | BH104: G | BI104: 3 | BJ104: 3 | BK104: 1300 | BL104: INTERFACE
C105: 244482 | D105: 244482 | F105: 489 | G105: Modern Trade | H105: 23 | I105: MT Term 30-2 | J105: F213 DMCW-รชล-พระพุทธบาท | K105: 00000 หน่วยงานกลาง | L105: 923 | N105: 1A530627L0 | O105: บมจ. ซีพี แอ็กซ์ตร้า บางระจัน (1723) | P105: 1 | Q105: LOTUS บางระจัน (1723) | R105: 244481 | S105: 244482 | T105: H6954RLG0914072 | U105: 23039556 | V105: หมูบดปนมัน 30 % | W105: 2 | X105: 10 | Y105: 2 | Z105: 10 | AA105: 0 | AB105: 0 | AC105: 0 | AD105: 0 | AE105: 2 | AF105: 10 | AI105: OPRCD0489OPRCD00023OPRCDF213OPRCD00000OPRCD923 | AJ105: ซื้อ / ขาย | AK105: Main proudct | AL105: Bulk Normal | AM105: สุกร | AN105: MT1001 HYPER-Lotus | AO105: MT | AP105: 10 | AQ105: 1 | AT105: System Batch | AU105: 2026-05-12-12.11.25.000000 | AV105: ถุง | AW105: ก.ก. | AY105: 0 | AZ105: N | BA105: 1179740890466 | BD105: 1 | BF105: ;INCLUDE_We | BG105: 1333314600 | BH105: G | BI105: 2 | BJ105: 10 | BK105: 1300 | BL105: INTERFACE
C106: 244482 | D106: 244482 | F106: 489 | G106: Modern Trade | H106: 23 | I106: MT Term 30-2 | J106: F213 DMCW-รชล-พระพุทธบาท | K106: 00000 หน่วยงานกลาง | L106: 923 | N106: 1A530627L0 | O106: บมจ. ซีพี แอ็กซ์ตร้า บางระจัน (1723) | P106: 1 | Q106: LOTUS บางระจัน (1723) | R106: 244481 | S106: 244482 | T106: H6954RLG0914072 | U106: 23086969 | V106: ซี่โครงแข็งตัดเส้น 2 นิ้ว SIS กก.ละ | W106: 3 | X106: 3 | Y106: 3 | Z106: 3 | AA106: 0 | AB106: 0 | AC106: 0 | AD106: 0 | AE106: 3 | AF106: 3 | AI106: OPRCD0489OPRCD00023OPRCDF213OPRCD00000OPRCD923 | AJ106: ซื้อ / ขาย | AK106: Main proudct | AL106: Bulk Normal | AM106: สุกร | AN106: MT1001 HYPER-Lotus | AO106: MT | AP106: 10 | AQ106: 1 | AT106: System Batch | AU106: 2026-05-12-12.11.25.000000 | AV106: ก.ก. | AW106: ก.ก. | AY106: 0 | AZ106: N | BA106: 1179740890466 | BD106: 1 | BF106: ;INCLUDE_We | BG106: 1333314600 | BH106: G | BI106: 3 | BJ106: 3 | BK106: 1300 | BL106: INTERFACE
C107: 244482 | D107: 244482 | F107: 489 | G107: Modern Trade | H107: 23 | I107: MT Term 30-2 | J107: F213 DMCW-รชล-พระพุทธบาท | K107: 00000 หน่วยงานกลาง | L107: 923 | N107: 1A530627L0 | O107: บมจ. ซีพี แอ็กซ์ตร้า บางระจัน (1723) | P107: 1 | Q107: LOTUS บางระจัน (1723) | R107: 244481 | S107: 244482 | T107: H6954RLG0914072 | U107: 23086966 | V107: สันในแต่ง SIS กก.ละ | W107: 3 | X107: 3 | Y107: 3 | Z107: 3 | AA107: 0 | AB107: 0 | AC107: 0 | AD107: 0 | AE107: 3 | AF107: 3 | AI107: OPRCD0489OPRCD00023OPRCDF213OPRCD00000OPRCD923 | AJ107: ซื้อ / ขาย | AK107: Main proudct | AL107: Bulk Normal | AM107: สุกร | AN107: MT1001 HYPER-Lotus | AO107: MT | AP107: 10 | AQ107: 1 | AT107: System Batch | AU107: 2026-05-12-12.11.25.000000 | AV107: ก.ก. | AW107: ก.ก. | AY107: 0 | AZ107: N | BA107: 1179740890466 | BD107: 1 | BF107: ;INCLUDE_We | BG107: 1333314600 | BH107: G | BI107: 3 | BJ107: 3 | BK107: 1300 | BL107: INTERFACE
C108: 244482 | D108: 244482 | F108: 489 | G108: Modern Trade | H108: 23 | I108: MT Term 30-2 | J108: F213 DMCW-รชล-พระพุทธบาท | K108: 00000 หน่วยงานกลาง | L108: 923 | N108: 1A530627L0 | O108: บมจ. ซีพี แอ็กซ์ตร้า บางระจัน (1723) | P108: 1 | Q108: LOTUS บางระจัน (1723) | R108: 244481 | S108: 244482 | T108: H6954RLG0914072 | U108: 23086968 | V108: สามชั้นตัดเส้น SIS กก.ละ | W108: 6 | X108: 6 | Y108: 6 | Z108: 6 | AA108: 0 | AB108: 0 | AC108: 0 | AD108: 0 | AE108: 6 | AF108: 6 | AI108: OPRCD0489OPRCD00023OPRCDF213OPRCD00000OPRCD923 | AJ108: ซื้อ / ขาย | AK108: Main proudct | AL108: Bulk Normal | AM108: สุกร | AN108: MT1001 HYPER-Lotus | AO108: MT | AP108: 10 | AQ108: 1 | AT108: System Batch | AU108: 2026-05-12-12.11.25.000000 | AV108: ก.ก. | AW108: ก.ก. | AY108: 0 | AZ108: N | BA108: 1179740890466 | BD108: 1 | BF108: ;INCLUDE_We | BG108: 1333314600 | BH108: G | BI108: 6 | BJ108: 6 | BK108: 1300 | BL108: INTERFACE
C109: 244482 | D109: 244482 | F109: 489 | G109: Modern Trade | H109: 23 | I109: MT Term 30-2 | J109: F213 DMCW-รชล-พระพุทธบาท | K109: 00000 หน่วยงานกลาง | L109: 923 | N109: 1A530627L0 | O109: บมจ. ซีพี แอ็กซ์ตร้า บางระจัน (1723) | P109: 1 | Q109: LOTUS บางระจัน (1723) | R109: 244481 | S109: 244482 | T109: H6954RLG0914072 | U109: 23090967 | V109: กระดูกซุป SIS กก.ละ | W109: 3 | X109: 3 | Y109: 3 | Z109: 3 | AA109: 0 | AB109: 0 | AC109: 0 | AD109: 0 | AE109: 3 | AF109: 3 | AI109: OPRCD0489OPRCD00023OPRCDF213OPRCD00000OPRCD923 | AJ109: ซื้อ / ขาย | AK109: By proudct | AL109: Bulk Normal | AM109: สุกร | AN109: MT1001 HYPER-Lotus | AO109: MT | AP109: 10 | AQ109: 1 | AT109: System Batch | AU109: 2026-05-12-12.11.25.000000 | AV109: ก.ก. | AW109: ก.ก. | AY109: 0 | AZ109: N | BA109: 1179740890466 | BD109: 1 | BF109: ;INCLUDE_We | BG109: 1333314600 | BH109: G | BI109: 3 | BJ109: 3 | BK109: 1300 | BL109: INTERFACE
C110: 244482 | D110: 244482 | F110: 489 | G110: Modern Trade | H110: 23 | I110: MT Term 30-2 | J110: F213 DMCW-รชล-พระพุทธบาท | K110: 00000 หน่วยงานกลาง | L110: 923 | N110: 1A530627L0 | O110: บมจ. ซีพี แอ็กซ์ตร้า บางระจัน (1723) | P110: 1 | Q110: LOTUS บางระจัน (1723) | R110: 244481 | S110: 244482 | T110: H6954RLG0914072 | U110: 23086964 | V110: สะโพกแต่งตัดชิ้น SIS กก.ละ | W110: 6 | X110: 6 | Y110: 6 | Z110: 6 | AA110: 0 | AB110: 0 | AC110: 0 | AD110: 0 | AE110: 6 | AF110: 6 | AI110: OPRCD0489OPRCD00023OPRCDF213OPRCD00000OPRCD923 | AJ110: ซื้อ / ขาย | AK110: Main proudct | AL110: Bulk Normal | AM110: สุกร | AN110: MT1001 HYPER-Lotus | AO110: MT | AP110: 10 | AQ110: 1 | AT110: System Batch | AU110: 2026-05-12-12.11.25.000000 | AV110: ก.ก. | AW110: ก.ก. | AY110: 0 | AZ110: N | BA110: 1179740890466 | BD110: 1 | BF110: ;INCLUDE_We | BG110: 1333314600 | BH110: G | BI110: 6 | BJ110: 6 | BK110: 1300 | BL110: INTERFACE
C111: 244482 | D111: 244482 | F111: 489 | G111: Modern Trade | H111: 23 | I111: MT Term 30-2 | J111: F213 DMCW-รชล-พระพุทธบาท | K111: 00000 หน่วยงานกลาง | L111: 923 | N111: 1A530627L0 | O111: บมจ. ซีพี แอ็กซ์ตร้า บางระจัน (1723) | P111: 1 | Q111: LOTUS บางระจัน (1723) | R111: 244481 | S111: 244482 | T111: H6954RLG0914072 | U111: 23086963 | V111: เนื้อแดงแต่งตัดชิ้น SIS กก.ละ | W111: 3 | X111: 3 | Y111: 3 | Z111: 3 | AA111: 0 | AB111: 0 | AC111: 0 | AD111: 0 | AE111: 3 | AF111: 3 | AI111: OPRCD0489OPRCD00023OPRCDF213OPRCD00000OPRCD923 | AJ111: ซื้อ / ขาย | AK111: Main proudct | AL111: Bulk Normal | AM111: สุกร | AN111: MT1001 HYPER-Lotus | AO111: MT | AP111: 10 | AQ111: 1 | AT111: System Batch | AU111: 2026-05-12-12.11.25.000000 | AV111: ก.ก. | AW111: ก.ก. | AY111: 0 | AZ111: N | BA111: 1179740890466 | BD111: 1 | BF111: ;INCLUDE_We | BG111: 1333314600 | BH111: G | BI111: 3 | BJ111: 3 | BK111: 1300 | BL111: INTERFACE
... C275: 244482 | D275: 244482 | F275: 489 | G275: Modern Trade | H275: 23 | I275: MT Term 30-2 | J275: F213 DMCW-รชล-พระพุทธบาท | K275: 00000 หน่วยงานกลาง | L275: 923 | N275: 1A531489L0 | O275: บมจ. ซีพี แอ็กซ์ตร้า เสาไห้ (2711) | P275: 1 | Q275: LOTUS เสาไห้ (2711) | R275: 244481 | S275: 244482 | T275: H6954RLG0914105 | U275: 23086963 | V275: เนื้อแดงแต่งตัดชิ้น SIS กก.ละ | W275: 3 | X275: 3 | Y275: 3 | Z275: 3 | AA275: 0 | AB275: 0 | AC275: 0 | AD275: 0 | AE275: 3 | AF275: 3 | AI275: OPRCD0489OPRCD00023OPRCDF213OPRCD00000OPRCD923 | AJ275: ซื้อ / ขาย | AK275: Main proudct | AL275: Bulk Normal | AM275: สุกร | AN275: MT1001 HYPER-Lotus | AO275: MT | AP275: 10 | AQ275: 1 | AT275: System Batch | AU275: 2026-05-12-12.11.25.000000 | AV275: ก.ก. | AW275: ก.ก. | AY275: 0 | AZ275: N | BA275: 1179740890656 | BD275: 1 | BF275: ;INCLUDE_We | BG275: 1333314600 | BH275: G | BI275: 3 | BJ275: 3 | BK275: 1300 | BL275: INTERFACE
C276: 244482 | D276: 244482 | F276: 489 | G276: Modern Trade | H276: 23 | I276: MT Term 30-2 | J276: F213 DMCW-รชล-พระพุทธบาท | K276: 00000 หน่วยงานกลาง | L276: 923 | N276: 1A531562L0 | O276: บมจ. ซีพี แอ็กซ์ตร้า ESSO ทีซีซี วังน้อย (2802) | P276: 1 | Q276: LOTUS ESSO ทีซีซี วังน้อย (2802) | R276: 244481 | S276: 244482 | T276: H6954RLG0914107 | U276: 23039556 | V276: หมูบดปนมัน 30 % | W276: 1 | X276: 5 | Y276: 1 | Z276: 5 | AA276: 0 | AB276: 0 | AC276: 0 | AD276: 0 | AE276: 1 | AF276: 5 | AI276: OPRCD0489OPRCD00023OPRCDF213OPRCD00000OPRCD923 | AJ276: ซื้อ / ขาย | AK276: Main proudct | AL276: Bulk Normal | AM276: สุกร | AN276: MT1001 HYPER-Lotus | AO276: MT | AP276: 10 | AQ276: 1 | AT276: System Batch | AU276: 2026-05-12-12.11.25.000000 | AV276: ถุง | AW276: ก.ก. | AY276: 0 | AZ276: N | BA276: 1179740890685 | BD276: 1 | BF276: ;INCLUDE_We | BG276: 1333314600 | BH276: G | BI276: 1 | BJ276: 5 | BL276: INTERFACE
C277: 244482 | D277: 244482 | F277: 489 | G277: Modern Trade | H277: 23 | I277: MT Term 30-2 | J277: F213 DMCW-รชล-พระพุทธบาท | K277: 00000 หน่วยงานกลาง | L277: 923 | N277: 1A531562L0 | O277: บมจ. ซีพี แอ็กซ์ตร้า ESSO ทีซีซี วังน้อย (2802) | P277: 1 | Q277: LOTUS ESSO ทีซีซี วังน้อย (2802) | R277: 244481 | S277: 244482 | T277: H6954RLG0914107 | U277: 23090967 | V277: กระดูกซุป SIS กก.ละ | W277: 3 | X277: 3 | Y277: 3 | Z277: 3 | AA277: 0 | AB277: 0 | AC277: 0 | AD277: 0 | AE277: 3 | AF277: 3 | AI277: OPRCD0489OPRCD00023OPRCDF213OPRCD00000OPRCD923 | AJ277: ซื้อ / ขาย | AK277: By proudct | AL277: Bulk Normal | AM277: สุกร | AN277: MT1001 HYPER-Lotus | AO277: MT | AP277: 10 | AQ277: 1 | AT277: System Batch | AU277: 2026-05-12-12.11.25.000000 | AV277: ก.ก. | AW277: ก.ก. | AY277: 0 | AZ277: N | BA277: 1179740890685 | BD277: 1 | BF277: ;INCLUDE_We | BG277: 1333314600 | BH277: G | BI277: 3 | BJ277: 3 | BL277: INTERFACE
C278: 244482 | D278: 244482 | F278: 489 | G278: Modern Trade | H278: 23 | I278: MT Term 30-2 | J278: F213 DMCW-รชล-พระพุทธบาท | K278: 00000 หน่วยงานกลาง | L278: 923 | N278: 1A531562L0 | O278: บมจ. ซีพี แอ็กซ์ตร้า ESSO ทีซีซี วังน้อย (2802) | P278: 1 | Q278: LOTUS ESSO ทีซีซี วังน้อย (2802) | R278: 244481 | S278: 244482 | T278: H6954RLG0914107 | U278: 23086964 | V278: สะโพกแต่งตัดชิ้น SIS กก.ละ | W278: 3 | X278: 3 | Y278: 3 | Z278: 3 | AA278: 0 | AB278: 0 | AC278: 0 | AD278: 0 | AE278: 3 | AF278: 3 | AI278: OPRCD0489OPRCD00023OPRCDF213OPRCD00000OPRCD923 | AJ278: ซื้อ / ขาย | AK278: Main proudct | AL278: Bulk Normal | AM278: สุกร | AN278: MT1001 HYPER-Lotus | AO278: MT | AP278: 10 | AQ278: 1 | AT278: System Batch | AU278: 2026-05-12-12.11.25.000000 | AV278: ก.ก. | AW278: ก.ก. | AY278: 0 | AZ278: N | BA278: 1179740890685 | BD278: 1 | BF278: ;INCLUDE_We | BG278: 1333314600 | BH278: G | BI278: 3 | BJ278: 3 | BL278: INTERFACE
C279: 244482 | D279: 244482 | F279: 489 | G279: Modern Trade | H279: 23 | I279: MT Term 30-2 | J279: F213 DMCW-รชล-พระพุทธบาท | K279: 00000 หน่วยงานกลาง | L279: 923 | N279: 1A531562L0 | O279: บมจ. ซีพี แอ็กซ์ตร้า ESSO ทีซีซี วังน้อย (2802) | P279: 1 | Q279: LOTUS ESSO ทีซีซี วังน้อย (2802) | R279: 244481 | S279: 244482 | T279: H6954RLG0914107 | U279: 23086963 | V279: เนื้อแดงแต่งตัดชิ้น SIS กก.ละ | W279: 3 | X279: 3 | Y279: 3 | Z279: 3 | AA279: 0 | AB279: 0 | AC279: 0 | AD279: 0 | AE279: 3 | AF279: 3 | AI279: OPRCD0489OPRCD00023OPRCDF213OPRCD00000OPRCD923 | AJ279: ซื้อ / ขาย | AK279: Main proudct | AL279: Bulk Normal | AM279: สุกร | AN279: MT1001 HYPER-Lotus | AO279: MT | AP279: 10 | AQ279: 1 | AT279: System Batch | AU279: 2026-05-12-12.11.25.000000 | AV279: ก.ก. | AW279: ก.ก. | AY279: 0 | AZ279: N | BA279: 1179740890685 | BD279: 1 | BF279: ;INCLUDE_We | BG279: 1333314600 | BH279: G | BI279: 3 | BJ279: 3 | BL279: INTERFACE
C280: 244482 | D280: 244482 | F280: 489 | G280: Modern Trade | H280: 23 | I280: MT Term 30-2 | J280: F213 DMCW-รชล-พระพุทธบาท | K280: 00000 หน่วยงานกลาง | L280: 923 | N280: 1A531562L0 | O280: บมจ. ซีพี แอ็กซ์ตร้า ESSO ทีซีซี วังน้อย (2802) | P280: 1 | Q280: LOTUS ESSO ทีซีซี วังน้อย (2802) | R280: 244481 | S280: 244482 | T280: H6954RLG0914107 | U280: 23086969 | V280: ซี่โครงแข็งตัดเส้น 2 นิ้ว SIS กก.ละ | W280: 3 | X280: 3 | Y280: 3 | Z280: 3 | AA280: 0 | AB280: 0 | AC280: 0 | AD280: 0 | AE280: 3 | AF280: 3 | AI280: OPRCD0489OPRCD00023OPRCDF213OPRCD00000OPRCD923 | AJ280: ซื้อ / ขาย | AK280: Main proudct | AL280: Bulk Normal | AM280: สุกร | AN280: MT1001 HYPER-Lotus | AO280: MT | AP280: 10 | AQ280: 1 | AT280: System Batch | AU280: 2026-05-12-12.11.25.000000 | AV280: ก.ก. | AW280: ก.ก. | AY280: 0 | AZ280: N | BA280: 1179740890685 | BD280: 1 | BF280: ;INCLUDE_We | BG280: 1333314600 | BH280: G | BI280: 3 | BJ280: 3 | BL280: INTERFACE
C281: 244482 | D281: 244482 | F281: 489 | G281: Modern Trade | H281: 23 | I281: MT Term 30-2 | J281: F213 DMCW-รชล-พระพุทธบาท | K281: 00000 หน่วยงานกลาง | L281: 923 | N281: 1A532424L0 | O281: บมจ. ซีพี แอ็กซ์ตร้า บ้านเบิก (3377) | P281: 1 | Q281: LOTUS บ้านเบิก (3377) | R281: 244481 | S281: 244482 | T281: H6954RLG0914109 | U281: 23086969 | V281: ซี่โครงแข็งตัดเส้น 2 นิ้ว SIS กก.ละ | W281: 3 | X281: 3 | Y281: 3 | Z281: 3 | AA281: 0 | AB281: 0 | AC281: 0 | AD281: 0 | AE281: 3 | AF281: 3 | AI281: OPRCD0489OPRCD00023OPRCDF213OPRCD00000OPRCD923 | AJ281: ซื้อ / ขาย | AK281: Main proudct | AL281: Bulk Normal | AM281: สุกร | AN281: MT1001 HYPER-Lotus | AO281: MT | AP281: 10 | AQ281: 1 | AT281: System Batch | AU281: 2026-05-12-12.11.25.000000 | AV281: ก.ก. | AW281: ก.ก. | AY281: 0 | AZ281: N | BA281: 1179740890691 | BD281: 1 | BF281: ;INCLUDE_We | BG281: 1333314600 | BH281: G | BI281: 3 | BJ281: 3 | BK281: 1300 | BL281: INTERFACE
C282: 244482 | D282: 244482 | F282: 489 | G282: Modern Trade | H282: 23 | I282: MT Term 30-2 | J282: F213 DMCW-รชล-พระพุทธบาท | K282: 00000 หน่วยงานกลาง | L282: 923 | N282: 1A532424L0 | O282: บมจ. ซีพี แอ็กซ์ตร้า บ้านเบิก (3377) | P282: 1 | Q282: LOTUS บ้านเบิก (3377) | R282: 244481 | S282: 244482 | T282: H6954RLG0914109 | U282: 23084674 | V282: เลือดหมูก้อนปรุงรสพาสเจอร์ไรซ์400กรัม-C | W282: 1 | X282: 0.4 | Y282: 1 | Z282: 0.4 | AA282: 0 | AB282: 0 | AC282: 0 | AD282: 0 | AE282: 1 | AF282: 0.4 | AI282: OPRCD0489OPRCD00023OPRCDF213OPRCD00000OPRCD923 | AJ282: ซื้อ / ขาย | AK282: By proudct | AL282: Wrap | AM282: สุกร | AN282: MT1001 HYPER-Lotus | AO282: MT | AP282: 10 | AQ282: 1 | AT282: System Batch | AU282: 2026-05-12-12.11.25.000000 | AV282: ถาด | AW282: ก.ก. | AY282: 0 | AZ282: N | BA282: 1179740890691 | BD282: 1 | BF282: ;INCLUDE_We | BG282: 1333314600 | BH282: G | BI282: 1 | BJ282: 0.4 | BK282: 1300 | BL282: INTERFACE
C283: 244482 | D283: 244482 | F283: 489 | G283: Modern Trade | H283: 23 | I283: MT Term 30-2 | J283: F213 DMCW-รชล-พระพุทธบาท | K283: 00000 หน่วยงานกลาง | L283: 923 | N283: 1A532424L0 | O283: บมจ. ซีพี แอ็กซ์ตร้า บ้านเบิก (3377) | P283: 1 | Q283: LOTUS บ้านเบิก (3377) | R283: 244481 | S283: 244482 | T283: H6954RLG0914109 | U283: 23090975 | V283: สามชั้นสไลซ์ SIS กก.ละ | W283: 3 | X283: 3 | Y283: 3 | Z283: 3 | AA283: 0 | AB283: 0 | AC283: 0 | AD283: 0 | AE283: 3 | AF283: 3 | AI283: OPRCD0489OPRCD00023OPRCDF213OPRCD00000OPRCD923 | AJ283: ซื้อ / ขาย | AK283: Main proudct | AL283: Bulk Normal | AM283: สุกร | AN283: MT1001 HYPER-Lotus | AO283: MT | AP283: 10 | AQ283: 1 | AT283: System Batch | AU283: 2026-05-12-12.11.25.000000 | AV283: ก.ก. | AW283: ก.ก. | AY283: 0 | AZ283: N | BA283: 1179740890691 | BD283: 1 | BF283: ;INCLUDE_We | BG283: 1333314600 | BH283: G | BI283: 3 | BJ283: 3 | BK283: 1300 | BL283: INTERFACE
C284: 244482 | D284: 244482 | F284: 489 | G284: Modern Trade | H284: 23 | I284: MT Term 30-2 | J284: F213 DMCW-รชล-พระพุทธบาท | K284: 00000 หน่วยงานกลาง | L284: 923 | N284: 1A532424L0 | O284: บมจ. ซีพี แอ็กซ์ตร้า บ้านเบิก (3377) | P284: 1 | Q284: LOTUS บ้านเบิก (3377) | R284: 244481 | S284: 244482 | T284: H6954RLG0914109 | U284: 23086967 | V284: สันคอแต่งตัดชิ้น SIS กก.ละ | W284: 3 | X284: 3 | Y284: 3 | Z284: 3 | AA284: 0 | AB284: 0 | AC284: 0 | AD284: 0 | AE284: 3 | AF284: 3 | AI284: OPRCD0489OPRCD00023OPRCDF213OPRCD00000OPRCD923 | AJ284: ซื้อ / ขาย | AK284: Main proudct | AL284: Bulk Normal | AM284: สุกร | AN284: MT1001 HYPER-Lotus | AO284: MT | AP284: 10 | AQ284: 1 | AT284: System Batch | AU284: 2026-05-12-12.11.25.000000 | AV284: ก.ก. | AW284: ก.ก. | AY284: 0 | AZ284: N | BA284: 1179740890691 | BD284: 1 | BF284: ;INCLUDE_We | BG284: 1333314600 | BH284: G | BI284: 3 | BJ284: 3 | BK284: 1300 | BL284: INTERFACE
C285: 244482 | D285: 244482 | F285: 489 | G285: Modern Trade | H285: 23 | I285: MT Term 30-2 | J285: F213 DMCW-รชล-พระพุทธบาท | K285: 00000 หน่วยงานกลาง | L285: 923 | N285: 1A532424L0 | O285: บมจ. ซีพี แอ็กซ์ตร้า บ้านเบิก (3377) | P285: 1 | Q285: LOTUS บ้านเบิก (3377) | R285: 244481 | S285: 244482 | T285: H6954RLG0914109 | U285: 23039556 | V285: หมูบดปนมัน 30 % | W285: 1 | X285: 5 | Y285: 1 | Z285: 5 | AA285: 0 | AB285: 0 | AC285: 0 | AD285: 0 | AE285: 1 | AF285: 5 | AI285: OPRCD0489OPRCD00023OPRCDF213OPRCD00000OPRCD923 | AJ285: ซื้อ / ขาย | AK285: Main proudct | AL285: Bulk Normal | AM285: สุกร | AN285: MT1001 HYPER-Lotus | AO285: MT | AP285: 10 | AQ285: 1 | AT285: System Batch | AU285: 2026-05-12-12.11.25.000000 | AV285: ถุง | AW285: ก.ก. | AY285: 0 | AZ285: N | BA285: 1179740890691 | BD285: 1 | BF285: ;INCLUDE_We | BG285: 1333314600 | BH285: G | BI285: 1 | BJ285: 5 | BK285: 1300 | BL285: INTERFACE
C286: 244482 | D286: 244482 | F286: 489 | G286: Modern Trade | H286: 23 | I286: MT Term 30-2 | J286: F213 DMCW-รชล-พระพุทธบาท | K286: 00000 หน่วยงานกลาง | L286: 923 | N286: 1A532424L0 | O286: บมจ. ซีพี แอ็กซ์ตร้า บ้านเบิก (3377) | P286: 1 | Q286: LOTUS บ้านเบิก (3377) | R286: 244481 | S286: 244482 | T286: H6954RLG0914109 | U286: 23086968 | V286: สามชั้นตัดเส้น SIS กก.ละ | W286: 3 | X286: 3 | Y286: 3 | Z286: 3 | AA286: 0 | AB286: 0 | AC286: 0 | AD286: 0 | AE286: 3 | AF286: 3 | AI286: OPRCD0489OPRCD00023OPRCDF213OPRCD00000OPRCD923 | AJ286: ซื้อ / ขาย | AK286: Main proudct | AL286: Bulk Normal | AM286: สุกร | AN286: MT1001 HYPER-Lotus | AO286: MT | AP286: 10 | AQ286: 1 | AT286: System Batch | AU286: 2026-05-12-12.11.25.000000 | AV286: ก.ก. | AW286: ก.ก. | AY286: 0 | AZ286: N | BA286: 1179740890691 | BD286: 1 | BF286: ;INCLUDE_We | BG286: 1333314600 | BH286: G | BI286: 3 | BJ286: 3 | BK286: 1300 | BL286: INTERFACE
C287: 244482 | D287: 244482 | F287: 489 | G287: Modern Trade | H287: 23 | I287: MT Term 30-2 | J287: F213 DMCW-รชล-พระพุทธบาท | K287: 00000 หน่วยงานกลาง | L287: 923 | N287: 1A532424L0 | O287: บมจ. ซีพี แอ็กซ์ตร้า บ้านเบิก (3377) | P287: 1 | Q287: LOTUS บ้านเบิก (3377) | R287: 244481 | S287: 244482 | T287: H6954RLG0914109 | U287: 23090974 | V287: สันคอสไลซ์ SIS กก.ละ | W287: 3 | X287: 3 | Y287: 3 | Z287: 3 | AA287: 0 | AB287: 0 | AC287: 0 | AD287: 0 | AE287: 3 | AF287: 3 | AI287: OPRCD0489OPRCD00023OPRCDF213OPRCD00000OPRCD923 | AJ287: ซื้อ / ขาย | AK287: Main proudct | AL287: Bulk Normal | AM287: สุกร | AN287: MT1001 HYPER-Lotus | AO287: MT | AP287: 10 | AQ287: 1 | AT287: System Batch | AU287: 2026-05-12-12.11.25.000000 | AV287: ก.ก. | AW287: ก.ก. | AY287: 0 | AZ287: N | BA287: 1179740890691 | BD287: 1 | BF287: ;INCLUDE_We | BG287: 1333314600 | BH287: G | BI287: 3 | BJ287: 3 | BK287: 1300 | BL287: INTERFACE
C288: 244482 | D288: 244482 | F288: 489 | G288: Modern Trade | H288: 23 | I288: MT Term 30-2 | J288: F213 DMCW-รชล-พระพุทธบาท | K288: 00000 หน่วยงานกลาง | L288: 923 | N288: 1A532424L0 | O288: บมจ. ซีพี แอ็กซ์ตร้า บ้านเบิก (3377) | P288: 1 | Q288: LOTUS บ้านเบิก (3377) | R288: 244481 | S288: 244482 | T288: H6954RLG0914109 | U288: 23090984 | V288: สันนอกสไลซ์ SIS กก.ละ | W288: 3 | X288: 3 | Y288: 3 | Z288: 3 | AA288: 0 | AB288: 0 | AC288: 0 | AD288: 0 | AE288: 3 | AF288: 3 | AI288: OPRCD0489OPRCD00023OPRCDF213OPRCD00000OPRCD923 | AJ288: ซื้อ / ขาย | AK288: Main proudct | AL288: Bulk Normal | AM288: สุกร | AN288: MT1001 HYPER-Lotus | AO288: MT | AP288: 10 | AQ288: 1 | AT288: System Batch | AU288: 2026-05-12-12.11.25.000000 | AV288: ก.ก. | AW288: ก.ก. | AY288: 0 | AZ288: N | BA288: 1179740890691 | BD288: 1 | BF288: ;INCLUDE_We | BG288: 1333314600 | BH288: G | BI288: 3 | BJ288: 3 | BK288: 1300 | BL288: INTERFACE
C289: 244482 | D289: 244482 | F289: 489 | G289: Modern Trade | H289: 23 | I289: MT Term 30-2 | J289: F213 DMCW-รชล-พระพุทธบาท | K289: 00000 หน่วยงานกลาง | L289: 923 | N289: 1A531389L0 | O289: บมจ. ซีพี แอ็กซ์ตร้า ลานสัก (3503) | P289: 1 | Q289: LOTUS ลานสัก (3503) | R289: 244481 | S289: 244482 | T289: H6954RLG0914112 | U289: 23086966 | V289: สันในแต่ง SIS กก.ละ | W289: 3 | X289: 3 | Y289: 3 | Z289: 3 | AA289: 0 | AB289: 0 | AC289: 0 | AD289: 0 | AE289: 3 | AF289: 3 | AI289: OPRCD0489OPRCD00023OPRCDF213OPRCD00000OPRCD923 | AJ289: ซื้อ / ขาย | AK289: Main proudct | AL289: Bulk Normal | AM289: สุกร | AN289: MT1001 HYPER-Lotus | AO289: MT | AP289: 10 | AQ289: 1 | AT289: System Batch | AU289: 2026-05-12-12.11.25.000000 | AV289: ก.ก. | AW289: ก.ก. | AY289: 0 | AZ289: N | BA289: 1179740890716 | BD289: 1 | BF289: ;INCLUDE_We | BG289: 1333314600 | BH289: G | BI289: 3 | BJ289: 3 | BK289: 1300 | BL289: INTERFACE
C290: 244482 | D290: 244482 | F290: 489 | G290: Modern Trade | H290: 23 | I290: MT Term 30-2 | J290: F213 DMCW-รชล-พระพุทธบาท | K290: 00000 หน่วยงานกลาง | L290: 923 | N290: 1A531389L0 | O290: บมจ. ซีพี แอ็กซ์ตร้า ลานสัก (3503) | P290: 1 | Q290: LOTUS ลานสัก (3503) | R290: 244481 | S290: 244482 | T290: H6954RLG0914112 | U290: 23086964 | V290: สะโพกแต่งตัดชิ้น SIS กก.ละ | W290: 3 | X290: 3 | Y290: 3 | Z290: 3 | AA290: 0 | AB290: 0 | AC290: 0 | AD290: 0 | AE290: 3 | AF290: 3 | AI290: OPRCD0489OPRCD00023OPRCDF213OPRCD00000OPRCD923 | AJ290: ซื้อ / ขาย | AK290: Main proudct | AL290: Bulk Normal | AM290: สุกร | AN290: MT1001 HYPER-Lotus | AO290: MT | AP290: 10 | AQ290: 1 | AT290: System Batch | AU290: 2026-05-12-12.11.25.000000 | AV290: ก.ก. | AW290: ก.ก. | AY290: 0 | AZ290: N | BA290: 1179740890716 | BD290: 1 | BF290: ;INCLUDE_We | BG290: 1333314600 | BH290: G | BI290: 3 | BJ290: 3 | BK290: 1300 | BL290: INTERFACE
C291: 244482 | D291: 244482 | F291: 489 | G291: Modern Trade | H291: 23 | I291: MT Term 30-2 | J291: F213 DMCW-รชล-พระพุทธบาท | K291: 00000 หน่วยงานกลาง | L291: 923 | N291: 1A531389L0 | O291: บมจ. ซีพี แอ็กซ์ตร้า ลานสัก (3503) | P291: 1 | Q291: LOTUS ลานสัก (3503) | R291: 244481 | S291: 244482 | T291: H6954RLG0914112 | U291: 23039556 | V291: หมูบดปนมัน 30 % | W291: 1 | X291: 5 | Y291: 1 | Z291: 5 | AA291: 0 | AB291: 0 | AC291: 0 | AD291: 0 | AE291: 1 | AF291: 5 | AI291: OPRCD0489OPRCD00023OPRCDF213OPRCD00000OPRCD923 | AJ291: ซื้อ / ขาย | AK291: Main proudct | AL291: Bulk Normal | AM291: สุกร | AN291: MT1001 HYPER-Lotus | AO291: MT | AP291: 10 | AQ291: 1 | AT291: System Batch | AU291: 2026-05-12-12.11.25.000000 | AV291: ถุง | AW291: ก.ก. | AY291: 0 | AZ291: N | BA291: 1179740890716 | BD291: 1 | BF291: ;INCLUDE_We | BG291: 1333314600 | BH291: G | BI291: 1 | BJ291: 5 | BK291: 1300 | BL291: INTERFACE
C292: 244482 | D292: 244482 | F292: 489 | G292: Modern Trade | H292: 23 | I292: MT Term 30-2 | J292: F213 DMCW-รชล-พระพุทธบาท | K292: 00000 หน่วยงานกลาง | L292: 923 | N292: 1A531389L0 | O292: บมจ. ซีพี แอ็กซ์ตร้า ลานสัก (3503) | P292: 1 | Q292: LOTUS ลานสัก (3503) | R292: 244481 | S292: 244482 | T292: H6954RLG0914112 | U292: 23086963 | V292: เนื้อแดงแต่งตัดชิ้น SIS กก.ละ | W292: 3 | X292: 3 | Y292: 3 | Z292: 3 | AA292: 0 | AB292: 0 | AC292: 0 | AD292: 0 | AE292: 3 | AF292: 3 | AI292: OPRCD0489OPRCD00023OPRCDF213OPRCD00000OPRCD923 | AJ292: ซื้อ / ขาย | AK292: Main proudct | AL292: Bulk Normal | AM292: สุกร | AN292: MT1001 HYPER-Lotus | AO292: MT | AP292: 10 | AQ292: 1 | AT292: System Batch | AU292: 2026-05-12-12.11.25.000000 | AV292: ก.ก. | AW292: ก.ก. | AY292: 0 | AZ292: N | BA292: 1179740890716 | BD292: 1 | BF292: ;INCLUDE_We | BG292: 1333314600 | BH292: G | BI292: 3 | BJ292: 3 | BK292: 1300 | BL292: INTERFACE
... C303: 244482 | D303: 244482 | F303: 489 | G303: Modern Trade | H303: 23 | I303: MT Term 30-2 | J303: F213 DMCW-รชล-พระพุทธบาท | K303: 00000 หน่วยงานกลาง | L303: 923 | N303: 1A531389L0 | O303: บมจ. ซีพี แอ็กซ์ตร้า ลานสัก (3503) | P303: 1 | Q303: LOTUS ลานสัก (3503) | R303: 244481 | S303: 244482 | T303: H6954RLG0914112 | U303: 23086969 | V303: ซี่โครงแข็งตัดเส้น 2 นิ้ว SIS กก.ละ | W303: 3 | X303: 3 | Y303: 3 | Z303: 3 | AA303: 0 | AB303: 0 | AC303: 0 | AD303: 0 | AE303: 3 | AF303: 3 | AI303: OPRCD0489OPRCD00023OPRCDF213OPRCD00000OPRCD923 | AJ303: ซื้อ / ขาย | AK303: Main proudct | AL303: Bulk Normal | AM303: สุกร | AN303: MT1001 HYPER-Lotus | AO303: MT | AP303: 10 | AQ303: 1 | AT303: System Batch | AU303: 2026-05-12-12.11.25.000000 | AV303: ก.ก. | AW303: ก.ก. | AY303: 0 | AZ303: N | BA303: 1179740890716 | BD303: 1 | BF303: ;INCLUDE_We | BG303: 1333314600 | BH303: G | BI303: 3 | BJ303: 3 | BK303: 1300 | BL303: INTERFACE
C304: 244482 | D304: 244482 | F304: 489 | G304: Modern Trade | H304: 23 | I304: MT Term 30-2 | J304: F213 DMCW-รชล-พระพุทธบาท | K304: 00000 หน่วยงานกลาง | L304: 923 | N304: 1A532860L0 | O304: บมจ. ซีพี แอ็กซ์ตร้า สามแยกไฟฟ้า แก่งคอย (3755) | P304: 1 | Q304: สามแยกไฟฟ้า แก่งคอย (3755) | R304: 244481 | S304: 244482 | T304: H6954RLG0914116 | U304: 23095547 | V304: เนื้อหมูหั่นชิ้น (SIS) กก. ละ | W304: 3 | X304: 3 | Y304: 3 | Z304: 3 | AA304: 0 | AB304: 0 | AC304: 0 | AD304: 0 | AE304: 3 | AF304: 3 | AI304: OPRCD0489OPRCD00023OPRCDF213OPRCD00000OPRCD923 | AJ304: ซื้อ / ขาย | AK304: Main proudct | AL304: Bulk Normal | AM304: สุกร | AN304: MT1001 HYPER-Lotus | AO304: MT | AP304: 10 | AQ304: 1 | AT304: System Batch | AU304: 2026-05-12-12.11.25.000000 | AV304: ก.ก. | AW304: ก.ก. | AY304: 0 | AZ304: N | BA304: 1179740890745 | BD304: 1 | BF304: ;INCLUDE_We | BG304: 1333314600 | BH304: G | BI304: 3 | BJ304: 3 | BL304: INTERFACE
C305: 244482 | D305: 244482 | F305: 489 | G305: Modern Trade | H305: 23 | I305: MT Term 30-2 | J305: F213 DMCW-รชล-พระพุทธบาท | K305: 00000 หน่วยงานกลาง | L305: 923 | N305: 1A532860L0 | O305: บมจ. ซีพี แอ็กซ์ตร้า สามแยกไฟฟ้า แก่งคอย (3755) | P305: 1 | Q305: สามแยกไฟฟ้า แก่งคอย (3755) | R305: 244481 | S305: 244482 | T305: H6954RLG0914116 | U305: 23090967 | V305: กระดูกซุป SIS กก.ละ | W305: 3 | X305: 3 | Y305: 3 | Z305: 3 | AA305: 0 | AB305: 0 | AC305: 0 | AD305: 0 | AE305: 3 | AF305: 3 | AI305: OPRCD0489OPRCD00023OPRCDF213OPRCD00000OPRCD923 | AJ305: ซื้อ / ขาย | AK305: By proudct | AL305: Bulk Normal | AM305: สุกร | AN305: MT1001 HYPER-Lotus | AO305: MT | AP305: 10 | AQ305: 1 | AT305: System Batch | AU305: 2026-05-12-12.11.25.000000 | AV305: ก.ก. | AW305: ก.ก. | AY305: 0 | AZ305: N | BA305: 1179740890745 | BD305: 1 | BF305: ;INCLUDE_We | BG305: 1333314600 | BH305: G | BI305: 3 | BJ305: 3 | BL305: INTERFACE
C306: 244482 | D306: 244482 | F306: 489 | G306: Modern Trade | H306: 23 | I306: MT Term 30-2 | J306: F213 DMCW-รชล-พระพุทธบาท | K306: 00000 หน่วยงานกลาง | L306: 923 | N306: 1A532860L0 | O306: บมจ. ซีพี แอ็กซ์ตร้า สามแยกไฟฟ้า แก่งคอย (3755) | P306: 1 | Q306: สามแยกไฟฟ้า แก่งคอย (3755) | R306: 244481 | S306: 244482 | T306: H6954RLG0914116 | U306: 23086966 | V306: สันในแต่ง SIS กก.ละ | W306: 3 | X306: 3 | Y306: 3 | Z306: 3 | AA306: 0 | AB306: 0 | AC306: 0 | AD306: 0 | AE306: 3 | AF306: 3 | AI306: OPRCD0489OPRCD00023OPRCDF213OPRCD00000OPRCD923 | AJ306: ซื้อ / ขาย | AK306: Main proudct | AL306: Bulk Normal | AM306: สุกร | AN306: MT1001 HYPER-Lotus | AO306: MT | AP306: 10 | AQ306: 1 | AT306: System Batch | AU306: 2026-05-12-12.11.25.000000 | AV306: ก.ก. | AW306: ก.ก. | AY306: 0 | AZ306: N | BA306: 1179740890745 | BD306: 1 | BF306: ;INCLUDE_We | BG306: 1333314600 | BH306: G | BI306: 3 | BJ306: 3 | BL306: INTERFACE
C307: 244482 | D307: 244482 | F307: 489 | G307: Modern Trade | H307: 23 | I307: MT Term 30-2 | J307: F213 DMCW-รชล-พระพุทธบาท | K307: 00000 หน่วยงานกลาง | L307: 923 | N307: 1A532860L0 | O307: บมจ. ซีพี แอ็กซ์ตร้า สามแยกไฟฟ้า แก่งคอย (3755) | P307: 1 | Q307: สามแยกไฟฟ้า แก่งคอย (3755) | R307: 244481 | S307: 244482 | T307: H6954RLG0914116 | U307: 23090975 | V307: สามชั้นสไลซ์ SIS กก.ละ | W307: 6 | X307: 6 | Y307: 6 | Z307: 6 | AA307: 0 | AB307: 0 | AC307: 0 | AD307: 0 | AE307: 6 | AF307: 6 | AI307: OPRCD0489OPRCD00023OPRCDF213OPRCD00000OPRCD923 | AJ307: ซื้อ / ขาย | AK307: Main proudct | AL307: Bulk Normal | AM307: สุกร | AN307: MT1001 HYPER-Lotus | AO307: MT | AP307: 10 | AQ307: 1 | AT307: System Batch | AU307: 2026-05-12-12.11.25.000000 | AV307: ก.ก. | AW307: ก.ก. | AY307: 0 | AZ307: N | BA307: 1179740890745 | BD307: 1 | BF307: ;INCLUDE_We | BG307: 1333314600 | BH307: G | BI307: 6 | BJ307: 6 | BL307: INTERFACE
C308: 244482 | D308: 244482 | F308: 489 | G308: Modern Trade | H308: 23 | I308: MT Term 30-2 | J308: F213 DMCW-รชล-พระพุทธบาท | K308: 00000 หน่วยงานกลาง | L308: 923 | N308: 1A532860L0 | O308: บมจ. ซีพี แอ็กซ์ตร้า สามแยกไฟฟ้า แก่งคอย (3755) | P308: 1 | Q308: สามแยกไฟฟ้า แก่งคอย (3755) | R308: 244481 | S308: 244482 | T308: H6954RLG0914116 | U308: 23086963 | V308: เนื้อแดงแต่งตัดชิ้น SIS กก.ละ | W308: 6 | X308: 6 | Y308: 6 | Z308: 6 | AA308: 0 | AB308: 0 | AC308: 0 | AD308: 0 | AE308: 6 | AF308: 6 | AI308: OPRCD0489OPRCD00023OPRCDF213OPRCD00000OPRCD923 | AJ308: ซื้อ / ขาย | AK308: Main proudct | AL308: Bulk Normal | AM308: สุกร | AN308: MT1001 HYPER-Lotus | AO308: MT | AP308: 10 | AQ308: 1 | AT308: System Batch | AU308: 2026-05-12-12.11.25.000000 | AV308: ก.ก. | AW308: ก.ก. | AY308: 0 | AZ308: N | BA308: 1179740890745 | BD308: 1 | BF308: ;INCLUDE_We | BG308: 1333314600 | BH308: G | BI308: 6 | BJ308: 6 | BL308: INTERFACE
C309: 244482 | D309: 244482 | F309: 489 | G309: Modern Trade | H309: 23 | I309: MT Term 30-2 | J309: F213 DMCW-รชล-พระพุทธบาท | K309: 00000 หน่วยงานกลาง | L309: 923 | N309: 1A532860L0 | O309: บมจ. ซีพี แอ็กซ์ตร้า สามแยกไฟฟ้า แก่งคอย (3755) | P309: 1 | Q309: สามแยกไฟฟ้า แก่งคอย (3755) | R309: 244481 | S309: 244482 | T309: H6954RLG0914116 | U309: 23086969 | V309: ซี่โครงแข็งตัดเส้น 2 นิ้ว SIS กก.ละ | W309: 3 | X309: 3 | Y309: 3 | Z309: 3 | AA309: 0 | AB309: 0 | AC309: 0 | AD309: 0 | AE309: 3 | AF309: 3 | AI309: OPRCD0489OPRCD00023OPRCDF213OPRCD00000OPRCD923 | AJ309: ซื้อ / ขาย | AK309: Main proudct | AL309: Bulk Normal | AM309: สุกร | AN309: MT1001 HYPER-Lotus | AO309: MT | AP309: 10 | AQ309: 1 | AT309: System Batch | AU309: 2026-05-12-12.11.25.000000 | AV309: ก.ก. | AW309: ก.ก. | AY309: 0 | AZ309: N | BA309: 1179740890745 | BD309: 1 | BF309: ;INCLUDE_We | BG309: 1333314600 | BH309: G | BI309: 3 | BJ309: 3 | BL309: INTERFACE
C310: 244482 | D310: 244482 | F310: 489 | G310: Modern Trade | H310: 23 | I310: MT Term 30-2 | J310: F213 DMCW-รชล-พระพุทธบาท | K310: 00000 หน่วยงานกลาง | L310: 923 | N310: 1A532860L0 | O310: บมจ. ซีพี แอ็กซ์ตร้า สามแยกไฟฟ้า แก่งคอย (3755) | P310: 1 | Q310: สามแยกไฟฟ้า แก่งคอย (3755) | R310: 244481 | S310: 244482 | T310: H6954RLG0914116 | U310: 23086967 | V310: สันคอแต่งตัดชิ้น SIS กก.ละ | W310: 3 | X310: 3 | Y310: 3 | Z310: 3 | AA310: 0 | AB310: 0 | AC310: 0 | AD310: 0 | AE310: 3 | AF310: 3 | AI310: OPRCD0489OPRCD00023OPRCDF213OPRCD00000OPRCD923 | AJ310: ซื้อ / ขาย | AK310: Main proudct | AL310: Bulk Normal | AM310: สุกร | AN310: MT1001 HYPER-Lotus | AO310: MT | AP310: 10 | AQ310: 1 | AT310: System Batch | AU310: 2026-05-12-12.11.25.000000 | AV310: ก.ก. | AW310: ก.ก. | AY310: 0 | AZ310: N | BA310: 1179740890745 | BD310: 1 | BF310: ;INCLUDE_We | BG310: 1333314600 | BH310: G | BI310: 3 | BJ310: 3 | BL310: INTERFACE
C311: 244482 | D311: 244482 | F311: 489 | G311: Modern Trade | H311: 23 | I311: MT Term 30-2 | J311: F213 DMCW-รชล-พระพุทธบาท | K311: 00000 หน่วยงานกลาง | L311: 923 | N311: 1A532860L0 | O311: บมจ. ซีพี แอ็กซ์ตร้า สามแยกไฟฟ้า แก่งคอย (3755) | P311: 1 | Q311: สามแยกไฟฟ้า แก่งคอย (3755) | R311: 244481 | S311: 244482 | T311: H6954RLG0914116 | U311: 23086964 | V311: สะโพกแต่งตัดชิ้น SIS กก.ละ | W311: 3 | X311: 3 | Y311: 3 | Z311: 3 | AA311: 0 | AB311: 0 | AC311: 0 | AD311: 0 | AE311: 3 | AF311: 3 | AI311: OPRCD0489OPRCD00023OPRCDF213OPRCD00000OPRCD923 | AJ311: ซื้อ / ขาย | AK311: Main proudct | AL311: Bulk Normal | AM311: สุกร | AN311: MT1001 HYPER-Lotus | AO311: MT | AP311: 10 | AQ311: 1 | AT311: System Batch | AU311: 2026-05-12-12.11.25.000000 | AV311: ก.ก. | AW311: ก.ก. | AY311: 0 | AZ311: N | BA311: 1179740890745 | BD311: 1 | BF311: ;INCLUDE_We | BG311: 1333314600 | BH311: G | BI311: 3 | BJ311: 3 | BL311: INTERFACE
C312: 244482 | D312: 244482 | F312: 489 | G312: Modern Trade | H312: 23 | I312: MT Term 30-2 | J312: F213 DMCW-รชล-พระพุทธบาท | K312: 00000 หน่วยงานกลาง | L312: 923 | N312: 1A532860L0 | O312: บมจ. ซีพี แอ็กซ์ตร้า สามแยกไฟฟ้า แก่งคอย (3755) | P312: 1 | Q312: สามแยกไฟฟ้า แก่งคอย (3755) | R312: 244481 | S312: 244482 | T312: H6954RLG0914116 | U312: 23086968 | V312: สามชั้นตัดเส้น SIS กก.ละ | W312: 6 | X312: 6 | Y312: 6 | Z312: 6 | AA312: 0 | AB312: 0 | AC312: 0 | AD312: 0 | AE312: 6 | AF312: 6 | AI312: OPRCD0489OPRCD00023OPRCDF213OPRCD00000OPRCD923 | AJ312: ซื้อ / ขาย | AK312: Main proudct | AL312: Bulk Normal | AM312: สุกร | AN312: MT1001 HYPER-Lotus | AO312: MT | AP312: 10 | AQ312: 1 | AT312: System Batch | AU312: 2026-05-12-12.11.25.000000 | AV312: ก.ก. | AW312: ก.ก. | AY312: 0 | AZ312: N | BA312: 1179740890745 | BD312: 1 | BF312: ;INCLUDE_We | BG312: 1333314600 | BH312: G | BI312: 6 | BJ312: 6 | BL312: INTERFACE
C313: 244482 | D313: 244482 | F313: 489 | G313: Modern Trade | H313: 23 | I313: MT Term 30-2 | J313: F213 DMCW-รชล-พระพุทธบาท | K313: 00000 หน่วยงานกลาง | L313: 923 | N313: 1A532860L0 | O313: บมจ. ซีพี แอ็กซ์ตร้า สามแยกไฟฟ้า แก่งคอย (3755) | P313: 1 | Q313: สามแยกไฟฟ้า แก่งคอย (3755) | R313: 244481 | S313: 244482 | T313: H6954RLG0914116 | U313: 23039556 | V313: หมูบดปนมัน 30 % | W313: 2 | X313: 10 | Y313: 2 | Z313: 10 | AA313: 0 | AB313: 0 | AC313: 0 | AD313: 0 | AE313: 2 | AF313: 10 | AI313: OPRCD0489OPRCD00023OPRCDF213OPRCD00000OPRCD923 | AJ313: ซื้อ / ขาย | AK313: Main proudct | AL313: Bulk Normal | AM313: สุกร | AN313: MT1001 HYPER-Lotus | AO313: MT | AP313: 10 | AQ313: 1 | AT313: System Batch | AU313: 2026-05-12-12.11.25.000000 | AV313: ถุง | AW313: ก.ก. | AY313: 0 | AZ313: N | BA313: 1179740890745 | BD313: 1 | BF313: ;INCLUDE_We | BG313: 1333314600 | BH313: G | BI313: 2 | BJ313: 10 | BL313: INTERFACE
C314: 244482 | D314: 244482 | F314: 489 | G314: Modern Trade | H314: 23 | I314: MT Term 30-2 | J314: F213 DMCW-รชล-พระพุทธบาท | K314: 00000 หน่วยงานกลาง | L314: 923 | N314: 1A532860L0 | O314: บมจ. ซีพี แอ็กซ์ตร้า สามแยกไฟฟ้า แก่งคอย (3755) | P314: 1 | Q314: สามแยกไฟฟ้า แก่งคอย (3755) | R314: 244481 | S314: 244482 | T314: H6954RLG0914116 | U314: 23095553 | V314: กระดูกอ่อนใบพาย (SIS) กก. ละ | W314: 3 | X314: 3 | Y314: 3 | Z314: 3 | AA314: 0 | AB314: 0 | AC314: 0 | AD314: 0 | AE314: 3 | AF314: 3 | AI314: OPRCD0489OPRCD00023OPRCDF213OPRCD00000OPRCD923 | AJ314: ซื้อ / ขาย | AK314: By proudct | AL314: Bulk Normal | AM314: สุกร | AN314: MT1001 HYPER-Lotus | AO314: MT | AP314: 10 | AQ314: 1 | AT314: System Batch | AU314: 2026-05-12-12.11.25.000000 | AV314: ก.ก. | AW314: ก.ก. | AY314: 0 | AZ314: N | BA314: 1179740890745 | BD314: 1 | BF314: ;INCLUDE_We | BG314: 1333314600 | BH314: G | BI314: 3 | BJ314: 3 | BL314: INTERFACE
C315: 244482 | D315: 244482 | F315: 489 | G315: Modern Trade | H315: 23 | I315: MT Term 30-2 | J315: F213 DMCW-รชล-พระพุทธบาท | K315: 00000 หน่วยงานกลาง | L315: 923 | N315: 1A532294L0 | O315: บมจ. ซีพี แอ็กซ์ตร้า บ้านหมี่-ลพบุรี (4229) | P315: 1 | Q315: LOTUS บ้านหมี่-ลพบุรี (4229) | R315: 244481 | S315: 244482 | T315: H6954RLG0914117 | U315: 23095547 | V315: เนื้อหมูหั่นชิ้น (SIS) กก. ละ | W315: 30 | X315: 30 | Y315: 30 | Z315: 30 | AA315: 0 | AB315: 0 | AC315: 0 | AD315: 0 | AE315: 30 | AF315: 30 | AI315: OPRCD0489OPRCD00023OPRCDF213OPRCD00000OPRCD923 | AJ315: ซื้อ / ขาย | AK315: Main proudct | AL315: Bulk Normal | AM315: สุกร | AN315: MT1001 HYPER-Lotus | AO315: MT | AP315: 10 | AQ315: 1 | AT315: System Batch | AU315: 2026-05-12-12.11.25.000000 | AV315: ก.ก. | AW315: ก.ก. | AY315: 0 | AZ315: N | BA315: 1179740890748 | BD315: 1 | BF315: ;INCLUDE_We | BG315: 1333314600 | BH315: G | BI315: 30 | BJ315: 30 | BK315: 1300 | BL315: INTERFACE
C316: 244482 | D316: 244482 | F316: 489 | G316: Modern Trade | H316: 23 | I316: MT Term 30-2 | J316: F213 DMCW-รชล-พระพุทธบาท | K316: 00000 หน่วยงานกลาง | L316: 923 | N316: 1A532294L0 | O316: บมจ. ซีพี แอ็กซ์ตร้า บ้านหมี่-ลพบุรี (4229) | P316: 1 | Q316: LOTUS บ้านหมี่-ลพบุรี (4229) | R316: 244481 | S316: 244482 | T316: H6954RLG0914117 | U316: 23086967 | V316: สันคอแต่งตัดชิ้น SIS กก.ละ | W316: 6 | X316: 6 | Y316: 6 | Z316: 6 | AA316: 0 | AB316: 0 | AC316: 0 | AD316: 0 | AE316: 6 | AF316: 6 | AI316: OPRCD0489OPRCD00023OPRCDF213OPRCD00000OPRCD923 | AJ316: ซื้อ / ขาย | AK316: Main proudct | AL316: Bulk Normal | AM316: สุกร | AN316: MT1001 HYPER-Lotus | AO316: MT | AP316: 10 | AQ316: 1 | AT316: System Batch | AU316: 2026-05-12-12.11.25.000000 | AV316: ก.ก. | AW316: ก.ก. | AY316: 0 | AZ316: N | BA316: 1179740890748 | BD316: 1 | BF316: ;INCLUDE_We | BG316: 1333314600 | BH316: G | BI316: 6 | BJ316: 6 | BK316: 1300 | BL316: INTERFACE
C317: 244482 | D317: 244482 | F317: 489 | G317: Modern Trade | H317: 23 | I317: MT Term 30-2 | J317: F213 DMCW-รชล-พระพุทธบาท | K317: 00000 หน่วยงานกลาง | L317: 923 | N317: 1A532294L0 | O317: บมจ. ซีพี แอ็กซ์ตร้า บ้านหมี่-ลพบุรี (4229) | P317: 1 | Q317: LOTUS บ้านหมี่-ลพบุรี (4229) | R317: 244481 | S317: 244482 | T317: H6954RLG0914117 | U317: 23057690 | V317: กระดูกอ่อนTT | W317: 5 | X317: 5 | Y317: 5 | Z317: 5 | AA317: 0 | AB317: 0 | AC317: 0 | AD317: 0 | AE317: 5 | AF317: 5 | AI317: OPRCD0489OPRCD00023OPRCDF213OPRCD00000OPRCD923 | AJ317: ซื้อ / ขาย | AK317: By proudct | AL317: Bulk Normal | AM317: สุกร | AN317: MT1001 HYPER-Lotus | AO317: MT | AP317: 10 | AQ317: 1 | AT317: System Batch | AU317: 2026-05-12-12.11.25.000000 | AV317: ก.ก. | AW317: ก.ก. | AY317: 0 | AZ317: N | BA317: 1179740890748 | BD317: 1 | BF317: ;INCLUDE_We | BG317: 1333314600 | BH317: G | BI317: 5 | BJ317: 5 | BK317: 1300 | BL317: INTERFACE
C318: 244482 | D318: 244482 | F318: 489 | G318: Modern Trade | H318: 23 | I318: MT Term 30-2 | J318: F213 DMCW-รชล-พระพุทธบาท | K318: 00000 หน่วยงานกลาง | L318: 923 | N318: 1A532294L0 | O318: บมจ. ซีพี แอ็กซ์ตร้า บ้านหมี่-ลพบุรี (4229) | P318: 1 | Q318: LOTUS บ้านหมี่-ลพบุรี (4229) | R318: 244481 | S318: 244482 | T318: H6954RLG0914117 | U318: 23057698 | V318: หมูบดTT | W318: 50 | X318: 50 | Y318: 50 | Z318: 50 | AA318: 0 | AB318: 0 | AC318: 0 | AD318: 0 | AE318: 50 | AF318: 50 | AI318: OPRCD0489OPRCD00023OPRCDF213OPRCD00000OPRCD923 | AJ318: ซื้อ / ขาย | AK318: Main proudct | AL318: Bulk Normal | AM318: สุกร | AN318: MT1001 HYPER-Lotus | AO318: MT | AP318: 10 | AQ318: 1 | AT318: System Batch | AU318: 2026-05-12-12.11.25.000000 | AV318: ก.ก. | AW318: ก.ก. | AY318: 0 | AZ318: N | BA318: 1179740890748 | BD318: 1 | BF318: ;INCLUDE_We | BG318: 1333314600 | BH318: G | BI318: 50 | BJ318: 50 | BK318: 1300 | BL318: INTERFACE
C319: 244482 | D319: 244482 | F319: 489 | G319: Modern Trade | H319: 23 | I319: MT Term 30-2 | J319: F213 DMCW-รชล-พระพุทธบาท | K319: 00000 หน่วยงานกลาง | L319: 923 | N319: 1A532294L0 | O319: บมจ. ซีพี แอ็กซ์ตร้า บ้านหมี่-ลพบุรี (4229) | P319: 1 | Q319: LOTUS บ้านหมี่-ลพบุรี (4229) | R319: 244481 | S319: 244482 | T319: H6954RLG0914117 | U319: 23057700 | V319: ซี่โครงTT | W319: 10 | X319: 10 | Y319: 10 | Z319: 10 | AA319: 0 | AB319: 0 | AC319: 0 | AD319: 0 | AE319: 10 | AF319: 10 | AI319: OPRCD0489OPRCD00023OPRCDF213OPRCD00000OPRCD923 | AJ319: ซื้อ / ขาย | AK319: Main proudct | AL319: Bulk Normal | AM319: สุกร | AN319: MT1001 HYPER-Lotus | AO319: MT | AP319: 10 | AQ319: 1 | AT319: System Batch | AU319: 2026-05-12-12.11.25.000000 | AV319: ก.ก. | AW319: ก.ก. | AY319: 0 | AZ319: N | BA319: 1179740890748 | BD319: 1 | BF319: ;INCLUDE_We | BG319: 1333314600 | BH319: G | BI319: 10 | BJ319: 10 | BK319: 1300 | BL319: INTERFACE
C320: 244482 | D320: 244482 | F320: 489 | G320: Modern Trade | H320: 23 | I320: MT Term 30-2 | J320: F213 DMCW-รชล-พระพุทธบาท | K320: 00000 หน่วยงานกลาง | L320: 923 | N320: 1A532294L0 | O320: บมจ. ซีพี แอ็กซ์ตร้า บ้านหมี่-ลพบุรี (4229) | P320: 1 | Q320: LOTUS บ้านหมี่-ลพบุรี (4229) | R320: 244481 | S320: 244482 | T320: H6954RLG0914117 | U320: 23086964 | V320: สะโพกแต่งตัดชิ้น SIS กก.ละ | W320: 45 | X320: 45 | Y320: 45 | Z320: 45 | AA320: 0 | AB320: 0 | AC320: 0 | AD320: 0 | AE320: 45 | AF320: 45 | AI320: OPRCD0489OPRCD00023OPRCDF213OPRCD00000OPRCD923 | AJ320: ซื้อ / ขาย | AK320: Main proudct | AL320: Bulk Normal | AM320: สุกร | AN320: MT1001 HYPER-Lotus | AO320: MT | AP320: 10 | AQ320: 1 | AT320: System Batch | AU320: 2026-05-12-12.11.25.000000 | AV320: ก.ก. | AW320: ก.ก. | AY320: 0 | AZ320: N | BA320: 1179740890748 | BD320: 1 | BF320: ;INCLUDE_We | BG320: 1333314600 | BH320: G | BI320: 45 | BJ320: 45 | BK320: 1300 | BL320: INTERFACE
C321: 244482 | D321: 244482 | F321: 489 | G321: Modern Trade | H321: 23 | I321: MT Term 30-2 | J321: F213 DMCW-รชล-พระพุทธบาท | K321: 00000 หน่วยงานกลาง | L321: 923 | N321: 1A532294L0 | O321: บมจ. ซีพี แอ็กซ์ตร้า บ้านหมี่-ลพบุรี (4229) | P321: 1 | Q321: LOTUS บ้านหมี่-ลพบุรี (4229) | R321: 244481 | S321: 244482 | T321: H6954RLG0914117 | U321: 23069300 | V321: ชิ้นเนื้อหมูบดTT | W321: 10 | X321: 10 | Y321: 10 | Z321: 10 | AA321: 0 | AB321: 0 | AC321: 0 | AD321: 0 | AE321: 10 | AF321: 10 | AI321: OPRCD0489OPRCD00023OPRCDF213OPRCD00000OPRCD923 | AJ321: ซื้อ / ขาย | AK321: Main proudct | AL321: Bulk Normal | AM321: สุกร | AN321: MT1001 HYPER-Lotus | AO321: MT | AP321: 10 | AQ321: 1 | AT321: System Batch | AU321: 2026-05-12-12.11.25.000000 | AV321: ก.ก. | AW321: ก.ก. | AY321: 0 | AZ321: N | BA321: 1179740890748 | BD321: 1 | BF321: ;INCLUDE_We | BG321: 1333314600 | BH321: G | BI321: 10 | BJ321: 10 | BK321: 1300 | BL321: INTERFACE
C322: 244482 | D322: 244482 | F322: 489 | G322: Modern Trade | H322: 23 | I322: MT Term 30-2 | J322: F213 DMCW-รชล-พระพุทธบาท | K322: 00000 หน่วยงานกลาง | L322: 923 | N322: 1A532294L0 | O322: บมจ. ซีพี แอ็กซ์ตร้า บ้านหมี่-ลพบุรี (4229) | P322: 1 | Q322: LOTUS บ้านหมี่-ลพบุรี (4229) | R322: 244481 | S322: 244482 | T322: H6954RLG0914117 | U322: 23086968 | V322: สามชั้นตัดเส้น SIS กก.ละ | W322: 15 | X322: 15 | Y322: 15 | Z322: 15 | AA322: 0 | AB322: 0 | AC322: 0 | AD322: 0 | AE322: 15 | AF322: 15 | AI322: OPRCD0489OPRCD00023OPRCDF213OPRCD00000OPRCD923 | AJ322: ซื้อ / ขาย | AK322: Main proudct | AL322: Bulk Normal | AM322: สุกร | AN322: MT1001 HYPER-Lotus | AO322: MT | AP322: 10 | AQ322: 1 | AT322: System Batch | AU322: 2026-05-12-12.11.25.000000 | AV322: ก.ก. | AW322: ก.ก. | AY322: 0 | AZ322: N | BA322: 1179740890748 | BD322: 1 | BF322: ;INCLUDE_We | BG322: 1333314600 | BH322: G | BI322: 15 | BJ322: 15 | BK322: 1300 | BL322: INTERFACE
C323: 244482 | D323: 244482 | F323: 489 | G323: Modern Trade | H323: 23 | I323: MT Term 30-2 | J323: F213 DMCW-รชล-พระพุทธบาท | K323: 00000 หน่วยงานกลาง | L323: 923 | N323: 1A532294L0 | O323: บมจ. ซีพี แอ็กซ์ตร้า บ้านหมี่-ลพบุรี (4229) | P323: 1 | Q323: LOTUS บ้านหมี่-ลพบุรี (4229) | R323: 244481 | S323: 244482 | T323: H6954RLG0914117 | U323: 23000188 | V323: ตับหมู | W323: 6 | X323: 6 | Y323: 6 | Z323: 6 | AA323: 0 | AB323: 0 | AC323: 0 | AD323: 0 | AE323: 6 | AF323: 6 | AI323: OPRCD0489OPRCD00023OPRCDF213OPRCD00000OPRCD923 | AJ323: ซื้อ / ขาย | AK323: By proudct | AL323: Bulk Normal | AM323: สุกร | AN323: MT1001 HYPER-Lotus | AO323: MT | AP323: 10 | AQ323: 1 | AT323: System Batch | AU323: 2026-05-12-12.11.25.000000 | AV323: ก.ก. | AW323: ก.ก. | AY323: 0 | AZ323: N | BA323: 1179740890748 | BD323: 1 | BF323: ;INCLUDE_We | BG323: 1333314600 | BH323: G | BI323: 6 | BJ323: 6 | BK323: 1300 | BL323: INTERFACE
C324: 244482 | D324: 244482 | F324: 489 | G324: Modern Trade | H324: 23 | I324: MT Term 30-2 | J324: F213 DMCW-รชล-พระพุทธบาท | K324: 00000 หน่วยงานกลาง | L324: 923 | N324: 1A532294L0 | O324: บมจ. ซีพี แอ็กซ์ตร้า บ้านหมี่-ลพบุรี (4229) | P324: 1 | Q324: LOTUS บ้านหมี่-ลพบุรี (4229) | R324: 244481 | S324: 244482 | T324: H6954RLG0914117 | U324: 23057688 | V324: กระดูกซุปTT | W324: 20 | X324: 20 | Y324: 20 | Z324: 20 | AA324: 0 | AB324: 0 | AC324: 0 | AD324: 0 | AE324: 20 | AF324: 20 | AI324: OPRCD0489OPRCD00023OPRCDF213OPRCD00000OPRCD923 | AJ324: ซื้อ / ขาย | AK324: By proudct | AL324: Bulk Normal | AM324: สุกร | AN324: MT1001 HYPER-Lotus | AO324: MT | AP324: 10 | AQ324: 1 | AT324: System Batch | AU324: 2026-05-12-12.11.25.000000 | AV324: ก.ก. | AW324: ก.ก. | AY324: 0 | AZ324: N | BA324: 1179740890748 | BD324: 1 | BF324: ;INCLUDE_We | BG324: 1333314600 | BH324: G | BI324: 20 | BJ324: 20 | BK324: 1300 | BL324: INTERFACE
C325: 244482 | D325: 244482 | F325: 489 | G325: Modern Trade | H325: 23 | I325: MT Term 30-2 | J325: F213 DMCW-รชล-พระพุทธบาท | K325: 00000 หน่วยงานกลาง | L325: 923 | N325: 1A532294L0 | O325: บมจ. ซีพี แอ็กซ์ตร้า บ้านหมี่-ลพบุรี (4229) | P325: 1 | Q325: LOTUS บ้านหมี่-ลพบุรี (4229) | R325: 244481 | S325: 244482 | T325: H6954RLG0914117 | U325: 23015265 | V325: ซี่โครงหั่นชิ้น | W325: 10 | X325: 10 | Y325: 10 | Z325: 10 | AA325: 0 | AB325: 0 | AC325: 0 | AD325: 0 | AE325: 10 | AF325: 10 | AI325: OPRCD0489OPRCD00023OPRCDF213OPRCD00000OPRCD923 | AJ325: ซื้อ / ขาย | AK325: Main proudct | AL325: Bulk Normal | AM325: สุกร | AN325: MT1001 HYPER-Lotus | AO325: MT | AP325: 10 | AQ325: 1 | AT325: System Batch | AU325: 2026-05-12-12.11.25.000000 | AV325: ก.ก. | AW325: ก.ก. | AY325: 0 | AZ325: N | BA325: 1179740890748 | BD325: 1 | BF325: ;INCLUDE_We | BG325: 1333314600 | BH325: G | BI325: 10 | BJ325: 10 | BK325: 1300 | BL325: INTERFACE
C326: 244482 | D326: 244482 | F326: 489 | G326: Modern Trade | H326: 23 | I326: MT Term 30-2 | J326: F213 DMCW-รชล-พระพุทธบาท | K326: 00000 หน่วยงานกลาง | L326: 923 | N326: 1A532294L0 | O326: บมจ. ซีพี แอ็กซ์ตร้า บ้านหมี่-ลพบุรี (4229) | P326: 1 | Q326: LOTUS บ้านหมี่-ลพบุรี (4229) | R326: 244481 | S326: 244482 | T326: H6954RLG0914117 | U326: 23086965 | V326: สันนอกแต่งตัดชิ้น SIS กก.ละ | W326: 18 | X326: 18 | Y326: 18 | Z326: 18 | AA326: 0 | AB326: 0 | AC326: 0 | AD326: 0 | AE326: 18 | AF326: 18 | AI326: OPRCD0489OPRCD00023OPRCDF213OPRCD00000OPRCD923 | AJ326: ซื้อ / ขาย | AK326: Main proudct | AL326: Bulk Normal | AM326: สุกร | AN326: MT1001 HYPER-Lotus | AO326: MT | AP326: 10 | AQ326: 1 | AT326: System Batch | AU326: 2026-05-12-12.11.25.000000 | AV326: ก.ก. | AW326: ก.ก. | AY326: 0 | AZ326: N | BA326: 1179740890748 | BD326: 1 | BF326: ;INCLUDE_We | BG326: 1333314600 | BH326: G | BI326: 18 | BJ326: 18 | BK326: 1300 | BL326: INTERFACE
... C401: 244482 | D401: 244482 | F401: 489 | G401: Modern Trade | H401: 23 | I401: MT Term 30-2 | J401: F213 DMCW-รชล-พระพุทธบาท | K401: 00000 หน่วยงานกลาง | L401: 923 | N401: 1A531114L0 | O401: บมจ. ซีพี แอ็กซ์ตร้า ชุมชนสิรัญญา (2299) | P401: 1 | Q401: LOTUS ชุมชนสิรัญญา (2299) | R401: 244481 | S401: 244482 | T401: H6954RLG0914127 | U401: 23086964 | V401: สะโพกแต่งตัดชิ้น SIS กก.ละ | W401: 3 | X401: 3 | Y401: 3 | Z401: 3 | AA401: 0 | AB401: 0 | AC401: 0 | AD401: 0 | AE401: 3 | AF401: 3 | AI401: OPRCD0489OPRCD00023OPRCDF213OPRCD00000OPRCD923 | AJ401: ซื้อ / ขาย | AK401: Main proudct | AL401: Bulk Normal | AM401: สุกร | AN401: MT1001 HYPER-Lotus | AO401: MT | AP401: 10 | AQ401: 1 | AT401: System Batch | AU401: 2026-05-12-12.11.25.000000 | AV401: ก.ก. | AW401: ก.ก. | AY401: 0 | AZ401: N | BA401: 1179740890821 | BD401: 1 | BF401: ;INCLUDE_We | BG401: 1333314600 | BH401: G | BI401: 3 | BJ401: 3 | BK401: 1300 | BL401: INTERFACE
C402: 244482 | D402: 244482 | F402: 489 | G402: Modern Trade | H402: 23 | I402: MT Term 30-2 | J402: F213 DMCW-รชล-พระพุทธบาท | K402: 00000 หน่วยงานกลาง | L402: 923 | N402: 1A531213L0 | O402: บมจ. ซีพี แอ็กซ์ตร้า เขื่อนป่าสักฯ (2389) | P402: 1 | Q402: LOTUS เขื่อนป่าสักฯ (2389) | R402: 244481 | S402: 244482 | T402: H6954RLG0914128 | U402: 23086963 | V402: เนื้อแดงแต่งตัดชิ้น SIS กก.ละ | W402: 6 | X402: 6 | Y402: 6 | Z402: 6 | AA402: 0 | AB402: 0 | AC402: 0 | AD402: 0 | AE402: 6 | AF402: 6 | AI402: OPRCD0489OPRCD00023OPRCDF213OPRCD00000OPRCD923 | AJ402: ซื้อ / ขาย | AK402: Main proudct | AL402: Bulk Normal | AM402: สุกร | AN402: MT1001 HYPER-Lotus | AO402: MT | AP402: 10 | AQ402: 1 | AT402: System Batch | AU402: 2026-05-12-12.11.25.000000 | AV402: ก.ก. | AW402: ก.ก. | AY402: 0 | AZ402: N | BA402: 1179740890846 | BD402: 1 | BF402: ;INCLUDE_We | BG402: 1333314600 | BH402: G | BI402: 6 | BJ402: 6 | BL402: INTERFACE
C403: 244482 | D403: 244482 | F403: 489 | G403: Modern Trade | H403: 23 | I403: MT Term 30-2 | J403: F213 DMCW-รชล-พระพุทธบาท | K403: 00000 หน่วยงานกลาง | L403: 923 | N403: 1A531213L0 | O403: บมจ. ซีพี แอ็กซ์ตร้า เขื่อนป่าสักฯ (2389) | P403: 1 | Q403: LOTUS เขื่อนป่าสักฯ (2389) | R403: 244481 | S403: 244482 | T403: H6954RLG0914128 | U403: 23086964 | V403: สะโพกแต่งตัดชิ้น SIS กก.ละ | W403: 3 | X403: 3 | Y403: 3 | Z403: 3 | AA403: 0 | AB403: 0 | AC403: 0 | AD403: 0 | AE403: 3 | AF403: 3 | AI403: OPRCD0489OPRCD00023OPRCDF213OPRCD00000OPRCD923 | AJ403: ซื้อ / ขาย | AK403: Main proudct | AL403: Bulk Normal | AM403: สุกร | AN403: MT1001 HYPER-Lotus | AO403: MT | AP403: 10 | AQ403: 1 | AT403: System Batch | AU403: 2026-05-12-12.11.25.000000 | AV403: ก.ก. | AW403: ก.ก. | AY403: 0 | AZ403: N | BA403: 1179740890846 | BD403: 1 | BF403: ;INCLUDE_We | BG403: 1333314600 | BH403: G | BI403: 3 | BJ403: 3 | BL403: INTERFACE
C404: 244482 | D404: 244482 | F404: 489 | G404: Modern Trade | H404: 23 | I404: MT Term 30-2 | J404: F213 DMCW-รชล-พระพุทธบาท | K404: 00000 หน่วยงานกลาง | L404: 923 | N404: 1A531213L0 | O404: บมจ. ซีพี แอ็กซ์ตร้า เขื่อนป่าสักฯ (2389) | P404: 1 | Q404: LOTUS เขื่อนป่าสักฯ (2389) | R404: 244481 | S404: 244482 | T404: H6954RLG0914128 | U404: 23090977 | V404: ตับหมู SIS กก.ละ | W404: 3 | X404: 3 | Y404: 3 | Z404: 3 | AA404: 0 | AB404: 0 | AC404: 0 | AD404: 0 | AE404: 3 | AF404: 3 | AI404: OPRCD0489OPRCD00023OPRCDF213OPRCD00000OPRCD923 | AJ404: ซื้อ / ขาย | AK404: By proudct | AL404: Bulk Normal | AM404: สุกร | AN404: MT1001 HYPER-Lotus | AO404: MT | AP404: 10 | AQ404: 1 | AT404: System Batch | AU404: 2026-05-12-12.11.25.000000 | AV404: ก.ก. | AW404: ก.ก. | AY404: 0 | AZ404: N | BA404: 1179740890846 | BD404: 1 | BF404: ;INCLUDE_We | BG404: 1333314600 | BH404: G | BI404: 3 | BJ404: 3 | BL404: INTERFACE
C405: 244482 | D405: 244482 | F405: 489 | G405: Modern Trade | H405: 23 | I405: MT Term 30-2 | J405: F213 DMCW-รชล-พระพุทธบาท | K405: 00000 หน่วยงานกลาง | L405: 923 | N405: 1A531213L0 | O405: บมจ. ซีพี แอ็กซ์ตร้า เขื่อนป่าสักฯ (2389) | P405: 1 | Q405: LOTUS เขื่อนป่าสักฯ (2389) | R405: 244481 | S405: 244482 | T405: H6954RLG0914128 | U405: 23086968 | V405: สามชั้นตัดเส้น SIS กก.ละ | W405: 6 | X405: 6 | Y405: 6 | Z405: 6 | AA405: 0 | AB405: 0 | AC405: 0 | AD405: 0 | AE405: 6 | AF405: 6 | AI405: OPRCD0489OPRCD00023OPRCDF213OPRCD00000OPRCD923 | AJ405: ซื้อ / ขาย | AK405: Main proudct | AL405: Bulk Normal | AM405: สุกร | AN405: MT1001 HYPER-Lotus | AO405: MT | AP405: 10 | AQ405: 1 | AT405: System Batch | AU405: 2026-05-12-12.11.25.000000 | AV405: ก.ก. | AW405: ก.ก. | AY405: 0 | AZ405: N | BA405: 1179740890846 | BD405: 1 | BF405: ;INCLUDE_We | BG405: 1333314600 | BH405: G | BI405: 6 | BJ405: 6 | BL405: INTERFACE
C406: 244482 | D406: 244482 | F406: 489 | G406: Modern Trade | H406: 23 | I406: MT Term 30-2 | J406: F213 DMCW-รชล-พระพุทธบาท | K406: 00000 หน่วยงานกลาง | L406: 923 | N406: 1A531213L0 | O406: บมจ. ซีพี แอ็กซ์ตร้า เขื่อนป่าสักฯ (2389) | P406: 1 | Q406: LOTUS เขื่อนป่าสักฯ (2389) | R406: 244481 | S406: 244482 | T406: H6954RLG0914128 | U406: 23086969 | V406: ซี่โครงแข็งตัดเส้น 2 นิ้ว SIS กก.ละ | W406: 3 | X406: 3 | Y406: 3 | Z406: 3 | AA406: 0 | AB406: 0 | AC406: 0 | AD406: 0 | AE406: 3 | AF406: 3 | AI406: OPRCD0489OPRCD00023OPRCDF213OPRCD00000OPRCD923 | AJ406: ซื้อ / ขาย | AK406: Main proudct | AL406: Bulk Normal | AM406: สุกร | AN406: MT1001 HYPER-Lotus | AO406: MT | AP406: 10 | AQ406: 1 | AT406: System Batch | AU406: 2026-05-12-12.11.25.000000 | AV406: ก.ก. | AW406: ก.ก. | AY406: 0 | AZ406: N | BA406: 1179740890846 | BD406: 1 | BF406: ;INCLUDE_We | BG406: 1333314600 | BH406: G | BI406: 3 | BJ406: 3 | BL406: INTERFACE
...

Sheet แผนผลิตตลาด
C2: วันที่ | D2: =TODAY() -> 46154
D3: {=_xlfn.UNIQUE('ตลาด 13.00'!V:V)} -> 0 | E3: คำสั่งซื้อ | H3: ยอดปัน | I3: STOCK ยกมา
A4: Step | B4: สายพาน | C4: Product Code | D4: rProduct_name | E4: รอบ 11.00 | F4: รอบ 12.00 | G4: รอบ 13.00 | I4: STOCK 0010 | J4: STOCK 20 | K4: ยอดสั่งผลิต
A5: =_xlfn.XLOOKUP(TEXT(C5,0),Master_สายพาน!C:C,Master_สายพาน!E:E,"") | B5: =_xlfn.XLOOKUP(TEXT(C5,0),Master_สายพาน!C:C,Master_สายพาน!B:B,"") | C5: =_xlfn.XLOOKUP(D5,Master_สายพาน!D:D,Master_สายพาน!C:C,"") | D5: สามชั้น-Raw | E5: =SUMIFS('ตลาด 11.00'!X:X, 'ตลาด 11.00'!U:U,C5, 'ตลาด 11.00'!V:V, D5, 'ตลาด 11.00'!C:C, $D$2) -> 0 | F5: =SUMIFS('ตลาด 12.00'!X:X, 'ตลาด 12.00'!U:U,C5, 'ตลาด 12.00'!V:V, D5, 'ตลาด 12.00'!C:C, $D$2) -> 0 | G5: =SUMIFS('ตลาด 13.00'!X:X, 'ตลาด 13.00'!U:U,C5, 'ตลาด 13.00'!V:V, D5) -> 0 | H5: =SUMIFS(สรุปยอดปัน!N:N,สรุปยอดปัน!I:I,แผนผลิตตลาด!C5) -> 0 | I5: =SUMIFS('0010'!$Q:$Q,'0010'!$T:$T,$C5) -> 0 | J5: =SUMIFS('20'!$Q:$Q,'20'!$T:$T,$C5) -> 0 | K5: =MAX(0, G5-I5) -> 0
A6: =_xlfn.XLOOKUP(TEXT(C6,0),Master_สายพาน!C:C,Master_สายพาน!E:E,"") | B6: =_xlfn.XLOOKUP(TEXT(C6,0),Master_สายพาน!C:C,Master_สายพาน!B:B,"") | C6: =_xlfn.XLOOKUP(D6,Master_สายพาน!D:D,Master_สายพาน!C:C,"") | D6: หมูซาก-RM | E6: =SUMIFS('ตลาด 11.00'!X:X, 'ตลาด 11.00'!U:U,C6, 'ตลาด 11.00'!V:V, D6, 'ตลาด 11.00'!C:C, $D$2) -> 0 | F6: =SUMIFS('ตลาด 12.00'!X:X, 'ตลาด 12.00'!U:U,C6, 'ตลาด 12.00'!V:V, D6, 'ตลาด 12.00'!C:C, $D$2) -> 0 | G6: =SUMIFS('ตลาด 13.00'!X:X, 'ตลาด 13.00'!U:U,C6, 'ตลาด 13.00'!V:V, D6) -> 0 | H6: =SUMIFS(สรุปยอดปัน!N:N,สรุปยอดปัน!I:I,แผนผลิตตลาด!C6) -> 0 | I6: =SUMIFS('0010'!$Q:$Q,'0010'!$T:$T,$C6) -> 0 | J6: =SUMIFS('20'!$Q:$Q,'20'!$T:$T,$C6) -> 0 | K6: =MAX(0, G6-I6) -> 0
A7: =_xlfn.XLOOKUP(TEXT(C7,0),Master_สายพาน!C:C,Master_สายพาน!E:E,"") | B7: =_xlfn.XLOOKUP(TEXT(C7,0),Master_สายพาน!C:C,Master_สายพาน!B:B,"") | C7: =_xlfn.XLOOKUP(D7,Master_สายพาน!D:D,Master_สายพาน!C:C,"") | D7: คอหมูย่าง-Raw | E7: =SUMIFS('ตลาด 11.00'!X:X, 'ตลาด 11.00'!U:U,C7, 'ตลาด 11.00'!V:V, D7, 'ตลาด 11.00'!C:C, $D$2) -> 0 | F7: =SUMIFS('ตลาด 12.00'!X:X, 'ตลาด 12.00'!U:U,C7, 'ตลาด 12.00'!V:V, D7, 'ตลาด 12.00'!C:C, $D$2) -> 0 | G7: =SUMIFS('ตลาด 13.00'!X:X, 'ตลาด 13.00'!U:U,C7, 'ตลาด 13.00'!V:V, D7) -> 0 | H7: =SUMIFS(สรุปยอดปัน!N:N,สรุปยอดปัน!I:I,แผนผลิตตลาด!C7) -> 0 | I7: =SUMIFS('0010'!$Q:$Q,'0010'!$T:$T,$C7) -> 0 | J7: =SUMIFS('20'!$Q:$Q,'20'!$T:$T,$C7) -> 0 | K7: =MAX(0, G7-I7) -> 0
A8: =_xlfn.XLOOKUP(TEXT(C8,0),Master_สายพาน!C:C,Master_สายพาน!E:E,"") -> Step1 | B8: =_xlfn.XLOOKUP(TEXT(C8,0),Master_สายพาน!C:C,Master_สายพาน!B:B,"") -> เครื่องใน | C8: =_xlfn.XLOOKUP(D8,Master_สายพาน!D:D,Master_สายพาน!C:C,"") -> 23000197 | D8: เครื่องในชุด(หมู) | E8: =SUMIFS('ตลาด 11.00'!X:X, 'ตลาด 11.00'!U:U,C8, 'ตลาด 11.00'!V:V, D8, 'ตลาด 11.00'!C:C, $D$2) -> 0 | F8: =SUMIFS('ตลาด 12.00'!X:X, 'ตลาด 12.00'!U:U,C8, 'ตลาด 12.00'!V:V, D8, 'ตลาด 12.00'!C:C, $D$2) -> 0 | G8: =SUMIFS('ตลาด 13.00'!X:X, 'ตลาด 13.00'!U:U,C8, 'ตลาด 13.00'!V:V, D8) -> 3040 | H8: =SUMIFS(สรุปยอดปัน!N:N,สรุปยอดปัน!I:I,แผนผลิตตลาด!C8) -> 1540 | I8: =SUMIFS('0010'!$Q:$Q,'0010'!$T:$T,$C8) -> 0 | J8: =SUMIFS('20'!$Q:$Q,'20'!$T:$T,$C8) -> 0 | K8: =MAX(0, G8-I8) -> 3040
A9: =_xlfn.XLOOKUP(TEXT(C9,0),Master_สายพาน!C:C,Master_สายพาน!E:E,"") | B9: =_xlfn.XLOOKUP(TEXT(C9,0),Master_สายพาน!C:C,Master_สายพาน!B:B,"") | C9: =_xlfn.XLOOKUP(D9,Master_สายพาน!D:D,Master_สายพาน!C:C,"") | D9: ขาหน้า-Raw | E9: =SUMIFS('ตลาด 11.00'!X:X, 'ตลาด 11.00'!U:U,C9, 'ตลาด 11.00'!V:V, D9, 'ตลาด 11.00'!C:C, $D$2) -> 0 | F9: =SUMIFS('ตลาด 12.00'!X:X, 'ตลาด 12.00'!U:U,C9, 'ตลาด 12.00'!V:V, D9, 'ตลาด 12.00'!C:C, $D$2) -> 0 | G9: =SUMIFS('ตลาด 13.00'!X:X, 'ตลาด 13.00'!U:U,C9, 'ตลาด 13.00'!V:V, D9) -> 0 | H9: =SUMIFS(สรุปยอดปัน!N:N,สรุปยอดปัน!I:I,แผนผลิตตลาด!C9) -> 0 | I9: =SUMIFS('0010'!$Q:$Q,'0010'!$T:$T,$C9) -> 0 | J9: =SUMIFS('20'!$Q:$Q,'20'!$T:$T,$C9) -> 0 | K9: =MAX(0, G9-I9) -> 0
A10: =_xlfn.XLOOKUP(TEXT(C10,0),Master_สายพาน!C:C,Master_สายพาน!E:E,"") | B10: =_xlfn.XLOOKUP(TEXT(C10,0),Master_สายพาน!C:C,Master_สายพาน!B:B,"") | C10: =_xlfn.XLOOKUP(D10,Master_สายพาน!D:D,Master_สายพาน!C:C,"") | D10: ขาหลัง-Raw | E10: =SUMIFS('ตลาด 11.00'!X:X, 'ตลาด 11.00'!U:U,C10, 'ตลาด 11.00'!V:V, D10, 'ตลาด 11.00'!C:C, $D$2) -> 0 | F10: =SUMIFS('ตลาด 12.00'!X:X, 'ตลาด 12.00'!U:U,C10, 'ตลาด 12.00'!V:V, D10, 'ตลาด 12.00'!C:C, $D$2) -> 0 | G10: =SUMIFS('ตลาด 13.00'!X:X, 'ตลาด 13.00'!U:U,C10, 'ตลาด 13.00'!V:V, D10) -> 0 | H10: =SUMIFS(สรุปยอดปัน!N:N,สรุปยอดปัน!I:I,แผนผลิตตลาด!C10) -> 0 | I10: =SUMIFS('0010'!$Q:$Q,'0010'!$T:$T,$C10) -> 0 | J10: =SUMIFS('20'!$Q:$Q,'20'!$T:$T,$C10) -> 0 | K10: =MAX(0, G10-I10) -> 0
A11: =_xlfn.XLOOKUP(TEXT(C11,0),Master_สายพาน!C:C,Master_สายพาน!E:E,"") -> Step2 | B11: =_xlfn.XLOOKUP(TEXT(C11,0),Master_สายพาน!C:C,Master_สายพาน!B:B,"") -> เครื่องใน | C11: =_xlfn.XLOOKUP(D11,Master_สายพาน!D:D,Master_สายพาน!C:C,"") -> 23107368 | D11: เครื่องในชุด(หมู)แต่ง | E11: =SUMIFS('ตลาด 11.00'!X:X, 'ตลาด 11.00'!U:U,C11, 'ตลาด 11.00'!V:V, D11, 'ตลาด 11.00'!C:C, $D$2) -> 0 | F11: =SUMIFS('ตลาด 12.00'!X:X, 'ตลาด 12.00'!U:U,C11, 'ตลาด 12.00'!V:V, D11, 'ตลาด 12.00'!C:C, $D$2) -> 0 | G11: =SUMIFS('ตลาด 13.00'!X:X, 'ตลาด 13.00'!U:U,C11, 'ตลาด 13.00'!V:V, D11) -> 1378 | H11: =SUMIFS(สรุปยอดปัน!N:N,สรุปยอดปัน!I:I,แผนผลิตตลาด!C11) -> 106 | I11: =SUMIFS('0010'!$Q:$Q,'0010'!$T:$T,$C11) -> 0 | J11: =SUMIFS('20'!$Q:$Q,'20'!$T:$T,$C11) -> 0 | K11: =MAX(0, G11-I11) -> 1378
A12: =_xlfn.XLOOKUP(TEXT(C12,0),Master_สายพาน!C:C,Master_สายพาน!E:E,"") -> Step2 | B12: =_xlfn.XLOOKUP(TEXT(C12,0),Master_สายพาน!C:C,Master_สายพาน!B:B,"") -> ต้มเลือด | C12: =_xlfn.XLOOKUP(D12,Master_สายพาน!D:D,Master_สายพาน!C:C,"") -> 23015390 | D12: เลือดหมูสด | E12: =SUMIFS('ตลาด 11.00'!X:X, 'ตลาด 11.00'!U:U,C12, 'ตลาด 11.00'!V:V, D12, 'ตลาด 11.00'!C:C, $D$2) -> 0 | F12: =SUMIFS('ตลาด 12.00'!X:X, 'ตลาด 12.00'!U:U,C12, 'ตลาด 12.00'!V:V, D12, 'ตลาด 12.00'!C:C, $D$2) -> 0 | G12: =SUMIFS('ตลาด 13.00'!X:X, 'ตลาด 13.00'!U:U,C12, 'ตลาด 13.00'!V:V, D12) -> 332 | H12: =SUMIFS(สรุปยอดปัน!N:N,สรุปยอดปัน!I:I,แผนผลิตตลาด!C12) -> 332 | I12: =SUMIFS('0010'!$Q:$Q,'0010'!$T:$T,$C12) -> 0 | J12: =SUMIFS('20'!$Q:$Q,'20'!$T:$T,$C12) -> 0 | K12: =MAX(0, G12-I12) -> 332
A13: =_xlfn.XLOOKUP(TEXT(C13,0),Master_สายพาน!C:C,Master_สายพาน!E:E,"") -> Step3 | B13: =_xlfn.XLOOKUP(TEXT(C13,0),Master_สายพาน!C:C,Master_สายพาน!B:B,"") -> สะโพกพิเศษ | C13: =_xlfn.XLOOKUP(D13,Master_สายพาน!D:D,Master_สายพาน!C:C,"") -> 23071823 | D13: หนังขาหมู | E13: =SUMIFS('ตลาด 11.00'!X:X, 'ตลาด 11.00'!U:U,C13, 'ตลาด 11.00'!V:V, D13, 'ตลาด 11.00'!C:C, $D$2) -> 0 | F13: =SUMIFS('ตลาด 12.00'!X:X, 'ตลาด 12.00'!U:U,C13, 'ตลาด 12.00'!V:V, D13, 'ตลาด 12.00'!C:C, $D$2) -> 0 | G13: =SUMIFS('ตลาด 13.00'!X:X, 'ตลาด 13.00'!U:U,C13, 'ตลาด 13.00'!V:V, D13) -> 115 | H13: =SUMIFS(สรุปยอดปัน!N:N,สรุปยอดปัน!I:I,แผนผลิตตลาด!C13) -> 0 | I13: =SUMIFS('0010'!$Q:$Q,'0010'!$T:$T,$C13) -> 0 | J13: =SUMIFS('20'!$Q:$Q,'20'!$T:$T,$C13) -> 0 | K13: =MAX(0, G13-I13) -> 115
A14: =_xlfn.XLOOKUP(TEXT(C14,0),Master_สายพาน!C:C,Master_สายพาน!E:E,"") -> Step2 | B14: =_xlfn.XLOOKUP(TEXT(C14,0),Master_สายพาน!C:C,Master_สายพาน!B:B,"") -> สามชั้น | C14: =_xlfn.XLOOKUP(D14,Master_สายพาน!D:D,Master_สายพาน!C:C,"") -> 23057674 | D14: สันนอกTT | E14: =SUMIFS('ตลาด 11.00'!X:X, 'ตลาด 11.00'!U:U,C14, 'ตลาด 11.00'!V:V, D14, 'ตลาด 11.00'!C:C, $D$2) -> 0 | F14: =SUMIFS('ตลาด 12.00'!X:X, 'ตลาด 12.00'!U:U,C14, 'ตลาด 12.00'!V:V, D14, 'ตลาด 12.00'!C:C, $D$2) -> 0 | G14: =SUMIFS('ตลาด 13.00'!X:X, 'ตลาด 13.00'!U:U,C14, 'ตลาด 13.00'!V:V, D14) -> 225 | H14: =SUMIFS(สรุปยอดปัน!N:N,สรุปยอดปัน!I:I,แผนผลิตตลาด!C14) -> 225 | I14: =SUMIFS('0010'!$Q:$Q,'0010'!$T:$T,$C14) -> 51.56 | J14: =SUMIFS('20'!$Q:$Q,'20'!$T:$T,$C14) -> 0 | K14: =MAX(0, G14-I14) -> 173.44
A15: =_xlfn.XLOOKUP(TEXT(C15,0),Master_สายพาน!C:C,Master_สายพาน!E:E,"") -> Step3 | B15: =_xlfn.XLOOKUP(TEXT(C15,0),Master_สายพาน!C:C,Master_สายพาน!B:B,"") -> เลาะขา | C15: =_xlfn.XLOOKUP(D15,Master_สายพาน!D:D,Master_สายพาน!C:C,"") -> 23072463 | D15: ขาหมูเลาะติดหนัง | E15: =SUMIFS('ตลาด 11.00'!X:X, 'ตลาด 11.00'!U:U,C15, 'ตลาด 11.00'!V:V, D15, 'ตลาด 11.00'!C:C, $D$2) -> 0 | F15: =SUMIFS('ตลาด 12.00'!X:X, 'ตลาด 12.00'!U:U,C15, 'ตลาด 12.00'!V:V, D15, 'ตลาด 12.00'!C:C, $D$2) -> 0 | G15: =SUMIFS('ตลาด 13.00'!X:X, 'ตลาด 13.00'!U:U,C15, 'ตลาด 13.00'!V:V, D15) -> 115 | H15: =SUMIFS(สรุปยอดปัน!N:N,สรุปยอดปัน!I:I,แผนผลิตตลาด!C15) -> 115 | I15: =SUMIFS('0010'!$Q:$Q,'0010'!$T:$T,$C15) -> 105 | J15: =SUMIFS('20'!$Q:$Q,'20'!$T:$T,$C15) -> 0 | K15: =MAX(0, G15-I15) -> 10
A16: =_xlfn.XLOOKUP(TEXT(C16,0),Master_สายพาน!C:C,Master_สายพาน!E:E,"") -> Step3 | B16: =_xlfn.XLOOKUP(TEXT(C16,0),Master_สายพาน!C:C,Master_สายพาน!B:B,"") -> เลาะขา | C16: =_xlfn.XLOOKUP(D16,Master_สายพาน!D:D,Master_สายพาน!C:C,"") -> 23000168 | D16: เนื้อขาเลาะ | E16: =SUMIFS('ตลาด 11.00'!X:X, 'ตลาด 11.00'!U:U,C16, 'ตลาด 11.00'!V:V, D16, 'ตลาด 11.00'!C:C, $D$2) -> 0 | F16: =SUMIFS('ตลาด 12.00'!X:X, 'ตลาด 12.00'!U:U,C16, 'ตลาด 12.00'!V:V, D16, 'ตลาด 12.00'!C:C, $D$2) -> 0 | G16: =SUMIFS('ตลาด 13.00'!X:X, 'ตลาด 13.00'!U:U,C16, 'ตลาด 13.00'!V:V, D16) -> 25 | H16: =SUMIFS(สรุปยอดปัน!N:N,สรุปยอดปัน!I:I,แผนผลิตตลาด!C16) -> 25 | I16: =SUMIFS('0010'!$Q:$Q,'0010'!$T:$T,$C16) -> 25 | J16: =SUMIFS('20'!$Q:$Q,'20'!$T:$T,$C16) -> 0 | K16: =MAX(0, G16-I16) -> 0
... A107: =_xlfn.XLOOKUP(TEXT(C107,0),Master_สายพาน!C:C,Master_สายพาน!E:E,"") | B107: =_xlfn.XLOOKUP(TEXT(C107,0),Master_สายพาน!C:C,Master_สายพาน!B:B,"") | C107: =_xlfn.XLOOKUP(D107,Master_สายพาน!D:D,Master_สายพาน!C:C,"") -> 23082275 | D107: หมูชำแหละซี่โครงรวมหัวเครื่องใน | E107: =SUMIFS('ตลาด 11.00'!X:X, 'ตลาด 11.00'!U:U,C107, 'ตลาด 11.00'!V:V, D107, 'ตลาด 11.00'!C:C, $D$2) -> 0 | F107: =SUMIFS('ตลาด 12.00'!X:X, 'ตลาด 12.00'!U:U,C107, 'ตลาด 12.00'!V:V, D107, 'ตลาด 12.00'!C:C, $D$2) -> 0 | G107: =SUMIFS('ตลาด 13.00'!X:X, 'ตลาด 13.00'!U:U,C107, 'ตลาด 13.00'!V:V, D107) -> 220 | H107: =SUMIFS(สรุปยอดปัน!N:N,สรุปยอดปัน!I:I,แผนผลิตตลาด!C107) -> 0 | I107: =SUMIFS('0010'!$Q:$Q,'0010'!$T:$T,$C107) -> 0 | J107: =SUMIFS('20'!$Q:$Q,'20'!$T:$T,$C107) -> 0 | K107: =MAX(0, G107-I107) -> 220
A108: =_xlfn.XLOOKUP(TEXT(C108,0),Master_สายพาน!C:C,Master_สายพาน!E:E,"") -> Step3 | C108: =_xlfn.XLOOKUP(D108,Master_สายพาน!D:D,Master_สายพาน!C:C,"") -> 23066316 | D108: กระโหลกหมูเลาะ | E108: =SUMIFS('ตลาด 11.00'!X:X, 'ตลาด 11.00'!U:U,C108, 'ตลาด 11.00'!V:V, D108, 'ตลาด 11.00'!C:C, $D$2) -> 0 | F108: =SUMIFS('ตลาด 12.00'!X:X, 'ตลาด 12.00'!U:U,C108, 'ตลาด 12.00'!V:V, D108, 'ตลาด 12.00'!C:C, $D$2) -> 0 | G108: =SUMIFS('ตลาด 13.00'!X:X, 'ตลาด 13.00'!U:U,C108, 'ตลาด 13.00'!V:V, D108) -> 19.99992 | H108: =SUMIFS(สรุปยอดปัน!N:N,สรุปยอดปัน!I:I,แผนผลิตตลาด!C108) -> 0 | I108: =SUMIFS('0010'!$Q:$Q,'0010'!$T:$T,$C108) -> 0 | J108: =SUMIFS('20'!$Q:$Q,'20'!$T:$T,$C108) -> 0 | K108: =MAX(0, G108-I108) -> 19.99992
A109: =_xlfn.XLOOKUP(TEXT(C109,0),Master_สายพาน!C:C,Master_สายพาน!E:E,"") -> Step3 | C109: =_xlfn.XLOOKUP(D109,Master_สายพาน!D:D,Master_สายพาน!C:C,"") -> 23089787 | D109: สามชั้นติดสันนอกติดหนังเลาะซี่โครง | E109: =SUMIFS('ตลาด 11.00'!X:X, 'ตลาด 11.00'!U:U,C109, 'ตลาด 11.00'!V:V, D109, 'ตลาด 11.00'!C:C, $D$2) -> 0 | F109: =SUMIFS('ตลาด 12.00'!X:X, 'ตลาด 12.00'!U:U,C109, 'ตลาด 12.00'!V:V, D109, 'ตลาด 12.00'!C:C, $D$2) -> 0 | G109: =SUMIFS('ตลาด 13.00'!X:X, 'ตลาด 13.00'!U:U,C109, 'ตลาด 13.00'!V:V, D109) -> 15 | H109: =SUMIFS(สรุปยอดปัน!N:N,สรุปยอดปัน!I:I,แผนผลิตตลาด!C109) -> 15 | I109: =SUMIFS('0010'!$Q:$Q,'0010'!$T:$T,$C109) -> 0 | J109: =SUMIFS('20'!$Q:$Q,'20'!$T:$T,$C109) -> 0 | K109: =MAX(0, G109-I109) -> 15
A110: =_xlfn.XLOOKUP(TEXT(C110,0),Master_สายพาน!C:C,Master_สายพาน!E:E,"") -> Step3 | C110: =_xlfn.XLOOKUP(D110,Master_สายพาน!D:D,Master_สายพาน!C:C,"") -> 23063196 | D110: ขาหน้าเผาTT | E110: =SUMIFS('ตลาด 11.00'!X:X, 'ตลาด 11.00'!U:U,C110, 'ตลาด 11.00'!V:V, D110, 'ตลาด 11.00'!C:C, $D$2) -> 0 | F110: =SUMIFS('ตลาด 12.00'!X:X, 'ตลาด 12.00'!U:U,C110, 'ตลาด 12.00'!V:V, D110, 'ตลาด 12.00'!C:C, $D$2) -> 0 | G110: =SUMIFS('ตลาด 13.00'!X:X, 'ตลาด 13.00'!U:U,C110, 'ตลาด 13.00'!V:V, D110) -> 15 | H110: =SUMIFS(สรุปยอดปัน!N:N,สรุปยอดปัน!I:I,แผนผลิตตลาด!C110) -> 15 | I110: =SUMIFS('0010'!$Q:$Q,'0010'!$T:$T,$C110) -> 41.72 | J110: =SUMIFS('20'!$Q:$Q,'20'!$T:$T,$C110) -> 0 | K110: =MAX(0, G110-I110) -> 0
A111: =_xlfn.XLOOKUP(TEXT(C111,0),Master_สายพาน!C:C,Master_สายพาน!E:E,"") | C111: =_xlfn.XLOOKUP(D111,Master_สายพาน!D:D,Master_สายพาน!C:C,"") -> 23106505 | D111: หมูชำแหละ รวมหัวเครื่องใน(P) | E111: =SUMIFS('ตลาด 11.00'!X:X, 'ตลาด 11.00'!U:U,C111, 'ตลาด 11.00'!V:V, D111, 'ตลาด 11.00'!C:C, $D$2) -> 0 | F111: =SUMIFS('ตลาด 12.00'!X:X, 'ตลาด 12.00'!U:U,C111, 'ตลาด 12.00'!V:V, D111, 'ตลาด 12.00'!C:C, $D$2) -> 0 | G111: =SUMIFS('ตลาด 13.00'!X:X, 'ตลาด 13.00'!U:U,C111, 'ตลาด 13.00'!V:V, D111) -> 9240 | H111: =SUMIFS(สรุปยอดปัน!N:N,สรุปยอดปัน!I:I,แผนผลิตตลาด!C111) -> 0 | I111: =SUMIFS('0010'!$Q:$Q,'0010'!$T:$T,$C111) -> 0 | J111: =SUMIFS('20'!$Q:$Q,'20'!$T:$T,$C111) -> 0 | K111: =MAX(0, G111-I111) -> 9240
A112: =_xlfn.XLOOKUP(TEXT(C112,0),Master_สายพาน!C:C,Master_สายพาน!E:E,"") -> Step2 | C112: =_xlfn.XLOOKUP(D112,Master_สายพาน!D:D,Master_สายพาน!C:C,"") -> 23057671 | D112: คอหมูย่างTT | E112: =SUMIFS('ตลาด 11.00'!X:X, 'ตลาด 11.00'!U:U,C112, 'ตลาด 11.00'!V:V, D112, 'ตลาด 11.00'!C:C, $D$2) -> 0 | F112: =SUMIFS('ตลาด 12.00'!X:X, 'ตลาด 12.00'!U:U,C112, 'ตลาด 12.00'!V:V, D112, 'ตลาด 12.00'!C:C, $D$2) -> 0 | G112: =SUMIFS('ตลาด 13.00'!X:X, 'ตลาด 13.00'!U:U,C112, 'ตลาด 13.00'!V:V, D112) -> 5 | H112: =SUMIFS(สรุปยอดปัน!N:N,สรุปยอดปัน!I:I,แผนผลิตตลาด!C112) -> 5 | I112: =SUMIFS('0010'!$Q:$Q,'0010'!$T:$T,$C112) -> 10.16 | J112: =SUMIFS('20'!$Q:$Q,'20'!$T:$T,$C112) -> 0 | K112: =MAX(0, G112-I112) -> 0
A113: =_xlfn.XLOOKUP(TEXT(C113,0),Master_สายพาน!C:C,Master_สายพาน!E:E,"") | C113: =_xlfn.XLOOKUP(D113,Master_สายพาน!D:D,Master_สายพาน!C:C,"") -> 23068098 | D113: หมูชิ้นส่วนรวมหัวเครื่องใน | E113: =SUMIFS('ตลาด 11.00'!X:X, 'ตลาด 11.00'!U:U,C113, 'ตลาด 11.00'!V:V, D113, 'ตลาด 11.00'!C:C, $D$2) -> 0 | F113: =SUMIFS('ตลาด 12.00'!X:X, 'ตลาด 12.00'!U:U,C113, 'ตลาด 12.00'!V:V, D113, 'ตลาด 12.00'!C:C, $D$2) -> 0 | G113: =SUMIFS('ตลาด 13.00'!X:X, 'ตลาด 13.00'!U:U,C113, 'ตลาด 13.00'!V:V, D113) -> 360 | H113: =SUMIFS(สรุปยอดปัน!N:N,สรุปยอดปัน!I:I,แผนผลิตตลาด!C113) -> 0 | I113: =SUMIFS('0010'!$Q:$Q,'0010'!$T:$T,$C113) -> 0 | J113: =SUMIFS('20'!$Q:$Q,'20'!$T:$T,$C113) -> 0 | K113: =MAX(0, G113-I113) -> 360
A114: =_xlfn.XLOOKUP(TEXT(C114,0),Master_สายพาน!C:C,Master_สายพาน!E:E,"") -> Step3 | C114: =_xlfn.XLOOKUP(D114,Master_สายพาน!D:D,Master_สายพาน!C:C,"") -> 23086970 | D114: ซี่โครงอ่อนแผ่น 3 นิ้ว SIS กก.ละ | E114: =SUMIFS('ตลาด 11.00'!X:X, 'ตลาด 11.00'!U:U,C114, 'ตลาด 11.00'!V:V, D114, 'ตลาด 11.00'!C:C, $D$2) -> 0 | F114: =SUMIFS('ตลาด 12.00'!X:X, 'ตลาด 12.00'!U:U,C114, 'ตลาด 12.00'!V:V, D114, 'ตลาด 12.00'!C:C, $D$2) -> 0 | G114: =SUMIFS('ตลาด 13.00'!X:X, 'ตลาด 13.00'!U:U,C114, 'ตลาด 13.00'!V:V, D114) -> 18 | H114: =SUMIFS(สรุปยอดปัน!N:N,สรุปยอดปัน!I:I,แผนผลิตตลาด!C114) -> 18 | I114: =SUMIFS('0010'!$Q:$Q,'0010'!$T:$T,$C114) -> 3 | J114: =SUMIFS('20'!$Q:$Q,'20'!$T:$T,$C114) -> 0 | K114: =MAX(0, G114-I114) -> 15
A115: =_xlfn.XLOOKUP(TEXT(C115,0),Master_สายพาน!C:C,Master_สายพาน!E:E,"") -> Step2 | C115: =_xlfn.XLOOKUP(D115,Master_สายพาน!D:D,Master_สายพาน!C:C,"") -> 23057701 | D115: ซี่โครงอ่อนTT | E115: =SUMIFS('ตลาด 11.00'!X:X, 'ตลาด 11.00'!U:U,C115, 'ตลาด 11.00'!V:V, D115, 'ตลาด 11.00'!C:C, $D$2) -> 0 | F115: =SUMIFS('ตลาด 12.00'!X:X, 'ตลาด 12.00'!U:U,C115, 'ตลาด 12.00'!V:V, D115, 'ตลาด 12.00'!C:C, $D$2) -> 0 | G115: =SUMIFS('ตลาด 13.00'!X:X, 'ตลาด 13.00'!U:U,C115, 'ตลาด 13.00'!V:V, D115) -> 10 | H115: =SUMIFS(สรุปยอดปัน!N:N,สรุปยอดปัน!I:I,แผนผลิตตลาด!C115) -> 10 | I115: =SUMIFS('0010'!$Q:$Q,'0010'!$T:$T,$C115) -> 0 | J115: =SUMIFS('20'!$Q:$Q,'20'!$T:$T,$C115) -> 0 | K115: =MAX(0, G115-I115) -> 10
C116: =_xlfn.XLOOKUP(D116,Master_สายพาน!D:D,Master_สายพาน!C:C,"") -> 23057686 | D116: หนังสันหลังTT | E116: =SUMIFS('ตลาด 11.00'!X:X, 'ตลาด 11.00'!U:U,C116, 'ตลาด 11.00'!V:V, D116, 'ตลาด 11.00'!C:C, $D$2) -> 0 | F116: =SUMIFS('ตลาด 12.00'!X:X, 'ตลาด 12.00'!U:U,C116, 'ตลาด 12.00'!V:V, D116, 'ตลาด 12.00'!C:C, $D$2) -> 0 | G116: =SUMIFS('ตลาด 13.00'!X:X, 'ตลาด 13.00'!U:U,C116, 'ตลาด 13.00'!V:V, D116) -> 10 | H116: =SUMIFS(สรุปยอดปัน!N:N,สรุปยอดปัน!I:I,แผนผลิตตลาด!C116) -> 10 | I116: =SUMIFS('0010'!$Q:$Q,'0010'!$T:$T,$C116) -> 0 | J116: =SUMIFS('20'!$Q:$Q,'20'!$T:$T,$C116) -> 0 | K116: =MAX(0, G116-I116) -> 10
C117: =_xlfn.XLOOKUP(D117,Master_สายพาน!D:D,Master_สายพาน!C:C,"") -> 23015265 | D117: ซี่โครงหั่นชิ้น | E117: =SUMIFS('ตลาด 11.00'!X:X, 'ตลาด 11.00'!U:U,C117, 'ตลาด 11.00'!V:V, D117, 'ตลาด 11.00'!C:C, $D$2) -> 0 | F117: =SUMIFS('ตลาด 12.00'!X:X, 'ตลาด 12.00'!U:U,C117, 'ตลาด 12.00'!V:V, D117, 'ตลาด 12.00'!C:C, $D$2) -> 0 | G117: =SUMIFS('ตลาด 13.00'!X:X, 'ตลาด 13.00'!U:U,C117, 'ตลาด 13.00'!V:V, D117) -> 10 | H117: =SUMIFS(สรุปยอดปัน!N:N,สรุปยอดปัน!I:I,แผนผลิตตลาด!C117) -> 10 | I117: =SUMIFS('0010'!$Q:$Q,'0010'!$T:$T,$C117) -> 5 | J117: =SUMIFS('20'!$Q:$Q,'20'!$T:$T,$C117) -> 0 | K117: =MAX(0, G117-I117) -> 5
C118: =_xlfn.XLOOKUP(D118,Master_สายพาน!D:D,Master_สายพาน!C:C,"") -> 23086964 | D118: สะโพกแต่งตัดชิ้น SIS กก.ละ | E118: =SUMIFS('ตลาด 11.00'!X:X, 'ตลาด 11.00'!U:U,C118, 'ตลาด 11.00'!V:V, D118, 'ตลาด 11.00'!C:C, $D$2) -> 0 | F118: =SUMIFS('ตลาด 12.00'!X:X, 'ตลาด 12.00'!U:U,C118, 'ตลาด 12.00'!V:V, D118, 'ตลาด 12.00'!C:C, $D$2) -> 0 | G118: =SUMIFS('ตลาด 13.00'!X:X, 'ตลาด 13.00'!U:U,C118, 'ตลาด 13.00'!V:V, D118) -> 3 | H118: =SUMIFS(สรุปยอดปัน!N:N,สรุปยอดปัน!I:I,แผนผลิตตลาด!C118) -> 3 | I118: =SUMIFS('0010'!$Q:$Q,'0010'!$T:$T,$C118) -> 12 | J118: =SUMIFS('20'!$Q:$Q,'20'!$T:$T,$C118) -> 0 | K118: =MAX(0, G118-I118) -> 0
C119: =_xlfn.XLOOKUP(D119,Master_สายพาน!D:D,Master_สายพาน!C:C,"") -> 23086969 | D119: ซี่โครงแข็งตัดเส้น 2 นิ้ว SIS กก.ละ | E119: =SUMIFS('ตลาด 11.00'!X:X, 'ตลาด 11.00'!U:U,C119, 'ตลาด 11.00'!V:V, D119, 'ตลาด 11.00'!C:C, $D$2) -> 0 | F119: =SUMIFS('ตลาด 12.00'!X:X, 'ตลาด 12.00'!U:U,C119, 'ตลาด 12.00'!V:V, D119, 'ตลาด 12.00'!C:C, $D$2) -> 0 | G119: =SUMIFS('ตลาด 13.00'!X:X, 'ตลาด 13.00'!U:U,C119, 'ตลาด 13.00'!V:V, D119) -> 12 | H119: =SUMIFS(สรุปยอดปัน!N:N,สรุปยอดปัน!I:I,แผนผลิตตลาด!C119) -> 12 | I119: =SUMIFS('0010'!$Q:$Q,'0010'!$T:$T,$C119) -> 3 | J119: =SUMIFS('20'!$Q:$Q,'20'!$T:$T,$C119) -> 0 | K119: =MAX(0, G119-I119) -> 9
C120: =_xlfn.XLOOKUP(D120,Master_สายพาน!D:D,Master_สายพาน!C:C,"") | D120: คากิเผาข้อสอง Spec1-CP | E120: =SUMIFS('ตลาด 11.00'!X:X, 'ตลาด 11.00'!U:U,C120, 'ตลาด 11.00'!V:V, D120, 'ตลาด 11.00'!C:C, $D$2) -> 0 | F120: =SUMIFS('ตลาด 12.00'!X:X, 'ตลาด 12.00'!U:U,C120, 'ตลาด 12.00'!V:V, D120, 'ตลาด 12.00'!C:C, $D$2) -> 0 | G120: =SUMIFS('ตลาด 13.00'!X:X, 'ตลาด 13.00'!U:U,C120, 'ตลาด 13.00'!V:V, D120) -> 0 | H120: =SUMIFS(สรุปยอดปัน!N:N,สรุปยอดปัน!I:I,แผนผลิตตลาด!C120) -> 0 | I120: =SUMIFS('0010'!$Q:$Q,'0010'!$T:$T,$C120) -> 0 | J120: =SUMIFS('20'!$Q:$Q,'20'!$T:$T,$C120) -> 0 | K120: =MAX(0, G120-I120) -> 0
C121: =_xlfn.XLOOKUP(D121,Master_สายพาน!D:D,Master_สายพาน!C:C,"") | D121: เลือดก้อน(หมู)-CP | E121: =SUMIFS('ตลาด 11.00'!X:X, 'ตลาด 11.00'!U:U,C121, 'ตลาด 11.00'!V:V, D121, 'ตลาด 11.00'!C:C, $D$2) -> 0 | F121: =SUMIFS('ตลาด 12.00'!X:X, 'ตลาด 12.00'!U:U,C121, 'ตลาด 12.00'!V:V, D121, 'ตลาด 12.00'!C:C, $D$2) -> 0 | G121: =SUMIFS('ตลาด 13.00'!X:X, 'ตลาด 13.00'!U:U,C121, 'ตลาด 13.00'!V:V, D121) -> 0 | H121: =SUMIFS(สรุปยอดปัน!N:N,สรุปยอดปัน!I:I,แผนผลิตตลาด!C121) -> 0 | I121: =SUMIFS('0010'!$Q:$Q,'0010'!$T:$T,$C121) -> 0 | J121: =SUMIFS('20'!$Q:$Q,'20'!$T:$T,$C121) -> 0 | K121: =MAX(0, G121-I121) -> 0
C122: =_xlfn.XLOOKUP(D122,Master_สายพาน!D:D,Master_สายพาน!C:C,"") | D122: มันแข็ง-CP | E122: =SUMIFS('ตลาด 11.00'!X:X, 'ตลาด 11.00'!U:U,C122, 'ตลาด 11.00'!V:V, D122, 'ตลาด 11.00'!C:C, $D$2) -> 0 | F122: =SUMIFS('ตลาด 12.00'!X:X, 'ตลาด 12.00'!U:U,C122, 'ตลาด 12.00'!V:V, D122, 'ตลาด 12.00'!C:C, $D$2) -> 0 | G122: =SUMIFS('ตลาด 13.00'!X:X, 'ตลาด 13.00'!U:U,C122, 'ตลาด 13.00'!V:V, D122) -> 0 | H122: =SUMIFS(สรุปยอดปัน!N:N,สรุปยอดปัน!I:I,แผนผลิตตลาด!C122) -> 0 | I122: =SUMIFS('0010'!$Q:$Q,'0010'!$T:$T,$C122) -> 0 | J122: =SUMIFS('20'!$Q:$Q,'20'!$T:$T,$C122) -> 0 | K122: =MAX(0, G122-I122) -> 0
C123: =_xlfn.XLOOKUP(D123,Master_สายพาน!D:D,Master_สายพาน!C:C,"") | D123: เนื้อไหล่-IN | E123: =SUMIFS('ตลาด 11.00'!X:X, 'ตลาด 11.00'!U:U,C123, 'ตลาด 11.00'!V:V, D123, 'ตลาด 11.00'!C:C, $D$2) -> 0 | F123: =SUMIFS('ตลาด 12.00'!X:X, 'ตลาด 12.00'!U:U,C123, 'ตลาด 12.00'!V:V, D123, 'ตลาด 12.00'!C:C, $D$2) -> 0 | G123: =SUMIFS('ตลาด 13.00'!X:X, 'ตลาด 13.00'!U:U,C123, 'ตลาด 13.00'!V:V, D123) -> 0 | H123: =SUMIFS(สรุปยอดปัน!N:N,สรุปยอดปัน!I:I,แผนผลิตตลาด!C123) -> 0 | I123: =SUMIFS('0010'!$Q:$Q,'0010'!$T:$T,$C123) -> 0 | J123: =SUMIFS('20'!$Q:$Q,'20'!$T:$T,$C123) -> 0 | K123: =MAX(0, G123-I123) -> 0
C124: =_xlfn.XLOOKUP(D124,Master_สายพาน!D:D,Master_สายพาน!C:C,"") -> 23068096 | D124: หมูชำแหละ รวมหัวเครื่องใน | E124: =SUMIFS('ตลาด 11.00'!X:X, 'ตลาด 11.00'!U:U,C124, 'ตลาด 11.00'!V:V, D124, 'ตลาด 11.00'!C:C, $D$2) -> 0 | F124: =SUMIFS('ตลาด 12.00'!X:X, 'ตลาด 12.00'!U:U,C124, 'ตลาด 12.00'!V:V, D124, 'ตลาด 12.00'!C:C, $D$2) -> 0 | G124: =SUMIFS('ตลาด 13.00'!X:X, 'ตลาด 13.00'!U:U,C124, 'ตลาด 13.00'!V:V, D124) -> 110 | H124: =SUMIFS(สรุปยอดปัน!N:N,สรุปยอดปัน!I:I,แผนผลิตตลาด!C124) -> 0 | I124: =SUMIFS('0010'!$Q:$Q,'0010'!$T:$T,$C124) -> 0 | J124: =SUMIFS('20'!$Q:$Q,'20'!$T:$T,$C124) -> 0 | K124: =MAX(0, G124-I124) -> 110
C125: =_xlfn.XLOOKUP(D125,Master_สายพาน!D:D,Master_สายพาน!C:C,"") -> 0 | E125: =SUMIFS('ตลาด 11.00'!X:X, 'ตลาด 11.00'!U:U,C125, 'ตลาด 11.00'!V:V, D125, 'ตลาด 11.00'!C:C, $D$2) -> 0 | F125: =SUMIFS('ตลาด 12.00'!X:X, 'ตลาด 12.00'!U:U,C125, 'ตลาด 12.00'!V:V, D125, 'ตลาด 12.00'!C:C, $D$2) -> 0 | G125: =SUMIFS('ตลาด 13.00'!X:X, 'ตลาด 13.00'!U:U,C125, 'ตลาด 13.00'!V:V, D125) -> 0 | H125: =SUMIFS(สรุปยอดปัน!N:N,สรุปยอดปัน!I:I,แผนผลิตตลาด!C125) -> 0 | I125: =SUMIFS('0010'!$Q:$Q,'0010'!$T:$T,$C125) -> 0 | J125: =SUMIFS('20'!$Q:$Q,'20'!$T:$T,$C125) -> 0 | K125: =MAX(0, G125-I125) -> 0
