Workbook

Sheet Sheet1
A1: rOper_name | B1: Modern Trade (Makro)
A2: rBst_code | B2: 923
A3: rProduct_group_code2 | B3: (ทั้งหมด)
A4: rShip_name | B4: (ทั้งหมด)
A5: rPO_no | B5: (ทั้งหมด)
A6: rReq_date | B6: 14/5/2569
A7: rDoc_number | B7: (ทั้งหมด)
B8: คืน 13.5
A9: Sum of rPlan_wgt
A10: rProduct_code | B10: rProduct_name | C10: ผลรวม
A11: 23000206 | B11: ชิ้นมันคอ | C11: 20
A12: 23015265 | B12: ซี่โครงหั่นชิ้น | C12: 100
A13: 23047038 | B13: หมุบดเบอร์ 1 | C13: 200
A14: 23057809 | B14: เนื้อไหล่(M) | C14: 290
A15: 23057812 | B15: สะโพก(M) | C15: 1130
A16: 23057815 | B16: สันนอก(M) | C16: 540
A17: 23057818 | B17: สันใน(M) | C17: 75
A18: 23057821 | B18: สันคอ(M) | C18: 165
A19: 23057824 | B19: สามชั้น(M) | C19: 230
A20: 23057827 | B20: ซี่โครง(M) | C20: 5
A21: 23058551 | B21: คอหมูย่าง (M) | C21: 150
A22: 23058552 | B22: มันสันหลัง (M) | C22: 90
... A128: 23074627 | B128: สันนอกหมูตัดชิ้น (M) | C128: 40
A129: ผลรวมทั้งหมด | C129: 9816.9998

Sheet mk 001 10.3
A1: บมจ. ซีพีเอฟ โกลบอล ฟู้ด โซลูชั่น
A2: rDate1 | B2: rDate2 | C2: rRDate1 | D2: rRDate2 | E2: rRDate3 | F2: rOper_code | G2: rOper_name | H2: rSub_oper | I2: rSub_name | J2: rWarehouse | K2: rSub_warehouse | L2: rBst_code | M2: rBst_name | N2: rCv_code | O2: rCv_name | P2: rShip_to | Q2: rShip_name | R2: rDoc_date | S2: rReq_date | T2: rDoc_number | U2: rProduct_code | V2: rProduct_name | W2: rStock_qty | X2: rStock_wgt | Y2: rPlan_qty | Z2: rPlan_wgt | AA2: rDiff_stock_qty_plan | AB2: rDiff_stock_wgt_plan | AC2: rAllocate_stock_qty | AD2: rAllocate_stock_wgt | AE2: rDiff_stock_qty | AF2: rDiff_stock_wgt | AG2: rPlan_byquota_qty | AH2: rPlan_byquota_wgt | AI2: rBreak | AJ2: rEntry_type | AK2: rProduct_group_code1 | AL2: rProduct_group_code2 | AM2: rProduct_group_dim1 | AN2: rCv_channel | AO2: rCV_FLAG1 | AP2: rCV_FLAG2 | AQ2: rCV_FLAG3 | AR2: rCV_FLAG4 | AS2: rCV_FLAG5 | AT2: rOwner_so | AU2: rCreate_date_so | AV2: rUm_stock_qty | AW2: rUm_stock_wgt | AX2: rArea | AY2: nShow_area | AZ2: rModel | BA2: rPO_no | BB2: rDO_no | BC2: rINV_no | BD2: rDoc_issue | BE2: rPlant_code | BF2: rAllocate_remark | BG2: rVendor_code | BH2: rStatus | BI2: rStock_qty_pur | BJ2: rStock_wgt_pur | BK2: rCut_off_time | BL2: rOwner_create | BM2: rCo_load | BN2: rLicense_plate
C3: 14/5/2569 | D3: 14/5/2569 | F3: 489M | G3: Modern Trade (Makro) | H3: 0 | I3: หน่วยงานกลาง | J3: F213 DMCW-รชล-พระพุทธบาท | K3: 00000 หน่วยงานกลาง | L3: 923 | N3: 1A53017200 | O3: บมจ. ซีพี แอ็กซ์ตร้า สาขาชัยนาท | P3: 2 | Q3: MAKRO 0164 สาขาชัยนาท | R3: 244566 | S3: 14/5/2569 | T3: H6954RMA0058184 | U3: 23057821 | V3: สันคอ(M) | W3: 20 | X3: 20 | Y3: 20 | Z3: 20 | AA3: 0 | AB3: 0 | AC3: 0 | AD3: 0 | AE3: 20 | AF3: 20 | AI3: OPRCD489MOPRCD00000OPRCDF213OPRCD00000OPRCD923 | AJ3: ซื้อ / ขาย | AK3: Main proudct | AL3: Bulk Normal | AM3: สุกร | AN3: MT2001 SUPER MK.-Makro | AO3: MT | AP3: 20 | AQ3: 1 | AT3: เบญจพจน์ เพชรเหลี่ยม | AU3: 2026-05-08-13.09.12.000000 | AV3: ก.ก. | AW3: ก.ก. | AY3: 0 | AZ3: N | BA3: 9044989472405 | BD3: 1 | BF3: ;0000 | BG3: 1333314600 | BH3: G | BI3: 20 | BJ3: 20 | BL3: SYSBATCH
C4: 14/5/2569 | D4: 14/5/2569 | F4: 489M | G4: Modern Trade (Makro) | H4: 0 | I4: หน่วยงานกลาง | J4: F213 DMCW-รชล-พระพุทธบาท | K4: 00000 หน่วยงานกลาง | L4: 923 | N4: 1A53017200 | O4: บมจ. ซีพี แอ็กซ์ตร้า สาขาชัยนาท | P4: 2 | Q4: MAKRO 0164 สาขาชัยนาท | R4: 244566 | S4: 14/5/2569 | T4: H6954RMA0058184 | U4: 23057812 | V4: สะโพก(M) | W4: 130 | X4: 130 | Y4: 130 | Z4: 130 | AA4: 0 | AB4: 0 | AC4: 0 | AD4: 0 | AE4: 130 | AF4: 130 | AI4: OPRCD489MOPRCD00000OPRCDF213OPRCD00000OPRCD923 | AJ4: ซื้อ / ขาย | AK4: Main proudct | AL4: Bulk Normal | AM4: สุกร | AN4: MT2001 SUPER MK.-Makro | AO4: MT | AP4: 20 | AQ4: 1 | AT4: เบญจพจน์ เพชรเหลี่ยม | AU4: 2026-05-08-13.09.12.000000 | AV4: ก.ก. | AW4: ก.ก. | AY4: 0 | AZ4: N | BA4: 9044989472405 | BD4: 1 | BF4: ;0000 | BG4: 1333314600 | BH4: G | BI4: 130 | BJ4: 130 | BL4: SYSBATCH
C5: 14/5/2569 | D5: 14/5/2569 | F5: 489M | G5: Modern Trade (Makro) | H5: 0 | I5: หน่วยงานกลาง | J5: F213 DMCW-รชล-พระพุทธบาท | K5: 00000 หน่วยงานกลาง | L5: 923 | N5: 1A53017200 | O5: บมจ. ซีพี แอ็กซ์ตร้า สาขาชัยนาท | P5: 2 | Q5: MAKRO 0164 สาขาชัยนาท | R5: 244566 | S5: 14/5/2569 | T5: H6954RMA0058184 | U5: 23065143 | V5: สามชั้นสไลด์ | W5: 90 | X5: 90 | Y5: 90 | Z5: 90 | AA5: 0 | AB5: 0 | AC5: 0 | AD5: 0 | AE5: 90 | AF5: 90 | AI5: OPRCD489MOPRCD00000OPRCDF213OPRCD00000OPRCD923 | AJ5: ซื้อ / ขาย | AK5: Main proudct | AL5: Bulk Normal | AM5: สุกร | AN5: MT2001 SUPER MK.-Makro | AO5: MT | AP5: 20 | AQ5: 1 | AT5: เบญจพจน์ เพชรเหลี่ยม | AU5: 2026-05-08-13.09.12.000000 | AV5: ก.ก. | AW5: ก.ก. | AY5: 0 | AZ5: N | BA5: 9044989472405 | BD5: 1 | BF5: ;0000 | BG5: 1333314600 | BH5: G | BI5: 90 | BJ5: 90 | BL5: SYSBATCH
C6: 14/5/2569 | D6: 14/5/2569 | F6: 489M | G6: Modern Trade (Makro) | H6: 0 | I6: หน่วยงานกลาง | J6: F213 DMCW-รชล-พระพุทธบาท | K6: 00000 หน่วยงานกลาง | L6: 923 | N6: 1A53017200 | O6: บมจ. ซีพี แอ็กซ์ตร้า สาขาชัยนาท | P6: 2 | Q6: MAKRO 0164 สาขาชัยนาท | R6: 244566 | S6: 14/5/2569 | T6: H6954RMA0058184 | U6: 23109326 | V6: ขาหมูเผาเลาะติดหนัง กก.ละ | W6: 80 | X6: 80 | Y6: 80 | Z6: 80 | AA6: 0 | AB6: 0 | AC6: 0 | AD6: 0 | AE6: 80 | AF6: 80 | AI6: OPRCD489MOPRCD00000OPRCDF213OPRCD00000OPRCD923 | AJ6: ซื้อ / ขาย | AK6: By proudct | AL6: Bulk Normal | AM6: สุกร | AN6: MT2001 SUPER MK.-Makro | AO6: MT | AP6: 20 | AQ6: 1 | AT6: เบญจพจน์ เพชรเหลี่ยม | AU6: 2026-05-08-13.09.12.000000 | AV6: ก.ก. | AW6: ก.ก. | AY6: 0 | AZ6: N | BA6: 9044989472405 | BD6: 1 | BF6: ;0000 | BG6: 1333314600 | BH6: G | BI6: 80 | BJ6: 80 | BL6: SYSBATCH
C7: 14/5/2569 | D7: 14/5/2569 | F7: 489M | G7: Modern Trade (Makro) | H7: 0 | I7: หน่วยงานกลาง | J7: F213 DMCW-รชล-พระพุทธบาท | K7: 00000 หน่วยงานกลาง | L7: 923 | N7: 1A53017200 | O7: บมจ. ซีพี แอ็กซ์ตร้า สาขาชัยนาท | P7: 2 | Q7: MAKRO 0164 สาขาชัยนาท | R7: 244566 | S7: 14/5/2569 | T7: H6954RMA0058184 | U7: 23062101 | V7: หางหมูเผา(M) | W7: 0 | X7: 0 | Y7: 0 | Z7: 0 | AA7: 0 | AB7: 0 | AC7: 0 | AD7: 0 | AE7: 0 | AF7: 0 | AI7: OPRCD489MOPRCD00000OPRCDF213OPRCD00000OPRCD923 | AJ7: ซื้อ / ขาย | AK7: By proudct | AL7: Bulk Normal | AM7: สุกร | AN7: MT2001 SUPER MK.-Makro | AO7: MT | AP7: 20 | AQ7: 1 | AT7: เบญจพจน์ เพชรเหลี่ยม | AU7: 2026-05-08-13.09.12.000000 | AV7: ก.ก. | AW7: ก.ก. | AY7: 0 | AZ7: N | BA7: 9044989472405 | BD7: 1 | BF7: ;0000 | BG7: 1333314600 | BH7: G | BI7: 0 | BJ7: 0 | BL7: SYSBATCH
C8: 14/5/2569 | D8: 14/5/2569 | F8: 489M | G8: Modern Trade (Makro) | H8: 0 | I8: หน่วยงานกลาง | J8: F213 DMCW-รชล-พระพุทธบาท | K8: 00000 หน่วยงานกลาง | L8: 923 | N8: 1A53017200 | O8: บมจ. ซีพี แอ็กซ์ตร้า สาขาชัยนาท | P8: 2 | Q8: MAKRO 0164 สาขาชัยนาท | R8: 244566 | S8: 14/5/2569 | T8: H6954RMA0058184 | U8: 23058556 | V8: กระเพาะลวก (M) | W8: 0 | X8: 0 | Y8: 0 | Z8: 0 | AA8: 0 | AB8: 0 | AC8: 0 | AD8: 0 | AE8: 0 | AF8: 0 | AI8: OPRCD489MOPRCD00000OPRCDF213OPRCD00000OPRCD923 | AJ8: ซื้อ / ขาย | AK8: By proudct | AL8: Bulk Normal | AM8: สุกร | AN8: MT2001 SUPER MK.-Makro | AO8: MT | AP8: 20 | AQ8: 1 | AT8: เบญจพจน์ เพชรเหลี่ยม | AU8: 2026-05-08-13.09.12.000000 | AV8: ก.ก. | AW8: ก.ก. | AY8: 0 | AZ8: N | BA8: 9044989472405 | BD8: 1 | BF8: ;0000 | BG8: 1333314600 | BH8: G | BI8: 0 | BJ8: 0 | BL8: SYSBATCH
C9: 14/5/2569 | D9: 14/5/2569 | F9: 489M | G9: Modern Trade (Makro) | H9: 0 | I9: หน่วยงานกลาง | J9: F213 DMCW-รชล-พระพุทธบาท | K9: 00000 หน่วยงานกลาง | L9: 923 | N9: 1A53017200 | O9: บมจ. ซีพี แอ็กซ์ตร้า สาขาชัยนาท | P9: 2 | Q9: MAKRO 0164 สาขาชัยนาท | R9: 244566 | S9: 14/5/2569 | T9: H6954RMA0058184 | U9: 23073188 | V9: กระดูกอก(M) | W9: 10 | X9: 10 | Y9: 10 | Z9: 10 | AA9: 0 | AB9: 0 | AC9: 0 | AD9: 0 | AE9: 10 | AF9: 10 | AI9: OPRCD489MOPRCD00000OPRCDF213OPRCD00000OPRCD923 | AJ9: ซื้อ / ขาย | AK9: By proudct | AL9: Bulk Normal | AM9: สุกร | AN9: MT2001 SUPER MK.-Makro | AO9: MT | AP9: 20 | AQ9: 1 | AT9: เบญจพจน์ เพชรเหลี่ยม | AU9: 2026-05-08-13.09.12.000000 | AV9: ก.ก. | AW9: ก.ก. | AY9: 0 | AZ9: N | BA9: 9044989472405 | BD9: 1 | BF9: ;0000 | BG9: 1333314600 | BH9: G | BI9: 10 | BJ9: 10 | BL9: SYSBATCH
C10: 14/5/2569 | D10: 14/5/2569 | F10: 489M | G10: Modern Trade (Makro) | H10: 0 | I10: หน่วยงานกลาง | J10: F213 DMCW-รชล-พระพุทธบาท | K10: 00000 หน่วยงานกลาง | L10: 923 | N10: 1A53017200 | O10: บมจ. ซีพี แอ็กซ์ตร้า สาขาชัยนาท | P10: 2 | Q10: MAKRO 0164 สาขาชัยนาท | R10: 244566 | S10: 14/5/2569 | T10: H6954RMA0058184 | U10: 23088036 | V10: เนื้อไหล่หมูติดหนังหั่นชิ้น(M) | W10: 0 | X10: 0 | Y10: 0 | Z10: 0 | AA10: 0 | AB10: 0 | AC10: 0 | AD10: 0 | AE10: 0 | AF10: 0 | AI10: OPRCD489MOPRCD00000OPRCDF213OPRCD00000OPRCD923 | AJ10: ซื้อ / ขาย | AK10: Main proudct | AL10: Bulk Normal | AM10: สุกร | AN10: MT2001 SUPER MK.-Makro | AO10: MT | AP10: 20 | AQ10: 1 | AT10: เบญจพจน์ เพชรเหลี่ยม | AU10: 2026-05-08-13.09.12.000000 | AV10: ก.ก. | AW10: ก.ก. | AY10: 0 | AZ10: N | BA10: 9044989472405 | BD10: 1 | BF10: ;0000 | BG10: 1333314600 | BH10: G | BI10: 0 | BJ10: 0 | BL10: SYSBATCH
C11: 14/5/2569 | D11: 14/5/2569 | F11: 489M | G11: Modern Trade (Makro) | H11: 0 | I11: หน่วยงานกลาง | J11: F213 DMCW-รชล-พระพุทธบาท | K11: 00000 หน่วยงานกลาง | L11: 923 | N11: 1A53017200 | O11: บมจ. ซีพี แอ็กซ์ตร้า สาขาชัยนาท | P11: 2 | Q11: MAKRO 0164 สาขาชัยนาท | R11: 244566 | S11: 14/5/2569 | T11: H6954RMA0058184 | U11: 23098991 | V11: พอร์คชอพตัดสเต็ก กก.ละ | W11: 0 | X11: 0 | Y11: 0 | Z11: 0 | AA11: 0 | AB11: 0 | AC11: 0 | AD11: 0 | AE11: 0 | AF11: 0 | AI11: OPRCD489MOPRCD00000OPRCDF213OPRCD00000OPRCD923 | AJ11: ซื้อ / ขาย | AK11: Main proudct | AL11: Bulk Normal | AM11: สุกร | AN11: MT2001 SUPER MK.-Makro | AO11: MT | AP11: 20 | AQ11: 1 | AT11: เบญจพจน์ เพชรเหลี่ยม | AU11: 2026-05-08-13.09.12.000000 | AV11: ก.ก. | AW11: ก.ก. | AY11: 0 | AZ11: N | BA11: 9044989472405 | BD11: 1 | BF11: ;0000 | BG11: 1333314600 | BH11: G | BI11: 0 | BJ11: 0 | BL11: SYSBATCH
C12: 14/5/2569 | D12: 14/5/2569 | F12: 489M | G12: Modern Trade (Makro) | H12: 0 | I12: หน่วยงานกลาง | J12: F213 DMCW-รชล-พระพุทธบาท | K12: 00000 หน่วยงานกลาง | L12: 923 | N12: 1A53017200 | O12: บมจ. ซีพี แอ็กซ์ตร้า สาขาชัยนาท | P12: 2 | Q12: MAKRO 0164 สาขาชัยนาท | R12: 244566 | S12: 14/5/2569 | T12: H6954RMA0058184 | U12: 23062105 | V12: ไส้ตันลวก(M) | W12: 0 | X12: 0 | Y12: 0 | Z12: 0 | AA12: 0 | AB12: 0 | AC12: 0 | AD12: 0 | AE12: 0 | AF12: 0 | AI12: OPRCD489MOPRCD00000OPRCDF213OPRCD00000OPRCD923 | AJ12: ซื้อ / ขาย | AK12: By proudct | AL12: Bulk Normal | AM12: สุกร | AN12: MT2001 SUPER MK.-Makro | AO12: MT | AP12: 20 | AQ12: 1 | AT12: เบญจพจน์ เพชรเหลี่ยม | AU12: 2026-05-08-13.09.12.000000 | AV12: ก.ก. | AW12: ก.ก. | AY12: 0 | AZ12: N | BA12: 9044989472405 | BD12: 1 | BF12: ;0000 | BG12: 1333314600 | BH12: G | BI12: 0 | BJ12: 0 | BL12: SYSBATCH
C13: 14/5/2569 | D13: 14/5/2569 | F13: 489M | G13: Modern Trade (Makro) | H13: 0 | I13: หน่วยงานกลาง | J13: F213 DMCW-รชล-พระพุทธบาท | K13: 00000 หน่วยงานกลาง | L13: 923 | N13: 1A53017200 | O13: บมจ. ซีพี แอ็กซ์ตร้า สาขาชัยนาท | P13: 2 | Q13: MAKRO 0164 สาขาชัยนาท | R13: 244566 | S13: 14/5/2569 | T13: H6954RMA0058184 | U13: 23058551 | V13: คอหมูย่าง (M) | W13: 5 | X13: 5 | Y13: 5 | Z13: 5 | AA13: 0 | AB13: 0 | AC13: 0 | AD13: 0 | AE13: 5 | AF13: 5 | AI13: OPRCD489MOPRCD00000OPRCDF213OPRCD00000OPRCD923 | AJ13: ซื้อ / ขาย | AK13: Main proudct | AL13: Bulk Normal | AM13: สุกร | AN13: MT2001 SUPER MK.-Makro | AO13: MT | AP13: 20 | AQ13: 1 | AT13: เบญจพจน์ เพชรเหลี่ยม | AU13: 2026-05-08-13.09.12.000000 | AV13: ก.ก. | AW13: ก.ก. | AY13: 0 | AZ13: N | BA13: 9044989472405 | BD13: 1 | BF13: ;0000 | BG13: 1333314600 | BH13: G | BI13: 5 | BJ13: 5 | BL13: SYSBATCH
C14: 14/5/2569 | D14: 14/5/2569 | F14: 489M | G14: Modern Trade (Makro) | H14: 0 | I14: หน่วยงานกลาง | J14: F213 DMCW-รชล-พระพุทธบาท | K14: 00000 หน่วยงานกลาง | L14: 923 | N14: 1A53017200 | O14: บมจ. ซีพี แอ็กซ์ตร้า สาขาชัยนาท | P14: 2 | Q14: MAKRO 0164 สาขาชัยนาท | R14: 244566 | S14: 14/5/2569 | T14: H6954RMA0058184 | U14: 23062095 | V14: หน้ากากหมูเผา(M) | W14: 5 | X14: 5 | Y14: 5 | Z14: 5 | AA14: 0 | AB14: 0 | AC14: 0 | AD14: 0 | AE14: 5 | AF14: 5 | AI14: OPRCD489MOPRCD00000OPRCDF213OPRCD00000OPRCD923 | AJ14: ซื้อ / ขาย | AK14: By proudct | AL14: Bulk Normal | AM14: สุกร | AN14: MT2001 SUPER MK.-Makro | AO14: MT | AP14: 20 | AQ14: 1 | AT14: เบญจพจน์ เพชรเหลี่ยม | AU14: 2026-05-08-13.09.12.000000 | AV14: ก.ก. | AW14: ก.ก. | AY14: 0 | AZ14: N | BA14: 9044989472405 | BD14: 1 | BF14: ;0000 | BG14: 1333314600 | BH14: G | BI14: 5 | BJ14: 5 | BL14: SYSBATCH
... C52: 14/5/2569 | D52: 14/5/2569 | F52: 489M | G52: Modern Trade (Makro) | H52: 0 | I52: หน่วยงานกลาง | J52: F213 DMCW-รชล-พระพุทธบาท | K52: 00000 หน่วยงานกลาง | L52: 923 | N52: 1A53017200 | O52: บมจ. ซีพี แอ็กซ์ตร้า สาขาชัยนาท | P52: 2 | Q52: MAKRO 0164 สาขาชัยนาท | R52: 244566 | S52: 14/5/2569 | T52: H6954RMA0058184 | U52: 23062097 | V52: ลิ้นหมู(M) | W52: 5 | X52: 5 | Y52: 5 | Z52: 5 | AA52: 0 | AB52: 0 | AC52: 0 | AD52: 0 | AE52: 5 | AF52: 5 | AI52: OPRCD489MOPRCD00000OPRCDF213OPRCD00000OPRCD923 | AJ52: ซื้อ / ขาย | AK52: By proudct | AL52: Bulk Normal | AM52: สุกร | AN52: MT2001 SUPER MK.-Makro | AO52: MT | AP52: 20 | AQ52: 1 | AT52: เบญจพจน์ เพชรเหลี่ยม | AU52: 2026-05-08-13.09.12.000000 | AV52: ก.ก. | AW52: ก.ก. | AY52: 0 | AZ52: N | BA52: 9044989472405 | BD52: 1 | BF52: ;0000 | BG52: 1333314600 | BH52: G | BI52: 5 | BJ52: 5 | BL52: SYSBATCH
C53: 14/5/2569 | D53: 14/5/2569 | F53: 489M | G53: Modern Trade (Makro) | H53: 0 | I53: หน่วยงานกลาง | J53: F213 DMCW-รชล-พระพุทธบาท | K53: 00000 หน่วยงานกลาง | L53: 923 | N53: 1A53008400 | O53: บมจ. ซีพี แอ็กซ์ตร้า สาขานครอินทร์ | P53: 2 | Q53: MAKRO 0083 นครอินทร์ | R53: 244658 | S53: 14/5/2569 | T53: H6954RMA0059103 | U53: 23097791 | V53: สันในหมู 1 กก. (M) | W53: 2 | X53: 2 | Y53: 2 | Z53: 2 | AA53: 0 | AB53: 0 | AC53: 0 | AD53: 0 | AE53: 2 | AF53: 2 | AI53: OPRCD489MOPRCD00000OPRCDF213OPRCD00000OPRCD923 | AJ53: ซื้อ / ขาย | AK53: Main proudct | AL53: Bulk Normal | AM53: สุกร | AN53: OT002 CC-Makro | AO53: MT | AP53: 2 | AT53: System Batch | AU53: 2026-05-11-12.40.50.000000 | AV53: แพ็ค | AW53: ก.ก. | AY53: 0 | AZ53: N | BA53: 9045089536563 | BD53: 1 | BG53: 1333314600 | BH53: G | BI53: 2 | BJ53: 2 | BK53: 1300 | BL53: SYSBATCH
C54: 14/5/2569 | D54: 14/5/2569 | F54: 489M | G54: Modern Trade (Makro) | H54: 0 | I54: หน่วยงานกลาง | J54: F213 DMCW-รชล-พระพุทธบาท | K54: 00000 หน่วยงานกลาง | L54: 923 | N54: 1A53008400 | O54: บมจ. ซีพี แอ็กซ์ตร้า สาขานครอินทร์ | P54: 2 | Q54: MAKRO 0083 นครอินทร์ | R54: 244658 | S54: 14/5/2569 | T54: H6954RMA0059103 | U54: 23097783 | V54: เนื้อไหล่หมูบด 1 กก. (M) | W54: 50 | X54: 50 | Y54: 50 | Z54: 50 | AA54: 0 | AB54: 0 | AC54: 0 | AD54: 0 | AE54: 50 | AF54: 50 | AI54: OPRCD489MOPRCD00000OPRCDF213OPRCD00000OPRCD923 | AJ54: ซื้อ / ขาย | AK54: Main proudct | AL54: Bulk Normal | AM54: สุกร | AN54: OT002 CC-Makro | AO54: MT | AP54: 2 | AT54: System Batch | AU54: 2026-05-11-12.40.50.000000 | AV54: แพ็ค | AW54: ก.ก. | AY54: 0 | AZ54: N | BA54: 9045089536563 | BD54: 1 | BG54: 1333314600 | BH54: G | BI54: 50 | BJ54: 50 | BK54: 1300 | BL54: SYSBATCH
C55: 14/5/2569 | D55: 14/5/2569 | F55: 489M | G55: Modern Trade (Makro) | H55: 0 | I55: หน่วยงานกลาง | J55: F213 DMCW-รชล-พระพุทธบาท | K55: 00000 หน่วยงานกลาง | L55: 923 | N55: 1A53008400 | O55: บมจ. ซีพี แอ็กซ์ตร้า สาขานครอินทร์ | P55: 2 | Q55: MAKRO 0083 นครอินทร์ | R55: 244658 | S55: 14/5/2569 | T55: H6954RMA0059103 | U55: 23109359 | V55: หมูชีวาบด (ตรา ยูฟาร์ม) 400 กรัม | W55: 12 | X55: 4.8 | Y55: 12 | Z55: 4.8 | AA55: 0 | AB55: 0 | AC55: 0 | AD55: 0 | AE55: 12 | AF55: 4.8 | AI55: OPRCD489MOPRCD00000OPRCDF213OPRCD00000OPRCD923 | AJ55: ซื้อ / ขาย | AK55: Main proudct | AL55: Seal Pack | AM55: สุกร | AN55: OT002 CC-Makro | AO55: MT | AP55: 2 | AT55: System Batch | AU55: 2026-05-11-12.40.50.000000 | AV55: แพ็ค | AW55: ก.ก. | AY55: 0 | AZ55: N | BA55: 9045089536563 | BD55: 1 | BG55: 1333314600 | BH55: G | BI55: 12 | BJ55: 4.8 | BK55: 1300 | BL55: SYSBATCH
C56: 14/5/2569 | D56: 14/5/2569 | F56: 489M | G56: Modern Trade (Makro) | H56: 0 | I56: หน่วยงานกลาง | J56: F213 DMCW-รชล-พระพุทธบาท | K56: 00000 หน่วยงานกลาง | L56: 923 | N56: 1A53008400 | O56: บมจ. ซีพี แอ็กซ์ตร้า สาขานครอินทร์ | P56: 2 | Q56: MAKRO 0083 นครอินทร์ | R56: 244658 | S56: 14/5/2569 | T56: H6954RMA0059103 | U56: 23109357 | V56: สะโพกหมูชีวา (ตรา ยูฟาร์ม) 400 กรัม | W56: 2 | X56: 0.8 | Y56: 2 | Z56: 0.8 | AA56: 0 | AB56: 0 | AC56: 0 | AD56: 0 | AE56: 2 | AF56: 0.8 | AI56: OPRCD489MOPRCD00000OPRCDF213OPRCD00000OPRCD923 | AJ56: ซื้อ / ขาย | AK56: Main proudct | AL56: Seal Pack | AM56: สุกร | AN56: OT002 CC-Makro | AO56: MT | AP56: 2 | AT56: System Batch | AU56: 2026-05-11-12.40.50.000000 | AV56: แพ็ค | AW56: ก.ก. | AY56: 0 | AZ56: N | BA56: 9045089536563 | BD56: 1 | BG56: 1333314600 | BH56: G | BI56: 2 | BJ56: 0.8 | BK56: 1300 | BL56: SYSBATCH
C57: 14/5/2569 | D57: 14/5/2569 | F57: 489M | G57: Modern Trade (Makro) | H57: 0 | I57: หน่วยงานกลาง | J57: F213 DMCW-รชล-พระพุทธบาท | K57: 00000 หน่วยงานกลาง | L57: 923 | N57: 1A53008400 | O57: บมจ. ซีพี แอ็กซ์ตร้า สาขานครอินทร์ | P57: 2 | Q57: MAKRO 0083 นครอินทร์ | R57: 244658 | S57: 14/5/2569 | T57: H6954RMA0059103 | U57: 23109351 | V57: สามชั้นหมูชีวาสไลซ์(ตรา ยูฟาร์ม)250 กรัม | W57: 4 | X57: 1 | Y57: 4 | Z57: 1 | AA57: 0 | AB57: 0 | AC57: 0 | AD57: 0 | AE57: 4 | AF57: 1 | AI57: OPRCD489MOPRCD00000OPRCDF213OPRCD00000OPRCD923 | AJ57: ซื้อ / ขาย | AK57: Main proudct | AL57: Seal Pack | AM57: สุกร | AN57: OT002 CC-Makro | AO57: MT | AP57: 2 | AT57: System Batch | AU57: 2026-05-11-12.40.50.000000 | AV57: แพ็ค | AW57: ก.ก. | AY57: 0 | AZ57: N | BA57: 9045089536563 | BD57: 1 | BG57: 1333314600 | BH57: G | BI57: 4 | BJ57: 1 | BK57: 1300 | BL57: SYSBATCH
C58: 14/5/2569 | D58: 14/5/2569 | F58: 489M | G58: Modern Trade (Makro) | H58: 0 | I58: หน่วยงานกลาง | J58: F213 DMCW-รชล-พระพุทธบาท | K58: 00000 หน่วยงานกลาง | L58: 923 | N58: 1A53008400 | O58: บมจ. ซีพี แอ็กซ์ตร้า สาขานครอินทร์ | P58: 2 | Q58: MAKRO 0083 นครอินทร์ | R58: 244658 | S58: 14/5/2569 | T58: H6954RMA0059103 | U58: 23097788 | V58: ตับหมู 1 กก. (M) | W58: 2 | X58: 2 | Y58: 2 | Z58: 2 | AA58: 0 | AB58: 0 | AC58: 0 | AD58: 0 | AE58: 2 | AF58: 2 | AI58: OPRCD489MOPRCD00000OPRCDF213OPRCD00000OPRCD923 | AJ58: ซื้อ / ขาย | AK58: By proudct | AL58: Bulk Normal | AM58: สุกร | AN58: OT002 CC-Makro | AO58: MT | AP58: 2 | AT58: System Batch | AU58: 2026-05-11-12.40.50.000000 | AV58: แพ็ค | AW58: ก.ก. | AY58: 0 | AZ58: N | BA58: 9045089536563 | BD58: 1 | BG58: 1333314600 | BH58: G | BI58: 2 | BJ58: 2 | BK58: 1300 | BL58: SYSBATCH
C59: 14/5/2569 | D59: 14/5/2569 | F59: 489M | G59: Modern Trade (Makro) | H59: 0 | I59: หน่วยงานกลาง | J59: F213 DMCW-รชล-พระพุทธบาท | K59: 00000 หน่วยงานกลาง | L59: 923 | N59: 1A53008400 | O59: บมจ. ซีพี แอ็กซ์ตร้า สาขานครอินทร์ | P59: 2 | Q59: MAKRO 0083 นครอินทร์ | R59: 244658 | S59: 14/5/2569 | T59: H6954RMA0059103 | U59: 23109358 | V59: สามชั้นหมูชีวา (ตรา ยูฟาร์ม) 400 กรัม | W59: 4 | X59: 1.6 | Y59: 4 | Z59: 1.6 | AA59: 0 | AB59: 0 | AC59: 0 | AD59: 0 | AE59: 4 | AF59: 1.6 | AI59: OPRCD489MOPRCD00000OPRCDF213OPRCD00000OPRCD923 | AJ59: ซื้อ / ขาย | AK59: Main proudct | AL59: Seal Pack | AM59: สุกร | AN59: OT002 CC-Makro | AO59: MT | AP59: 2 | AT59: System Batch | AU59: 2026-05-11-12.40.50.000000 | AV59: แพ็ค | AW59: ก.ก. | AY59: 0 | AZ59: N | BA59: 9045089536563 | BD59: 1 | BG59: 1333314600 | BH59: G | BI59: 4 | BJ59: 1.6 | BK59: 1300 | BL59: SYSBATCH
C60: 14/5/2569 | D60: 14/5/2569 | F60: 489M | G60: Modern Trade (Makro) | H60: 0 | I60: หน่วยงานกลาง | J60: F213 DMCW-รชล-พระพุทธบาท | K60: 00000 หน่วยงานกลาง | L60: 923 | N60: 1A53008400 | O60: บมจ. ซีพี แอ็กซ์ตร้า สาขานครอินทร์ | P60: 2 | Q60: MAKRO 0083 นครอินทร์ | R60: 244658 | S60: 14/5/2569 | T60: H6954RMA0059103 | U60: 23109532 | V60: ตับหมูชีวา 400 กรัม | W60: 4 | X60: 1.6 | Y60: 4 | Z60: 1.6 | AA60: 0 | AB60: 0 | AC60: 0 | AD60: 0 | AE60: 4 | AF60: 1.6 | AI60: OPRCD489MOPRCD00000OPRCDF213OPRCD00000OPRCD923 | AJ60: ซื้อ / ขาย | AK60: By proudct | AL60: Seal Pack | AM60: สุกร | AN60: OT002 CC-Makro | AO60: MT | AP60: 2 | AT60: System Batch | AU60: 2026-05-11-12.40.50.000000 | AV60: แพ็ค | AW60: ก.ก. | AY60: 0 | AZ60: N | BA60: 9045089536563 | BD60: 1 | BG60: 1333314600 | BH60: G | BI60: 4 | BJ60: 1.6 | BK60: 1300 | BL60: SYSBATCH
C61: 14/5/2569 | D61: 14/5/2569 | F61: 489M | G61: Modern Trade (Makro) | H61: 0 | I61: หน่วยงานกลาง | J61: F213 DMCW-รชล-พระพุทธบาท | K61: 00000 หน่วยงานกลาง | L61: 923 | N61: 1A53008400 | O61: บมจ. ซีพี แอ็กซ์ตร้า สาขานครอินทร์ | P61: 2 | Q61: MAKRO 0083 นครอินทร์ | R61: 244658 | S61: 14/5/2569 | T61: H6954RMA0059103 | U61: 23097793 | V61: สันคอหมูสไลซ์ 1 กก. (M) | W61: 24 | X61: 24 | Y61: 24 | Z61: 24 | AA61: 0 | AB61: 0 | AC61: 0 | AD61: 0 | AE61: 24 | AF61: 24 | AI61: OPRCD489MOPRCD00000OPRCDF213OPRCD00000OPRCD923 | AJ61: ซื้อ / ขาย | AK61: Main proudct | AL61: Bulk Normal | AM61: สุกร | AN61: OT002 CC-Makro | AO61: MT | AP61: 2 | AT61: System Batch | AU61: 2026-05-11-12.40.50.000000 | AV61: แพ็ค | AW61: ก.ก. | AY61: 0 | AZ61: N | BA61: 9045089536563 | BD61: 1 | BG61: 1333314600 | BH61: G | BI61: 24 | BJ61: 24 | BK61: 1300 | BL61: SYSBATCH
C62: 14/5/2569 | D62: 14/5/2569 | F62: 489M | G62: Modern Trade (Makro) | H62: 0 | I62: หน่วยงานกลาง | J62: F213 DMCW-รชล-พระพุทธบาท | K62: 00000 หน่วยงานกลาง | L62: 923 | N62: 1A53008400 | O62: บมจ. ซีพี แอ็กซ์ตร้า สาขานครอินทร์ | P62: 2 | Q62: MAKRO 0083 นครอินทร์ | R62: 244658 | S62: 14/5/2569 | T62: H6954RMA0059103 | U62: 23109352 | V62: สันนอกหมูชีวาสไลซ์(ตรา ยูฟาร์ม) 250 กรัม | W62: 12 | X62: 3 | Y62: 12 | Z62: 3 | AA62: 0 | AB62: 0 | AC62: 0 | AD62: 0 | AE62: 12 | AF62: 3 | AI62: OPRCD489MOPRCD00000OPRCDF213OPRCD00000OPRCD923 | AJ62: ซื้อ / ขาย | AK62: Main proudct | AL62: Seal Pack | AM62: สุกร | AN62: OT002 CC-Makro | AO62: MT | AP62: 2 | AT62: System Batch | AU62: 2026-05-11-12.40.50.000000 | AV62: แพ็ค | AW62: ก.ก. | AY62: 0 | AZ62: N | BA62: 9045089536563 | BD62: 1 | BG62: 1333314600 | BH62: G | BI62: 12 | BJ62: 3 | BK62: 1300 | BL62: SYSBATCH
C63: 14/5/2569 | D63: 14/5/2569 | F63: 489M | G63: Modern Trade (Makro) | H63: 0 | I63: หน่วยงานกลาง | J63: F213 DMCW-รชล-พระพุทธบาท | K63: 00000 หน่วยงานกลาง | L63: 923 | N63: 1A53008400 | O63: บมจ. ซีพี แอ็กซ์ตร้า สาขานครอินทร์ | P63: 2 | Q63: MAKRO 0083 นครอินทร์ | R63: 244658 | S63: 14/5/2569 | T63: H6954RMA0059103 | U63: 23109353 | V63: สันคอหมูชีวาสไลซ์(ตรา ยูฟาร์ม) 250 กรัม | W63: 12 | X63: 3 | Y63: 12 | Z63: 3 | AA63: 0 | AB63: 0 | AC63: 0 | AD63: 0 | AE63: 12 | AF63: 3 | AI63: OPRCD489MOPRCD00000OPRCDF213OPRCD00000OPRCD923 | AJ63: ซื้อ / ขาย | AK63: Main proudct | AL63: Seal Pack | AM63: สุกร | AN63: OT002 CC-Makro | AO63: MT | AP63: 2 | AT63: System Batch | AU63: 2026-05-11-12.40.50.000000 | AV63: แพ็ค | AW63: ก.ก. | AY63: 0 | AZ63: N | BA63: 9045089536563 | BD63: 1 | BG63: 1333314600 | BH63: G | BI63: 12 | BJ63: 3 | BK63: 1300 | BL63: SYSBATCH
C64: 14/5/2569 | D64: 14/5/2569 | F64: 489M | G64: Modern Trade (Makro) | H64: 0 | I64: หน่วยงานกลาง | J64: F213 DMCW-รชล-พระพุทธบาท | K64: 00000 หน่วยงานกลาง | L64: 923 | N64: 1A53008400 | O64: บมจ. ซีพี แอ็กซ์ตร้า สาขานครอินทร์ | P64: 2 | Q64: MAKRO 0083 นครอินทร์ | R64: 244658 | S64: 14/5/2569 | T64: H6954RMA0059103 | U64: 23097790 | V64: สะโพกหมูสไลซ์ 1 กก. (M) | W64: 20 | X64: 20 | Y64: 20 | Z64: 20 | AA64: 0 | AB64: 0 | AC64: 0 | AD64: 0 | AE64: 20 | AF64: 20 | AI64: OPRCD489MOPRCD00000OPRCDF213OPRCD00000OPRCD923 | AJ64: ซื้อ / ขาย | AK64: Main proudct | AL64: Bulk Normal | AM64: สุกร | AN64: OT002 CC-Makro | AO64: MT | AP64: 2 | AT64: System Batch | AU64: 2026-05-11-12.40.50.000000 | AV64: แพ็ค | AW64: ก.ก. | AY64: 0 | AZ64: N | BA64: 9045089536563 | BD64: 1 | BG64: 1333314600 | BH64: G | BI64: 20 | BJ64: 20 | BK64: 1300 | BL64: SYSBATCH
... C97: 14/5/2569 | D97: 14/5/2569 | F97: 489M | G97: Modern Trade (Makro) | H97: 0 | I97: หน่วยงานกลาง | J97: F213 DMCW-รชล-พระพุทธบาท | K97: 00000 หน่วยงานกลาง | L97: 923 | N97: 1A53010800 | O97: บมจ. ซีพี แอ็กซ์ตร้า สาขาสิงห์บุรี | P97: 2 | Q97: MAKRO 0114 สิงห์บุรี | R97: 244658 | S97: 14/5/2569 | T97: H6954RMA0059110 | U97: 23110623 | V97: หน้ากากหมูหั่นชิ้น แพ็คถาด 500 กรัม | W97: 4 | X97: 2 | Y97: 4 | Z97: 2 | AA97: 0 | AB97: 0 | AC97: 0 | AD97: 0 | AE97: 4 | AF97: 2 | AI97: OPRCD489MOPRCD00000OPRCDF213OPRCD00000OPRCD923 | AJ97: ซื้อ / ขาย | AK97: By proudct | AL97: Seal Pack | AM97: สุกร | AN97: OT002 CC-Makro | AO97: MT | AP97: 2 | AT97: System Batch | AU97: 2026-05-11-12.40.50.000000 | AV97: แพ็ค | AW97: ก.ก. | AY97: 0 | AZ97: N | BA97: 9045089536574 | BD97: 1 | BG97: 1333314600 | BH97: G | BI97: 4 | BJ97: 2 | BK97: 1300 | BL97: SYSBATCH
C98: 14/5/2569 | D98: 14/5/2569 | F98: 489M | G98: Modern Trade (Makro) | H98: 0 | I98: หน่วยงานกลาง | J98: F213 DMCW-รชล-พระพุทธบาท | K98: 00000 หน่วยงานกลาง | L98: 923 | N98: 1A53003900 | O98: บมจ. ซีพี แอ็กซ์ตร้า สาขาสระบุรี | P98: 2 | Q98: MAKRO 0038 สระบุรี | R98: 244658 | S98: 14/5/2569 | T98: H6954RMA0059184 | U98: 23065141 | V98: สันนอกสไลด์ | W98: 30 | X98: 30 | Y98: 30 | Z98: 30 | AA98: 0 | AB98: 0 | AC98: 0 | AD98: 0 | AE98: 30 | AF98: 30 | AI98: OPRCD489MOPRCD00000OPRCDF213OPRCD00000OPRCD923 | AJ98: ซื้อ / ขาย | AK98: Main proudct | AL98: Bulk Normal | AM98: สุกร | AN98: OT002 CC-Makro | AO98: MT | AP98: 2 | AT98: เบญจพจน์ เพชรเหลี่ยม | AU98: 2026-05-11-13.33.46.000000 | AV98: ก.ก. | AW98: ก.ก. | AY98: 0 | AZ98: N | BA98: 9044989536402 | BD98: 1 | BF98: ;0000 | BG98: 1333314600 | BH98: G | BI98: 30 | BJ98: 30 | BK98: 1300 | BL98: SYSBATCH
C99: 14/5/2569 | D99: 14/5/2569 | F99: 489M | G99: Modern Trade (Makro) | H99: 0 | I99: หน่วยงานกลาง | J99: F213 DMCW-รชล-พระพุทธบาท | K99: 00000 หน่วยงานกลาง | L99: 923 | N99: 1A53003900 | O99: บมจ. ซีพี แอ็กซ์ตร้า สาขาสระบุรี | P99: 2 | Q99: MAKRO 0038 สระบุรี | R99: 244658 | S99: 14/5/2569 | T99: H6954RMA0059184 | U99: 23065143 | V99: สามชั้นสไลด์ | W99: 180 | X99: 180 | Y99: 180 | Z99: 180 | AA99: 0 | AB99: 0 | AC99: 0 | AD99: 0 | AE99: 180 | AF99: 180 | AI99: OPRCD489MOPRCD00000OPRCDF213OPRCD00000OPRCD923 | AJ99: ซื้อ / ขาย | AK99: Main proudct | AL99: Bulk Normal | AM99: สุกร | AN99: OT002 CC-Makro | AO99: MT | AP99: 2 | AT99: เบญจพจน์ เพชรเหลี่ยม | AU99: 2026-05-11-13.33.46.000000 | AV99: ก.ก. | AW99: ก.ก. | AY99: 0 | AZ99: N | BA99: 9044989536402 | BD99: 1 | BF99: ;0000 | BG99: 1333314600 | BH99: G | BI99: 180 | BJ99: 180 | BK99: 1300 | BL99: SYSBATCH
C100: 14/5/2569 | D100: 14/5/2569 | F100: 489M | G100: Modern Trade (Makro) | H100: 0 | I100: หน่วยงานกลาง | J100: F213 DMCW-รชล-พระพุทธบาท | K100: 00000 หน่วยงานกลาง | L100: 923 | N100: 1A53003900 | O100: บมจ. ซีพี แอ็กซ์ตร้า สาขาสระบุรี | P100: 2 | Q100: MAKRO 0038 สระบุรี | R100: 244658 | S100: 14/5/2569 | T100: H6954RMA0059184 | U100: 23068390 | V100: กระดูกซุปติดเนื้อพิเศษ(M) | W100: 40 | X100: 40 | Y100: 40 | Z100: 40 | AA100: 0 | AB100: 0 | AC100: 0 | AD100: 0 | AE100: 40 | AF100: 40 | AI100: OPRCD489MOPRCD00000OPRCDF213OPRCD00000OPRCD923 | AJ100: ซื้อ / ขาย | AK100: By proudct | AL100: Bulk Normal | AM100: สุกร | AN100: OT002 CC-Makro | AO100: MT | AP100: 2 | AT100: เบญจพจน์ เพชรเหลี่ยม | AU100: 2026-05-11-13.33.46.000000 | AV100: ก.ก. | AW100: ก.ก. | AY100: 0 | AZ100: N | BA100: 9044989536402 | BD100: 1 | BF100: ;0000 | BG100: 1333314600 | BH100: G | BI100: 40 | BJ100: 40 | BK100: 1300 | BL100: SYSBATCH
C101: 14/5/2569 | D101: 14/5/2569 | F101: 489M | G101: Modern Trade (Makro) | H101: 0 | I101: หน่วยงานกลาง | J101: F213 DMCW-รชล-พระพุทธบาท | K101: 00000 หน่วยงานกลาง | L101: 923 | N101: 1A53003900 | O101: บมจ. ซีพี แอ็กซ์ตร้า สาขาสระบุรี | P101: 2 | Q101: MAKRO 0038 สระบุรี | R101: 244658 | S101: 14/5/2569 | T101: H6954RMA0059184 | U101: 23065142 | V101: สันคอสไลด์ | W101: 20 | X101: 20 | Y101: 20 | Z101: 20 | AA101: 0 | AB101: 0 | AC101: 0 | AD101: 0 | AE101: 20 | AF101: 20 | AI101: OPRCD489MOPRCD00000OPRCDF213OPRCD00000OPRCD923 | AJ101: ซื้อ / ขาย | AK101: Main proudct | AL101: Bulk Normal | AM101: สุกร | AN101: OT002 CC-Makro | AO101: MT | AP101: 2 | AT101: เบญจพจน์ เพชรเหลี่ยม | AU101: 2026-05-11-13.33.46.000000 | AV101: ก.ก. | AW101: ก.ก. | AY101: 0 | AZ101: N | BA101: 9044989536402 | BD101: 1 | BF101: ;0000 | BG101: 1333314600 | BH101: G | BI101: 20 | BJ101: 20 | BK101: 1300 | BL101: SYSBATCH
C102: 14/5/2569 | D102: 14/5/2569 | F102: 489M | G102: Modern Trade (Makro) | H102: 0 | I102: หน่วยงานกลาง | J102: F213 DMCW-รชล-พระพุทธบาท | K102: 00000 หน่วยงานกลาง | L102: 923 | N102: 1A53003900 | O102: บมจ. ซีพี แอ็กซ์ตร้า สาขาสระบุรี | P102: 2 | Q102: MAKRO 0038 สระบุรี | R102: 244658 | S102: 14/5/2569 | T102: H6954RMA0059184 | U102: 23057821 | V102: สันคอ(M) | W102: 0 | X102: 0 | Y102: 0 | Z102: 0 | AA102: 0 | AB102: 0 | AC102: 0 | AD102: 0 | AE102: 0 | AF102: 0 | AI102: OPRCD489MOPRCD00000OPRCDF213OPRCD00000OPRCD923 | AJ102: ซื้อ / ขาย | AK102: Main proudct | AL102: Bulk Normal | AM102: สุกร | AN102: OT002 CC-Makro | AO102: MT | AP102: 2 | AT102: เบญจพจน์ เพชรเหลี่ยม | AU102: 2026-05-11-13.33.46.000000 | AV102: ก.ก. | AW102: ก.ก. | AY102: 0 | AZ102: N | BA102: 9044989536402 | BD102: 1 | BF102: ;0000 | BG102: 1333314600 | BH102: G | BI102: 0 | BJ102: 0 | BK102: 1300 | BL102: SYSBATCH
C103: 14/5/2569 | D103: 14/5/2569 | F103: 489M | G103: Modern Trade (Makro) | H103: 0 | I103: หน่วยงานกลาง | J103: F213 DMCW-รชล-พระพุทธบาท | K103: 00000 หน่วยงานกลาง | L103: 923 | N103: 1A53003900 | O103: บมจ. ซีพี แอ็กซ์ตร้า สาขาสระบุรี | P103: 2 | Q103: MAKRO 0038 สระบุรี | R103: 244658 | S103: 14/5/2569 | T103: H6954RMA0059184 | U103: 23108462 | V103: หมูบดปนมัน 30% แพ็ค กก.(M) | W103: 100 | X103: 100 | Y103: 100 | Z103: 100 | AA103: 0 | AB103: 0 | AC103: 0 | AD103: 0 | AE103: 100 | AF103: 100 | AI103: OPRCD489MOPRCD00000OPRCDF213OPRCD00000OPRCD923 | AJ103: ซื้อ / ขาย | AK103: Main proudct | AL103: Bulk Normal | AM103: สุกร | AN103: OT002 CC-Makro | AO103: MT | AP103: 2 | AT103: เบญจพจน์ เพชรเหลี่ยม | AU103: 2026-05-11-13.33.46.000000 | AV103: ถุง | AW103: ก.ก. | AY103: 0 | AZ103: N | BA103: 9044989536402 | BD103: 1 | BF103: ;0000 | BG103: 1333314600 | BH103: G | BI103: 100 | BJ103: 100 | BK103: 1300 | BL103: SYSBATCH
C104: 14/5/2569 | D104: 14/5/2569 | F104: 489M | G104: Modern Trade (Makro) | H104: 0 | I104: หน่วยงานกลาง | J104: F213 DMCW-รชล-พระพุทธบาท | K104: 00000 หน่วยงานกลาง | L104: 923 | N104: 1A53003900 | O104: บมจ. ซีพี แอ็กซ์ตร้า สาขาสระบุรี | P104: 2 | Q104: MAKRO 0038 สระบุรี | R104: 244658 | S104: 14/5/2569 | T104: H6954RMA0059184 | U104: 23062095 | V104: หน้ากากหมูเผา(M) | W104: 20 | X104: 20 | Y104: 20 | Z104: 20 | AA104: 0 | AB104: 0 | AC104: 0 | AD104: 0 | AE104: 20 | AF104: 20 | AI104: OPRCD489MOPRCD00000OPRCDF213OPRCD00000OPRCD923 | AJ104: ซื้อ / ขาย | AK104: By proudct | AL104: Bulk Normal | AM104: สุกร | AN104: OT002 CC-Makro | AO104: MT | AP104: 2 | AT104: เบญจพจน์ เพชรเหลี่ยม | AU104: 2026-05-11-13.33.46.000000 | AV104: ก.ก. | AW104: ก.ก. | AY104: 0 | AZ104: N | BA104: 9044989536402 | BD104: 1 | BF104: ;0000 | BG104: 1333314600 | BH104: G | BI104: 20 | BJ104: 20 | BK104: 1300 | BL104: SYSBATCH
C105: 14/5/2569 | D105: 14/5/2569 | F105: 489M | G105: Modern Trade (Makro) | H105: 0 | I105: หน่วยงานกลาง | J105: F213 DMCW-รชล-พระพุทธบาท | K105: 00000 หน่วยงานกลาง | L105: 923 | N105: 1A53003900 | O105: บมจ. ซีพี แอ็กซ์ตร้า สาขาสระบุรี | P105: 2 | Q105: MAKRO 0038 สระบุรี | R105: 244658 | S105: 14/5/2569 | T105: H6954RMA0059184 | U105: 23057812 | V105: สะโพก(M) | W105: 0 | X105: 0 | Y105: 0 | Z105: 0 | AA105: 0 | AB105: 0 | AC105: 0 | AD105: 0 | AE105: 0 | AF105: 0 | AI105: OPRCD489MOPRCD00000OPRCDF213OPRCD00000OPRCD923 | AJ105: ซื้อ / ขาย | AK105: Main proudct | AL105: Bulk Normal | AM105: สุกร | AN105: OT002 CC-Makro | AO105: MT | AP105: 2 | AT105: เบญจพจน์ เพชรเหลี่ยม | AU105: 2026-05-11-13.33.46.000000 | AV105: ก.ก. | AW105: ก.ก. | AY105: 0 | AZ105: N | BA105: 9044989536402 | BD105: 1 | BF105: ;0000 | BG105: 1333314600 | BH105: G | BI105: 0 | BJ105: 0 | BK105: 1300 | BL105: SYSBATCH
C106: 14/5/2569 | D106: 14/5/2569 | F106: 489M | G106: Modern Trade (Makro) | H106: 0 | I106: หน่วยงานกลาง | J106: F213 DMCW-รชล-พระพุทธบาท | K106: 00000 หน่วยงานกลาง | L106: 923 | N106: 1A53003900 | O106: บมจ. ซีพี แอ็กซ์ตร้า สาขาสระบุรี | P106: 2 | Q106: MAKRO 0038 สระบุรี | R106: 244658 | S106: 14/5/2569 | T106: H6954RMA0059184 | U106: 23015265 | V106: ซี่โครงหั่นชิ้น | W106: 30 | X106: 30 | Y106: 30 | Z106: 30 | AA106: 0 | AB106: 0 | AC106: 0 | AD106: 0 | AE106: 30 | AF106: 30 | AI106: OPRCD489MOPRCD00000OPRCDF213OPRCD00000OPRCD923 | AJ106: ซื้อ / ขาย | AK106: Main proudct | AL106: Bulk Normal | AM106: สุกร | AN106: OT002 CC-Makro | AO106: MT | AP106: 2 | AT106: เบญจพจน์ เพชรเหลี่ยม | AU106: 2026-05-11-13.33.46.000000 | AV106: ก.ก. | AW106: ก.ก. | AY106: 0 | AZ106: N | BA106: 9044989536402 | BD106: 1 | BF106: ;0000 | BG106: 1333314600 | BH106: G | BI106: 30 | BJ106: 30 | BK106: 1300 | BL106: SYSBATCH
C107: 14/5/2569 | D107: 14/5/2569 | F107: 489M | G107: Modern Trade (Makro) | H107: 0 | I107: หน่วยงานกลาง | J107: F213 DMCW-รชล-พระพุทธบาท | K107: 00000 หน่วยงานกลาง | L107: 923 | N107: 1A53003900 | O107: บมจ. ซีพี แอ็กซ์ตร้า สาขาสระบุรี | P107: 2 | Q107: MAKRO 0038 สระบุรี | R107: 244658 | S107: 14/5/2569 | T107: H6954RMA0059184 | U107: 23058555 | V107: กระดูกซุป (M) | W107: 40 | X107: 40 | Y107: 40 | Z107: 40 | AA107: 0 | AB107: 0 | AC107: 0 | AD107: 0 | AE107: 40 | AF107: 40 | AI107: OPRCD489MOPRCD00000OPRCDF213OPRCD00000OPRCD923 | AJ107: ซื้อ / ขาย | AK107: By proudct | AL107: Bulk Normal | AM107: สุกร | AN107: OT002 CC-Makro | AO107: MT | AP107: 2 | AT107: เบญจพจน์ เพชรเหลี่ยม | AU107: 2026-05-11-13.33.46.000000 | AV107: ก.ก. | AW107: ก.ก. | AY107: 0 | AZ107: N | BA107: 9044989536402 | BD107: 1 | BF107: ;0000 | BG107: 1333314600 | BH107: G | BI107: 40 | BJ107: 40 | BK107: 1300 | BL107: SYSBATCH
C108: 14/5/2569 | D108: 14/5/2569 | F108: 489M | G108: Modern Trade (Makro) | H108: 0 | I108: หน่วยงานกลาง | J108: F213 DMCW-รชล-พระพุทธบาท | K108: 00000 หน่วยงานกลาง | L108: 923 | N108: 1A53003900 | O108: บมจ. ซีพี แอ็กซ์ตร้า สาขาสระบุรี | P108: 2 | Q108: MAKRO 0038 สระบุรี | R108: 244658 | S108: 14/5/2569 | T108: H6954RMA0059184 | U108: 23065140 | V108: สะโพกสไลด์ | W108: 220 | X108: 220 | Y108: 220 | Z108: 220 | AA108: 0 | AB108: 0 | AC108: 0 | AD108: 0 | AE108: 220 | AF108: 220 | AI108: OPRCD489MOPRCD00000OPRCDF213OPRCD00000OPRCD923 | AJ108: ซื้อ / ขาย | AK108: Main proudct | AL108: Bulk Normal | AM108: สุกร | AN108: OT002 CC-Makro | AO108: MT | AP108: 2 | AT108: เบญจพจน์ เพชรเหลี่ยม | AU108: 2026-05-11-13.33.46.000000 | AV108: ก.ก. | AW108: ก.ก. | AY108: 0 | AZ108: N | BA108: 9044989536402 | BD108: 1 | BF108: ;0000 | BG108: 1333314600 | BH108: G | BI108: 220 | BJ108: 220 | BK108: 1300 | BL108: SYSBATCH
C109: 14/5/2569 | D109: 14/5/2569 | F109: 489M | G109: Modern Trade (Makro) | H109: 0 | I109: หน่วยงานกลาง | J109: F213 DMCW-รชล-พระพุทธบาท | K109: 00000 หน่วยงานกลาง | L109: 923 | N109: 1A53004800 | O109: บมจ. ซีพี แอ็กซ์ตร้า สาขาลพบุรี | P109: 2 | Q109: MAKRO 0047 ลพบุรี | R109: 244658 | S109: 14/5/2569 | T109: H6954RMA0059202 | U109: 23058551 | V109: คอหมูย่าง (M) | W109: 20 | X109: 20 | Y109: 20 | Z109: 20 | AA109: 0 | AB109: 0 | AC109: 0 | AD109: 0 | AE109: 20 | AF109: 20 | AI109: OPRCD489MOPRCD00000OPRCDF213OPRCD00000OPRCD923 | AJ109: ซื้อ / ขาย | AK109: Main proudct | AL109: Bulk Normal | AM109: สุกร | AN109: OT002 CC-Makro | AO109: MT | AP109: 2 | AT109: เบญจพจน์ เพชรเหลี่ยม | AU109: 2026-05-11-13.33.46.000000 | AV109: ก.ก. | AW109: ก.ก. | AY109: 0 | AZ109: N | BA109: 9044989536419 | BD109: 1 | BF109: ;0000 | BG109: 1333314600 | BH109: G | BI109: 20 | BJ109: 20 | BK109: 1300 | BL109: SYSBATCH
... C197: 14/5/2569 | D197: 14/5/2569 | F197: 489M | G197: Modern Trade (Makro) | H197: 0 | I197: หน่วยงานกลาง | J197: F213 DMCW-รชล-พระพุทธบาท | K197: 00000 หน่วยงานกลาง | L197: 923 | N197: 1A53010800 | O197: บมจ. ซีพี แอ็กซ์ตร้า สาขาสิงห์บุรี | P197: 2 | Q197: MAKRO 0114 สิงห์บุรี | R197: 244658 | S197: 14/5/2569 | T197: H6954RMA0059255 | U197: 23088036 | V197: เนื้อไหล่หมูติดหนังหั่นชิ้น(M) | W197: 5 | X197: 5 | Y197: 5 | Z197: 5 | AA197: 0 | AB197: 0 | AC197: 0 | AD197: 0 | AE197: 5 | AF197: 5 | AI197: OPRCD489MOPRCD00000OPRCDF213OPRCD00000OPRCD923 | AJ197: ซื้อ / ขาย | AK197: Main proudct | AL197: Bulk Normal | AM197: สุกร | AN197: OT002 CC-Makro | AO197: MT | AP197: 2 | AT197: เบญจพจน์ เพชรเหลี่ยม | AU197: 2026-05-11-13.33.46.000000 | AV197: ก.ก. | AW197: ก.ก. | AY197: 0 | AZ197: N | BA197: 9044989536467 | BD197: 1 | BF197: ;0000 | BG197: 1333314600 | BH197: G | BI197: 5 | BJ197: 5 | BK197: 1300 | BL197: SYSBATCH
C198: 14/5/2569 | D198: 14/5/2569 | F198: 489M | G198: Modern Trade (Makro) | H198: 0 | I198: หน่วยงานกลาง | J198: F213 DMCW-รชล-พระพุทธบาท | K198: 00000 หน่วยงานกลาง | L198: 923 | N198: 1A53010800 | O198: บมจ. ซีพี แอ็กซ์ตร้า สาขาสิงห์บุรี | P198: 2 | Q198: MAKRO 0114 สิงห์บุรี | R198: 244658 | S198: 14/5/2569 | T198: H6954RMA0059255 | U198: 23106549 | V198: สะโพกหมูแต่งพิเศษ(แยกกล้ามเนื้อ)Spec7(M) | W198: 10 | X198: 50 | Y198: 10 | Z198: 50 | AA198: 0 | AB198: 0 | AC198: 0 | AD198: 0 | AE198: 10 | AF198: 50 | AI198: OPRCD489MOPRCD00000OPRCDF213OPRCD00000OPRCD923 | AJ198: ซื้อ / ขาย | AN198: OT002 CC-Makro | AO198: MT | AP198: 2 | AT198: เบญจพจน์ เพชรเหลี่ยม | AU198: 2026-05-11-13.33.46.000000 | AV198: ถุง | AW198: ก.ก. | AY198: 0 | AZ198: N | BA198: 9044989536467 | BD198: 1 | BF198: ;0000 | BG198: 1333314600 | BH198: G | BI198: 10 | BJ198: 50 | BK198: 1300 | BL198: SYSBATCH
C199: 14/5/2569 | D199: 14/5/2569 | F199: 489M | G199: Modern Trade (Makro) | H199: 0 | I199: หน่วยงานกลาง | J199: F213 DMCW-รชล-พระพุทธบาท | K199: 00000 หน่วยงานกลาง | L199: 923 | N199: 1A53010800 | O199: บมจ. ซีพี แอ็กซ์ตร้า สาขาสิงห์บุรี | P199: 2 | Q199: MAKRO 0114 สิงห์บุรี | R199: 244658 | S199: 14/5/2569 | T199: H6954RMA0059255 | U199: 23058590 | V199: ไส้ใหญ่(ลวก) (M) | W199: 120 | X199: 120 | Y199: 120 | Z199: 120 | AA199: 0 | AB199: 0 | AC199: 0 | AD199: 0 | AE199: 120 | AF199: 120 | AI199: OPRCD489MOPRCD00000OPRCDF213OPRCD00000OPRCD923 | AJ199: ซื้อ / ขาย | AK199: By proudct | AL199: Bulk Normal | AM199: สุกร | AN199: OT002 CC-Makro | AO199: MT | AP199: 2 | AT199: เบญจพจน์ เพชรเหลี่ยม | AU199: 2026-05-11-13.33.46.000000 | AV199: ก.ก. | AW199: ก.ก. | AY199: 0 | AZ199: N | BA199: 9044989536467 | BD199: 1 | BF199: ;0000 | BG199: 1333314600 | BH199: G | BI199: 120 | BJ199: 120 | BK199: 1300 | BL199: SYSBATCH
C200: 14/5/2569 | D200: 14/5/2569 | F200: 489M | G200: Modern Trade (Makro) | H200: 0 | I200: หน่วยงานกลาง | J200: F213 DMCW-รชล-พระพุทธบาท | K200: 00000 หน่วยงานกลาง | L200: 923 | N200: 1A53010800 | O200: บมจ. ซีพี แอ็กซ์ตร้า สาขาสิงห์บุรี | P200: 2 | Q200: MAKRO 0114 สิงห์บุรี | R200: 244658 | S200: 14/5/2569 | T200: H6954RMA0059255 | U200: 23058591 | V200: กระดูกข้อ(คาตั๊ง) (M) | W200: 20 | X200: 20 | Y200: 20 | Z200: 20 | AA200: 0 | AB200: 0 | AC200: 0 | AD200: 0 | AE200: 20 | AF200: 20 | AI200: OPRCD489MOPRCD00000OPRCDF213OPRCD00000OPRCD923 | AJ200: ซื้อ / ขาย | AK200: By proudct | AL200: Bulk Normal | AM200: สุกร | AN200: OT002 CC-Makro | AO200: MT | AP200: 2 | AT200: เบญจพจน์ เพชรเหลี่ยม | AU200: 2026-05-11-13.33.46.000000 | AV200: ก.ก. | AW200: ก.ก. | AY200: 0 | AZ200: N | BA200: 9044989536467 | BD200: 1 | BF200: ;0000 | BG200: 1333314600 | BH200: G | BI200: 20 | BJ200: 20 | BK200: 1300 | BL200: SYSBATCH
C201: 14/5/2569 | D201: 14/5/2569 | F201: 489M | G201: Modern Trade (Makro) | H201: 0 | I201: หน่วยงานกลาง | J201: F213 DMCW-รชล-พระพุทธบาท | K201: 00000 หน่วยงานกลาง | L201: 923 | N201: 1A53010800 | O201: บมจ. ซีพี แอ็กซ์ตร้า สาขาสิงห์บุรี | P201: 2 | Q201: MAKRO 0114 สิงห์บุรี | R201: 244658 | S201: 14/5/2569 | T201: H6954RMA0059255 | U201: 23098990 | V201: สามชั้นหั่นพะโล้ กก.ละ | W201: 5 | X201: 5 | Y201: 5 | Z201: 5 | AA201: 0 | AB201: 0 | AC201: 0 | AD201: 0 | AE201: 5 | AF201: 5 | AI201: OPRCD489MOPRCD00000OPRCDF213OPRCD00000OPRCD923 | AJ201: ซื้อ / ขาย | AK201: Main proudct | AL201: Bulk Normal | AM201: สุกร | AN201: OT002 CC-Makro | AO201: MT | AP201: 2 | AT201: เบญจพจน์ เพชรเหลี่ยม | AU201: 2026-05-11-13.33.46.000000 | AV201: ก.ก. | AW201: ก.ก. | AY201: 0 | AZ201: N | BA201: 9044989536467 | BD201: 1 | BF201: ;0000 | BG201: 1333314600 | BH201: G | BI201: 5 | BJ201: 5 | BK201: 1300 | BL201: SYSBATCH
C202: 14/5/2569 | D202: 14/5/2569 | F202: 489M | G202: Modern Trade (Makro) | H202: 0 | I202: หน่วยงานกลาง | J202: F213 DMCW-รชล-พระพุทธบาท | K202: 00000 หน่วยงานกลาง | L202: 923 | N202: 1A53010800 | O202: บมจ. ซีพี แอ็กซ์ตร้า สาขาสิงห์บุรี | P202: 2 | Q202: MAKRO 0114 สิงห์บุรี | R202: 244658 | S202: 14/5/2569 | T202: H6954RMA0059255 | U202: 23070475 | V202: สามชั้นหมูตัดเส้น 3-4 นิ้ว | W202: 5 | X202: 5 | Y202: 5 | Z202: 5 | AA202: 0 | AB202: 0 | AC202: 0 | AD202: 0 | AE202: 5 | AF202: 5 | AI202: OPRCD489MOPRCD00000OPRCDF213OPRCD00000OPRCD923 | AJ202: ซื้อ / ขาย | AK202: Main proudct | AL202: Bulk Normal | AM202: สุกร | AN202: OT002 CC-Makro | AO202: MT | AP202: 2 | AT202: เบญจพจน์ เพชรเหลี่ยม | AU202: 2026-05-11-13.33.46.000000 | AV202: ก.ก. | AW202: ก.ก. | AY202: 0 | AZ202: N | BA202: 9044989536467 | BD202: 1 | BF202: ;0000 | BG202: 1333314600 | BH202: G | BI202: 5 | BJ202: 5 | BK202: 1300 | BL202: SYSBATCH
C203: 14/5/2569 | D203: 14/5/2569 | F203: 489M | G203: Modern Trade (Makro) | H203: 0 | I203: หน่วยงานกลาง | J203: F213 DMCW-รชล-พระพุทธบาท | K203: 00000 หน่วยงานกลาง | L203: 923 | N203: 1A53010800 | O203: บมจ. ซีพี แอ็กซ์ตร้า สาขาสิงห์บุรี | P203: 2 | Q203: MAKRO 0114 สิงห์บุรี | R203: 244658 | S203: 14/5/2569 | T203: H6954RMA0059255 | U203: 23071884 | V203: ตับหมูสไลด์ (M) | W203: 0.9615 | X203: 4.9998 | Y203: 0.9615 | Z203: 4.9998 | AA203: 0 | AB203: 0 | AC203: 0 | AD203: 0 | AE203: 0.9615 | AF203: 4.9998 | AI203: OPRCD489MOPRCD00000OPRCDF213OPRCD00000OPRCD923 | AJ203: ซื้อ / ขาย | AK203: By proudct | AL203: Bulk Normal | AM203: สุกร | AN203: OT002 CC-Makro | AO203: MT | AP203: 2 | AT203: เบญจพจน์ เพชรเหลี่ยม | AU203: 2026-05-11-13.33.46.000000 | AV203: ถุง | AW203: ก.ก. | AY203: 0 | AZ203: N | BA203: 9044989536467 | BD203: 1 | BF203: ;0000 | BG203: 1333314600 | BH203: G | BI203: 0.9615 | BJ203: 4.9998 | BK203: 1300 | BL203: SYSBATCH
C204: 14/5/2569 | D204: 14/5/2569 | F204: 489M | G204: Modern Trade (Makro) | H204: 0 | I204: หน่วยงานกลาง | J204: F213 DMCW-รชล-พระพุทธบาท | K204: 00000 หน่วยงานกลาง | L204: 923 | N204: 1A53010800 | O204: บมจ. ซีพี แอ็กซ์ตร้า สาขาสิงห์บุรี | P204: 2 | Q204: MAKRO 0114 สิงห์บุรี | R204: 244658 | S204: 14/5/2569 | T204: H6954RMA0059255 | U204: 23065142 | V204: สันคอสไลด์ | W204: 10 | X204: 10 | Y204: 10 | Z204: 10 | AA204: 0 | AB204: 0 | AC204: 0 | AD204: 0 | AE204: 10 | AF204: 10 | AI204: OPRCD489MOPRCD00000OPRCDF213OPRCD00000OPRCD923 | AJ204: ซื้อ / ขาย | AK204: Main proudct | AL204: Bulk Normal | AM204: สุกร | AN204: OT002 CC-Makro | AO204: MT | AP204: 2 | AT204: เบญจพจน์ เพชรเหลี่ยม | AU204: 2026-05-11-13.33.46.000000 | AV204: ก.ก. | AW204: ก.ก. | AY204: 0 | AZ204: N | BA204: 9044989536467 | BD204: 1 | BF204: ;0000 | BG204: 1333314600 | BH204: G | BI204: 10 | BJ204: 10 | BK204: 1300 | BL204: SYSBATCH
C205: 14/5/2569 | D205: 14/5/2569 | F205: 489M | G205: Modern Trade (Makro) | H205: 0 | I205: หน่วยงานกลาง | J205: F213 DMCW-รชล-พระพุทธบาท | K205: 00000 หน่วยงานกลาง | L205: 923 | N205: 1A53010800 | O205: บมจ. ซีพี แอ็กซ์ตร้า สาขาสิงห์บุรี | P205: 2 | Q205: MAKRO 0114 สิงห์บุรี | R205: 244658 | S205: 14/5/2569 | T205: H6954RMA0059255 | U205: 23109326 | V205: ขาหมูเผาเลาะติดหนัง กก.ละ | W205: 80 | X205: 80 | Y205: 80 | Z205: 80 | AA205: 0 | AB205: 0 | AC205: 0 | AD205: 0 | AE205: 80 | AF205: 80 | AI205: OPRCD489MOPRCD00000OPRCDF213OPRCD00000OPRCD923 | AJ205: ซื้อ / ขาย | AK205: By proudct | AL205: Bulk Normal | AM205: สุกร | AN205: OT002 CC-Makro | AO205: MT | AP205: 2 | AT205: เบญจพจน์ เพชรเหลี่ยม | AU205: 2026-05-11-13.33.46.000000 | AV205: ก.ก. | AW205: ก.ก. | AY205: 0 | AZ205: N | BA205: 9044989536467 | BD205: 1 | BF205: ;0000 | BG205: 1333314600 | BH205: G | BI205: 80 | BJ205: 80 | BK205: 1300 | BL205: SYSBATCH
C206: 14/5/2569 | D206: 14/5/2569 | F206: 489M | G206: Modern Trade (Makro) | H206: 0 | I206: หน่วยงานกลาง | J206: F213 DMCW-รชล-พระพุทธบาท | K206: 00000 หน่วยงานกลาง | L206: 923 | N206: 1A53010800 | O206: บมจ. ซีพี แอ็กซ์ตร้า สาขาสิงห์บุรี | P206: 2 | Q206: MAKRO 0114 สิงห์บุรี | R206: 244658 | S206: 14/5/2569 | T206: H6954RMA0059255 | U206: 23058584 | V206: ตับหมู (M) | W206: 20 | X206: 20 | Y206: 20 | Z206: 20 | AA206: 0 | AB206: 0 | AC206: 0 | AD206: 0 | AE206: 20 | AF206: 20 | AI206: OPRCD489MOPRCD00000OPRCDF213OPRCD00000OPRCD923 | AJ206: ซื้อ / ขาย | AK206: By proudct | AL206: Bulk Normal | AM206: สุกร | AN206: OT002 CC-Makro | AO206: MT | AP206: 2 | AT206: เบญจพจน์ เพชรเหลี่ยม | AU206: 2026-05-11-13.33.46.000000 | AV206: ก.ก. | AW206: ก.ก. | AY206: 0 | AZ206: N | BA206: 9044989536467 | BD206: 1 | BF206: ;0000 | BG206: 1333314600 | BH206: G | BI206: 20 | BJ206: 20 | BK206: 1300 | BL206: SYSBATCH
C207: 14/5/2569 | D207: 14/5/2569 | F207: 489M | G207: Modern Trade (Makro) | H207: 0 | I207: หน่วยงานกลาง | J207: F213 DMCW-รชล-พระพุทธบาท | K207: 00000 หน่วยงานกลาง | L207: 923 | N207: 1A53010800 | O207: บมจ. ซีพี แอ็กซ์ตร้า สาขาสิงห์บุรี | P207: 2 | Q207: MAKRO 0114 สิงห์บุรี | R207: 244658 | S207: 14/5/2569 | T207: H6954RMA0059255 | U207: 23058587 | V207: หัวใจหมู (M) | W207: 5 | X207: 5 | Y207: 5 | Z207: 5 | AA207: 0 | AB207: 0 | AC207: 0 | AD207: 0 | AE207: 5 | AF207: 5 | AI207: OPRCD489MOPRCD00000OPRCDF213OPRCD00000OPRCD923 | AJ207: ซื้อ / ขาย | AK207: By proudct | AL207: Bulk Normal | AM207: สุกร | AN207: OT002 CC-Makro | AO207: MT | AP207: 2 | AT207: เบญจพจน์ เพชรเหลี่ยม | AU207: 2026-05-11-13.33.46.000000 | AV207: ก.ก. | AW207: ก.ก. | AY207: 0 | AZ207: N | BA207: 9044989536467 | BD207: 1 | BF207: ;0000 | BG207: 1333314600 | BH207: G | BI207: 5 | BJ207: 5 | BK207: 1300 | BL207: SYSBATCH
C208: 14/5/2569 | D208: 14/5/2569 | F208: 489M | G208: Modern Trade (Makro) | H208: 0 | I208: หน่วยงานกลาง | J208: F213 DMCW-รชล-พระพุทธบาท | K208: 00000 หน่วยงานกลาง | L208: 923 | N208: 1A53010800 | O208: บมจ. ซีพี แอ็กซ์ตร้า สาขาสิงห์บุรี | P208: 2 | Q208: MAKRO 0114 สิงห์บุรี | R208: 244658 | S208: 14/5/2569 | T208: H6954RMA0059255 | U208: 23057815 | V208: สันนอก(M) | W208: 200 | X208: 200 | Y208: 200 | Z208: 200 | AA208: 0 | AB208: 0 | AC208: 0 | AD208: 0 | AE208: 200 | AF208: 200 | AI208: OPRCD489MOPRCD00000OPRCDF213OPRCD00000OPRCD923 | AJ208: ซื้อ / ขาย | AK208: Main proudct | AL208: Bulk Normal | AM208: สุกร | AN208: OT002 CC-Makro | AO208: MT | AP208: 2 | AT208: เบญจพจน์ เพชรเหลี่ยม | AU208: 2026-05-11-13.33.46.000000 | AV208: ก.ก. | AW208: ก.ก. | AY208: 0 | AZ208: N | BA208: 9044989536467 | BD208: 1 | BF208: ;0000 | BG208: 1333314600 | BH208: G | BI208: 200 | BJ208: 200 | BK208: 1300 | BL208: SYSBATCH
C209: 14/5/2569 | D209: 14/5/2569 | F209: 489M | G209: Modern Trade (Makro) | H209: 0 | I209: หน่วยงานกลาง | J209: F213 DMCW-รชล-พระพุทธบาท | K209: 00000 หน่วยงานกลาง | L209: 923 | N209: 1A53010800 | O209: บมจ. ซีพี แอ็กซ์ตร้า สาขาสิงห์บุรี | P209: 2 | Q209: MAKRO 0114 สิงห์บุรี | R209: 244658 | S209: 14/5/2569 | T209: H6954RMA0059255 | U209: 23105820 | V209: สะโพกหมูสไลซ์(M) | W209: 10 | X209: 50 | Y209: 10 | Z209: 50 | AA209: 0 | AB209: 0 | AC209: 0 | AD209: 0 | AE209: 10 | AF209: 50 | AI209: OPRCD489MOPRCD00000OPRCDF213OPRCD00000OPRCD923 | AJ209: ซื้อ / ขาย | AK209: Main proudct | AL209: Bulk Normal | AM209: สุกร | AN209: OT002 CC-Makro | AO209: MT | AP209: 2 | AT209: เบญจพจน์ เพชรเหลี่ยม | AU209: 2026-05-11-13.33.46.000000 | AV209: ถุง | AW209: ก.ก. | AY209: 0 | AZ209: N | BA209: 9044989536467 | BD209: 1 | BF209: ;0000 | BG209: 1333314600 | BH209: G | BI209: 10 | BJ209: 50 | BK209: 1300 | BL209: SYSBATCH
C210: 14/5/2569 | D210: 14/5/2569 | F210: 489M | G210: Modern Trade (Makro) | H210: 0 | I210: หน่วยงานกลาง | J210: F213 DMCW-รชล-พระพุทธบาท | K210: 00000 หน่วยงานกลาง | L210: 923 | N210: 1A53010800 | O210: บมจ. ซีพี แอ็กซ์ตร้า สาขาสิงห์บุรี | P210: 2 | Q210: MAKRO 0114 สิงห์บุรี | R210: 244658 | S210: 14/5/2569 | T210: H6954RMA0059255 | U210: 23057821 | V210: สันคอ(M) | W210: 0 | X210: 0 | Y210: 0 | Z210: 0 | AA210: 0 | AB210: 0 | AC210: 0 | AD210: 0 | AE210: 0 | AF210: 0 | AI210: OPRCD489MOPRCD00000OPRCDF213OPRCD00000OPRCD923 | AJ210: ซื้อ / ขาย | AK210: Main proudct | AL210: Bulk Normal | AM210: สุกร | AN210: OT002 CC-Makro | AO210: MT | AP210: 2 | AT210: เบญจพจน์ เพชรเหลี่ยม | AU210: 2026-05-11-13.33.46.000000 | AV210: ก.ก. | AW210: ก.ก. | AY210: 0 | AZ210: N | BA210: 9044989536467 | BD210: 1 | BF210: ;0000 | BG210: 1333314600 | BH210: G | BI210: 0 | BJ210: 0 | BK210: 1300 | BL210: SYSBATCH
... C225: 14/5/2569 | D225: 14/5/2569 | F225: 489M | G225: Modern Trade (Makro) | H225: 0 | I225: หน่วยงานกลาง | J225: F213 DMCW-รชล-พระพุทธบาท | K225: 00000 หน่วยงานกลาง | L225: 923 | N225: 1A53010800 | O225: บมจ. ซีพี แอ็กซ์ตร้า สาขาสิงห์บุรี | P225: 2 | Q225: MAKRO 0114 สิงห์บุรี | R225: 244658 | S225: 14/5/2569 | T225: H6954RMA0059255 | U225: 23105751 | V225: เซพแพ็ค หัวไหล่หมู กก.ละ | W225: 10 | X225: 10 | Y225: 10 | Z225: 10 | AA225: 0 | AB225: 0 | AC225: 0 | AD225: 0 | AE225: 10 | AF225: 10 | AI225: OPRCD489MOPRCD00000OPRCDF213OPRCD00000OPRCD923 | AJ225: ซื้อ / ขาย | AK225: Main proudct | AL225: Bulk Normal | AM225: สุกร | AN225: OT002 CC-Makro | AO225: MT | AP225: 2 | AT225: เบญจพจน์ เพชรเหลี่ยม | AU225: 2026-05-11-13.33.46.000000 | AV225: ก.ก. | AW225: ก.ก. | AY225: 0 | AZ225: N | BA225: 9044989536467 | BD225: 1 | BF225: ;0000 | BG225: 1333314600 | BH225: G | BI225: 10 | BJ225: 10 | BK225: 1300 | BL225: SYSBATCH
C226: 14/5/2569 | D226: 14/5/2569 | F226: 489M | G226: Modern Trade (Makro) | H226: 0 | I226: หน่วยงานกลาง | J226: F213 DMCW-รชล-พระพุทธบาท | K226: 00000 หน่วยงานกลาง | L226: 923 | N226: 1A53004800 | O226: บมจ. ซีพี แอ็กซ์ตร้า สาขาลพบุรี | P226: 2 | Q226: MAKRO 0047 ลพบุรี | R226: 244688 | S226: 14/5/2569 | T226: H6954RMA0059669 | U226: 23084674 | V226: เลือดหมูก้อนปรุงรสพาสเจอร์ไรซ์400กรัม-C | W226: 28 | X226: 11.2 | Y226: 28 | Z226: 11.2 | AA226: 0 | AB226: 0 | AC226: 0 | AD226: 0 | AE226: 28 | AF226: 11.2 | AI226: OPRCD489MOPRCD00000OPRCDF213OPRCD00000OPRCD923 | AJ226: ซื้อ / ขาย | AK226: By proudct | AL226: Wrap | AM226: สุกร | AN226: OT002 CC-Makro | AO226: MT | AP226: 2 | AT226: สุภาวดี มีแทน | AU226: 2026-05-12-08.48.58.000000 | AV226: ถาด | AW226: ก.ก. | AY226: 0 | AZ226: N | BA226: 9045089556849 | BD226: 1 | BG226: 1333314600 | BH226: G | BI226: 28 | BJ226: 11.2 | BK226: 1300 | BL226: SYSBATCH
C227: 14/5/2569 | D227: 14/5/2569 | F227: 489M | G227: Modern Trade (Makro) | H227: 0 | I227: หน่วยงานกลาง | J227: F213 DMCW-รชล-พระพุทธบาท | K227: 00000 หน่วยงานกลาง | L227: 923 | N227: 1A53005200 | O227: บมจ. ซีพี แอ็กซ์ตร้า สาขาอยุธยา | P227: 2 | Q227: MAKRO 0051 อยุธยา | R227: 244688 | S227: 14/5/2569 | T227: H6954RMA0059671 | U227: 23084674 | V227: เลือดหมูก้อนปรุงรสพาสเจอร์ไรซ์400กรัม-C | W227: 28 | X227: 11.2 | Y227: 28 | Z227: 11.2 | AA227: 0 | AB227: 0 | AC227: 0 | AD227: 0 | AE227: 28 | AF227: 11.2 | AI227: OPRCD489MOPRCD00000OPRCDF213OPRCD00000OPRCD923 | AJ227: ซื้อ / ขาย | AK227: By proudct | AL227: Wrap | AM227: สุกร | AN227: OT002 CC-Makro | AO227: MT | AP227: 2 | AT227: สุภาวดี มีแทน | AU227: 2026-05-12-08.48.58.000000 | AV227: ถาด | AW227: ก.ก. | AY227: 0 | AZ227: N | BA227: 9045089556851 | BD227: 1 | BG227: 1333314600 | BH227: G | BI227: 28 | BJ227: 11.2 | BK227: 1300 | BL227: SYSBATCH
C228: 14/5/2569 | D228: 14/5/2569 | F228: 489M | G228: Modern Trade (Makro) | H228: 0 | I228: หน่วยงานกลาง | J228: F213 DMCW-รชล-พระพุทธบาท | K228: 00000 หน่วยงานกลาง | L228: 923 | N228: 1A53010800 | O228: บมจ. ซีพี แอ็กซ์ตร้า สาขาสิงห์บุรี | P228: 2 | Q228: MAKRO 0114 สิงห์บุรี | R228: 244688 | S228: 14/5/2569 | T228: H6954RMA0059681 | U228: 23084674 | V228: เลือดหมูก้อนปรุงรสพาสเจอร์ไรซ์400กรัม-C | W228: 14 | X228: 5.6 | Y228: 14 | Z228: 5.6 | AA228: 0 | AB228: 0 | AC228: 0 | AD228: 0 | AE228: 14 | AF228: 5.6 | AI228: OPRCD489MOPRCD00000OPRCDF213OPRCD00000OPRCD923 | AJ228: ซื้อ / ขาย | AK228: By proudct | AL228: Wrap | AM228: สุกร | AN228: OT002 CC-Makro | AO228: MT | AP228: 2 | AT228: สุภาวดี มีแทน | AU228: 2026-05-12-08.48.58.000000 | AV228: ถาด | AW228: ก.ก. | AY228: 0 | AZ228: N | BA228: 9045089556861 | BD228: 1 | BG228: 1333314600 | BH228: G | BI228: 14 | BJ228: 5.6 | BK228: 1300 | BL228: SYSBATCH
C229: 14/5/2569 | D229: 14/5/2569 | F229: 489M | G229: Modern Trade (Makro) | H229: 0 | I229: หน่วยงานกลาง | J229: F213 DMCW-รชล-พระพุทธบาท | K229: 00000 หน่วยงานกลาง | L229: 923 | N229: 1A53017200 | O229: บมจ. ซีพี แอ็กซ์ตร้า สาขาชัยนาท | P229: 2 | Q229: MAKRO 0164 สาขาชัยนาท | R229: 244688 | S229: 14/5/2569 | T229: H6954RMA0059701 | U229: 23084674 | V229: เลือดหมูก้อนปรุงรสพาสเจอร์ไรซ์400กรัม-C | W229: 14 | X229: 5.6 | Y229: 14 | Z229: 5.6 | AA229: 0 | AB229: 0 | AC229: 0 | AD229: 0 | AE229: 14 | AF229: 5.6 | AI229: OPRCD489MOPRCD00000OPRCDF213OPRCD00000OPRCD923 | AJ229: ซื้อ / ขาย | AK229: By proudct | AL229: Wrap | AM229: สุกร | AN229: MT2001 SUPER MK.-Makro | AO229: MT | AP229: 20 | AQ229: 1 | AT229: สุภาวดี มีแทน | AU229: 2026-05-12-08.48.58.000000 | AV229: ถาด | AW229: ก.ก. | AY229: 0 | AZ229: N | BA229: 9045089556881 | BD229: 1 | BG229: 1333314600 | BH229: G | BI229: 14 | BJ229: 5.6 | BL229: SYSBATCH
C230: 14/5/2569 | D230: 14/5/2569 | F230: 489M | G230: Modern Trade (Makro) | H230: 0 | I230: หน่วยงานกลาง | J230: F213 DMCW-รชล-พระพุทธบาท | K230: 00000 หน่วยงานกลาง | L230: 923 | N230: 1A53008400 | O230: บมจ. ซีพี แอ็กซ์ตร้า สาขานครอินทร์ | P230: 2 | Q230: MAKRO 0083 นครอินทร์ | R230: 244688 | S230: 14/5/2569 | T230: H6954RMA0059738 | U230: 23083450 | V230: น้ำมันหมู (ตรา ซีพี) | W230: 16 | X230: 16 | Y230: 16 | Z230: 16 | AA230: 0 | AB230: 0 | AC230: 0 | AD230: 0 | AE230: 16 | AF230: 16 | AI230: OPRCD489MOPRCD00000OPRCDF213OPRCD00000OPRCD923 | AJ230: ซื้อ / ขาย | AK230: By proudct | AL230: CP Brand(ซอง) | AM230: สุกร | AN230: OT002 CC-Makro | AO230: MT | AP230: 2 | AT230: สุภาวดี มีแทน | AU230: 2026-05-12-11.01.14.000000 | AV230: แพ็ค | AW230: ก.ก. | AY230: 0 | AZ230: N | BA230: 9045089567219 | BD230: 1 | BG230: 1333314600 | BH230: G | BI230: 16 | BJ230: 16 | BK230: 1300 | BL230: SYSBATCH
C231: 14/5/2569 | D231: 14/5/2569 | F231: 489M | G231: Modern Trade (Makro) | H231: 0 | I231: หน่วยงานกลาง | J231: F213 DMCW-รชล-พระพุทธบาท | K231: 00000 หน่วยงานกลาง | L231: 923 | N231: 1A53008400 | O231: บมจ. ซีพี แอ็กซ์ตร้า สาขานครอินทร์ | P231: 2 | Q231: MAKRO 0083 นครอินทร์ | R231: 244688 | S231: 14/5/2569 | T231: H6954RMA0059738 | U231: 23084674 | V231: เลือดหมูก้อนปรุงรสพาสเจอร์ไรซ์400กรัม-C | W231: 14 | X231: 5.6 | Y231: 14 | Z231: 5.6 | AA231: 0 | AB231: 0 | AC231: 0 | AD231: 0 | AE231: 14 | AF231: 5.6 | AI231: OPRCD489MOPRCD00000OPRCDF213OPRCD00000OPRCD923 | AJ231: ซื้อ / ขาย | AK231: By proudct | AL231: Wrap | AM231: สุกร | AN231: OT002 CC-Makro | AO231: MT | AP231: 2 | AT231: สุภาวดี มีแทน | AU231: 2026-05-12-11.01.14.000000 | AV231: ถาด | AW231: ก.ก. | AY231: 0 | AZ231: N | BA231: 9045089567219 | BD231: 1 | BG231: 1333314600 | BH231: G | BI231: 14 | BJ231: 5.6 | BK231: 1300 | BL231: SYSBATCH
C232: 14/5/2569 | D232: 14/5/2569 | F232: 489M | G232: Modern Trade (Makro) | H232: 0 | I232: หน่วยงานกลาง | J232: F213 DMCW-รชล-พระพุทธบาท | K232: 00000 หน่วยงานกลาง | L232: 923 | N232: 1A53009300 | O232: บมจ. ซีพี แอ็กซ์ตร้า สาขาทาวน์ อิน ทาวน์ | P232: 2 | Q232: MAKRO 0096 ทาวน์ อิน ทาวน์ | R232: 244688 | S232: 14/5/2569 | T232: H6954RMA0059841 | U232: 23058552 | V232: มันสันหลัง (M) | W232: 10 | X232: 10 | Y232: 10 | Z232: 10 | AA232: 0 | AB232: 0 | AC232: 0 | AD232: 0 | AE232: 10 | AF232: 10 | AI232: OPRCD489MOPRCD00000OPRCDF213OPRCD00000OPRCD923 | AJ232: ซื้อ / ขาย | AK232: By proudct | AL232: Bulk Normal | AM232: สุกร | AN232: OT002 CC-Makro | AO232: MT | AP232: 2 | AT232: System Batch | AU232: 2026-05-12-12.55.46.000000 | AV232: ก.ก. | AW232: ก.ก. | AY232: 0 | AZ232: N | BA232: 9044989567153 | BD232: 1 | BF232: ;0000 | BG232: 1333314600 | BH232: G | BI232: 10 | BJ232: 10 | BK232: 1300 | BL232: SYSBATCH
C233: 14/5/2569 | D233: 14/5/2569 | F233: 489M | G233: Modern Trade (Makro) | H233: 0 | I233: หน่วยงานกลาง | J233: F213 DMCW-รชล-พระพุทธบาท | K233: 00000 หน่วยงานกลาง | L233: 923 | N233: 1A53009300 | O233: บมจ. ซีพี แอ็กซ์ตร้า สาขาทาวน์ อิน ทาวน์ | P233: 2 | Q233: MAKRO 0096 ทาวน์ อิน ทาวน์ | R233: 244688 | S233: 14/5/2569 | T233: H6954RMA0059841 | U233: 23065143 | V233: สามชั้นสไลด์ | W233: 20 | X233: 20 | Y233: 20 | Z233: 20 | AA233: 0 | AB233: 0 | AC233: 0 | AD233: 0 | AE233: 20 | AF233: 20 | AI233: OPRCD489MOPRCD00000OPRCDF213OPRCD00000OPRCD923 | AJ233: ซื้อ / ขาย | AK233: Main proudct | AL233: Bulk Normal | AM233: สุกร | AN233: OT002 CC-Makro | AO233: MT | AP233: 2 | AT233: System Batch | AU233: 2026-05-12-12.55.46.000000 | AV233: ก.ก. | AW233: ก.ก. | AY233: 0 | AZ233: N | BA233: 9044989567153 | BD233: 1 | BF233: ;0000 | BG233: 1333314600 | BH233: G | BI233: 20 | BJ233: 20 | BK233: 1300 | BL233: SYSBATCH
C234: 14/5/2569 | D234: 14/5/2569 | F234: 489M | G234: Modern Trade (Makro) | H234: 0 | I234: หน่วยงานกลาง | J234: F213 DMCW-รชล-พระพุทธบาท | K234: 00000 หน่วยงานกลาง | L234: 923 | N234: 1A53009300 | O234: บมจ. ซีพี แอ็กซ์ตร้า สาขาทาวน์ อิน ทาวน์ | P234: 2 | Q234: MAKRO 0096 ทาวน์ อิน ทาวน์ | R234: 244688 | S234: 14/5/2569 | T234: H6954RMA0059841 | U234: 23065142 | V234: สันคอสไลด์ | W234: 10 | X234: 10 | Y234: 10 | Z234: 10 | AA234: 0 | AB234: 0 | AC234: 0 | AD234: 0 | AE234: 10 | AF234: 10 | AI234: OPRCD489MOPRCD00000OPRCDF213OPRCD00000OPRCD923 | AJ234: ซื้อ / ขาย | AK234: Main proudct | AL234: Bulk Normal | AM234: สุกร | AN234: OT002 CC-Makro | AO234: MT | AP234: 2 | AT234: System Batch | AU234: 2026-05-12-12.55.46.000000 | AV234: ก.ก. | AW234: ก.ก. | AY234: 0 | AZ234: N | BA234: 9044989567153 | BD234: 1 | BF234: ;0000 | BG234: 1333314600 | BH234: G | BI234: 10 | BJ234: 10 | BK234: 1300 | BL234: SYSBATCH
C235: 14/5/2569 | D235: 14/5/2569 | F235: 489M | G235: Modern Trade (Makro) | H235: 0 | I235: หน่วยงานกลาง | J235: F213 DMCW-รชล-พระพุทธบาท | K235: 00000 หน่วยงานกลาง | L235: 923 | N235: 1A53009300 | O235: บมจ. ซีพี แอ็กซ์ตร้า สาขาทาวน์ อิน ทาวน์ | P235: 2 | Q235: MAKRO 0096 ทาวน์ อิน ทาวน์ | R235: 244688 | S235: 14/5/2569 | T235: H6954RMA0059841 | U235: 23066879 | V235: กระดูกอ่อน(M) | W235: 5 | X235: 5 | Y235: 5 | Z235: 5 | AA235: 0 | AB235: 0 | AC235: 0 | AD235: 0 | AE235: 5 | AF235: 5 | AI235: OPRCD489MOPRCD00000OPRCDF213OPRCD00000OPRCD923 | AJ235: ซื้อ / ขาย | AK235: By proudct | AL235: Bulk Normal | AM235: สุกร | AN235: OT002 CC-Makro | AO235: MT | AP235: 2 | AT235: System Batch | AU235: 2026-05-12-12.55.46.000000 | AV235: ก.ก. | AW235: ก.ก. | AY235: 0 | AZ235: N | BA235: 9044989567153 | BD235: 1 | BF235: ;0000 | BG235: 1333314600 | BH235: G | BI235: 5 | BJ235: 5 | BK235: 1300 | BL235: SYSBATCH
C236: 14/5/2569 | D236: 14/5/2569 | F236: 489M | G236: Modern Trade (Makro) | H236: 0 | I236: หน่วยงานกลาง | J236: F213 DMCW-รชล-พระพุทธบาท | K236: 00000 หน่วยงานกลาง | L236: 923 | N236: 1A53009300 | O236: บมจ. ซีพี แอ็กซ์ตร้า สาขาทาวน์ อิน ทาวน์ | P236: 2 | Q236: MAKRO 0096 ทาวน์ อิน ทาวน์ | R236: 244688 | S236: 14/5/2569 | T236: H6954RMA0059841 | U236: 23105753 | V236: เซพแพ็ค สะโพกหมู กก.ละ | W236: 10 | X236: 10 | Y236: 10 | Z236: 10 | AA236: 0 | AB236: 0 | AC236: 0 | AD236: 0 | AE236: 10 | AF236: 10 | AI236: OPRCD489MOPRCD00000OPRCDF213OPRCD00000OPRCD923 | AJ236: ซื้อ / ขาย | AK236: Main proudct | AL236: Bulk Normal | AM236: สุกร | AN236: OT002 CC-Makro | AO236: MT | AP236: 2 | AT236: System Batch | AU236: 2026-05-12-12.55.46.000000 | AV236: ก.ก. | AW236: ก.ก. | AY236: 0 | AZ236: N | BA236: 9044989567153 | BD236: 1 | BF236: ;0000 | BG236: 1333314600 | BH236: G | BI236: 10 | BJ236: 10 | BK236: 1300 | BL236: SYSBATCH
C237: 14/5/2569 | D237: 14/5/2569 | F237: 489M | G237: Modern Trade (Makro) | H237: 0 | I237: หน่วยงานกลาง | J237: F213 DMCW-รชล-พระพุทธบาท | K237: 00000 หน่วยงานกลาง | L237: 923 | N237: 1A53009300 | O237: บมจ. ซีพี แอ็กซ์ตร้า สาขาทาวน์ อิน ทาวน์ | P237: 2 | Q237: MAKRO 0096 ทาวน์ อิน ทาวน์ | R237: 244688 | S237: 14/5/2569 | T237: H6954RMA0059841 | U237: 23057818 | V237: สันใน(M) | W237: 5 | X237: 5 | Y237: 5 | Z237: 5 | AA237: 0 | AB237: 0 | AC237: 0 | AD237: 0 | AE237: 5 | AF237: 5 | AI237: OPRCD489MOPRCD00000OPRCDF213OPRCD00000OPRCD923 | AJ237: ซื้อ / ขาย | AK237: Main proudct | AL237: Bulk Normal | AM237: สุกร | AN237: OT002 CC-Makro | AO237: MT | AP237: 2 | AT237: System Batch | AU237: 2026-05-12-12.55.46.000000 | AV237: ก.ก. | AW237: ก.ก. | AY237: 0 | AZ237: N | BA237: 9044989567153 | BD237: 1 | BF237: ;0000 | BG237: 1333314600 | BH237: G | BI237: 5 | BJ237: 5 | BK237: 1300 | BL237: SYSBATCH
C238: 14/5/2569 | D238: 14/5/2569 | F238: 489M | G238: Modern Trade (Makro) | H238: 0 | I238: หน่วยงานกลาง | J238: F213 DMCW-รชล-พระพุทธบาท | K238: 00000 หน่วยงานกลาง | L238: 923 | N238: 1A53009300 | O238: บมจ. ซีพี แอ็กซ์ตร้า สาขาทาวน์ อิน ทาวน์ | P238: 2 | Q238: MAKRO 0096 ทาวน์ อิน ทาวน์ | R238: 244688 | S238: 14/5/2569 | T238: H6954RMA0059841 | U238: 23057815 | V238: สันนอก(M) | W238: 40 | X238: 40 | Y238: 40 | Z238: 40 | AA238: 0 | AB238: 0 | AC238: 0 | AD238: 0 | AE238: 40 | AF238: 40 | AI238: OPRCD489MOPRCD00000OPRCDF213OPRCD00000OPRCD923 | AJ238: ซื้อ / ขาย | AK238: Main proudct | AL238: Bulk Normal | AM238: สุกร | AN238: OT002 CC-Makro | AO238: MT | AP238: 2 | AT238: System Batch | AU238: 2026-05-12-12.55.46.000000 | AV238: ก.ก. | AW238: ก.ก. | AY238: 0 | AZ238: N | BA238: 9044989567153 | BD238: 1 | BF238: ;0000 | BG238: 1333314600 | BH238: G | BI238: 40 | BJ238: 40 | BK238: 1300 | BL238: SYSBATCH
C239: 14/5/2569 | D239: 14/5/2569 | F239: 489M | G239: Modern Trade (Makro) | H239: 0 | I239: หน่วยงานกลาง | J239: F213 DMCW-รชล-พระพุทธบาท | K239: 00000 หน่วยงานกลาง | L239: 923 | N239: 1A53009300 | O239: บมจ. ซีพี แอ็กซ์ตร้า สาขาทาวน์ อิน ทาวน์ | P239: 2 | Q239: MAKRO 0096 ทาวน์ อิน ทาวน์ | R239: 244688 | S239: 14/5/2569 | T239: H6954RMA0059841 | U239: 23057821 | V239: สันคอ(M) | W239: 5 | X239: 5 | Y239: 5 | Z239: 5 | AA239: 0 | AB239: 0 | AC239: 0 | AD239: 0 | AE239: 5 | AF239: 5 | AI239: OPRCD489MOPRCD00000OPRCDF213OPRCD00000OPRCD923 | AJ239: ซื้อ / ขาย | AK239: Main proudct | AL239: Bulk Normal | AM239: สุกร | AN239: OT002 CC-Makro | AO239: MT | AP239: 2 | AT239: System Batch | AU239: 2026-05-12-12.55.46.000000 | AV239: ก.ก. | AW239: ก.ก. | AY239: 0 | AZ239: N | BA239: 9044989567153 | BD239: 1 | BF239: ;0000 | BG239: 1333314600 | BH239: G | BI239: 5 | BJ239: 5 | BK239: 1300 | BL239: SYSBATCH
C240: 14/5/2569 | D240: 14/5/2569 | F240: 489M | G240: Modern Trade (Makro) | H240: 0 | I240: หน่วยงานกลาง | J240: F213 DMCW-รชล-พระพุทธบาท | K240: 00000 หน่วยงานกลาง | L240: 923 | N240: 1A53009300 | O240: บมจ. ซีพี แอ็กซ์ตร้า สาขาทาวน์ อิน ทาวน์ | P240: 2 | Q240: MAKRO 0096 ทาวน์ อิน ทาวน์ | R240: 244688 | S240: 14/5/2569 | T240: H6954RMA0059841 | U240: 23058555 | V240: กระดูกซุป (M) | W240: 50 | X240: 50 | Y240: 50 | Z240: 50 | AA240: 0 | AB240: 0 | AC240: 0 | AD240: 0 | AE240: 50 | AF240: 50 | AI240: OPRCD489MOPRCD00000OPRCDF213OPRCD00000OPRCD923 | AJ240: ซื้อ / ขาย | AK240: By proudct | AL240: Bulk Normal | AM240: สุกร | AN240: OT002 CC-Makro | AO240: MT | AP240: 2 | AT240: System Batch | AU240: 2026-05-12-12.55.46.000000 | AV240: ก.ก. | AW240: ก.ก. | AY240: 0 | AZ240: N | BA240: 9044989567153 | BD240: 1 | BF240: ;0000 | BG240: 1333314600 | BH240: G | BI240: 50 | BJ240: 50 | BK240: 1300 | BL240: SYSBATCH
C241: 14/5/2569 | D241: 14/5/2569 | F241: 489M | G241: Modern Trade (Makro) | H241: 0 | I241: หน่วยงานกลาง | J241: F213 DMCW-รชล-พระพุทธบาท | K241: 00000 หน่วยงานกลาง | L241: 923 | N241: 1A53009300 | O241: บมจ. ซีพี แอ็กซ์ตร้า สาขาทาวน์ อิน ทาวน์ | P241: 2 | Q241: MAKRO 0096 ทาวน์ อิน ทาวน์ | R241: 244688 | S241: 14/5/2569 | T241: H6954RMA0059841 | U241: 23071882 | V241: ซี่โครงหมูสไลด์รวม (M) | W241: 8 | X241: 40 | Y241: 8 | Z241: 40 | AA241: 0 | AB241: 0 | AC241: 0 | AD241: 0 | AE241: 8 | AF241: 40 | AI241: OPRCD489MOPRCD00000OPRCDF213OPRCD00000OPRCD923 | AJ241: ซื้อ / ขาย | AK241: Main proudct | AL241: Bulk Normal | AM241: สุกร | AN241: OT002 CC-Makro | AO241: MT | AP241: 2 | AT241: System Batch | AU241: 2026-05-12-12.55.46.000000 | AV241: ถุง | AW241: ก.ก. | AY241: 0 | AZ241: N | BA241: 9044989567153 | BD241: 1 | BF241: ;0000 | BG241: 1333314600 | BH241: G | BI241: 8 | BJ241: 40 | BK241: 1300 | BL241: SYSBATCH
C242: 14/5/2569 | D242: 14/5/2569 | F242: 489M | G242: Modern Trade (Makro) | H242: 0 | I242: หน่วยงานกลาง | J242: F213 DMCW-รชล-พระพุทธบาท | K242: 00000 หน่วยงานกลาง | L242: 923 | N242: 1A53009300 | O242: บมจ. ซีพี แอ็กซ์ตร้า สาขาทาวน์ อิน ทาวน์ | P242: 2 | Q242: MAKRO 0096 ทาวน์ อิน ทาวน์ | R242: 244688 | S242: 14/5/2569 | T242: H6954RMA0059841 | U242: 23071881 | V242: หมูบด (M) | W242: 12 | X242: 60 | Y242: 12 | Z242: 60 | AA242: 0 | AB242: 0 | AC242: 0 | AD242: 0 | AE242: 12 | AF242: 60 | AI242: OPRCD489MOPRCD00000OPRCDF213OPRCD00000OPRCD923 | AJ242: ซื้อ / ขาย | AK242: Main proudct | AL242: Bulk Normal | AM242: สุกร | AN242: OT002 CC-Makro | AO242: MT | AP242: 2 | AT242: System Batch | AU242: 2026-05-12-12.55.46.000000 | AV242: ถุง | AW242: ก.ก. | AY242: 0 | AZ242: N | BA242: 9044989567153 | BD242: 1 | BF242: ;0000 | BG242: 1333314600 | BH242: G | BI242: 12 | BJ242: 60 | BK242: 1300 | BL242: SYSBATCH
C243: 14/5/2569 | D243: 14/5/2569 | F243: 489M | G243: Modern Trade (Makro) | H243: 0 | I243: หน่วยงานกลาง | J243: F213 DMCW-รชล-พระพุทธบาท | K243: 00000 หน่วยงานกลาง | L243: 923 | N243: 1A53009300 | O243: บมจ. ซีพี แอ็กซ์ตร้า สาขาทาวน์ อิน ทาวน์ | P243: 2 | Q243: MAKRO 0096 ทาวน์ อิน ทาวน์ | R243: 244688 | S243: 14/5/2569 | T243: H6954RMA0059841 | U243: 23105754 | V243: เซพแพ็ค สามชั้นหมู กก.ละ | W243: 10 | X243: 10 | Y243: 10 | Z243: 10 | AA243: 0 | AB243: 0 | AC243: 0 | AD243: 0 | AE243: 10 | AF243: 10 | AI243: OPRCD489MOPRCD00000OPRCDF213OPRCD00000OPRCD923 | AJ243: ซื้อ / ขาย | AK243: Main proudct | AL243: Bulk Normal | AM243: สุกร | AN243: OT002 CC-Makro | AO243: MT | AP243: 2 | AT243: System Batch | AU243: 2026-05-12-12.55.46.000000 | AV243: ก.ก. | AW243: ก.ก. | AY243: 0 | AZ243: N | BA243: 9044989567153 | BD243: 1 | BF243: ;0000 | BG243: 1333314600 | BH243: G | BI243: 10 | BJ243: 10 | BK243: 1300 | BL243: SYSBATCH
... C251: 14/5/2569 | D251: 14/5/2569 | F251: 489M | G251: Modern Trade (Makro) | H251: 0 | I251: หน่วยงานกลาง | J251: F213 DMCW-รชล-พระพุทธบาท | K251: 00000 หน่วยงานกลาง | L251: 923 | N251: 1A53009300 | O251: บมจ. ซีพี แอ็กซ์ตร้า สาขาทาวน์ อิน ทาวน์ | P251: 2 | Q251: MAKRO 0096 ทาวน์ อิน ทาวน์ | R251: 244688 | S251: 14/5/2569 | T251: H6954RMA0059841 | U251: 23070475 | V251: สามชั้นหมูตัดเส้น 3-4 นิ้ว | W251: 60 | X251: 60 | Y251: 60 | Z251: 60 | AA251: 0 | AB251: 0 | AC251: 0 | AD251: 0 | AE251: 60 | AF251: 60 | AI251: OPRCD489MOPRCD00000OPRCDF213OPRCD00000OPRCD923 | AJ251: ซื้อ / ขาย | AK251: Main proudct | AL251: Bulk Normal | AM251: สุกร | AN251: OT002 CC-Makro | AO251: MT | AP251: 2 | AT251: System Batch | AU251: 2026-05-12-12.55.46.000000 | AV251: ก.ก. | AW251: ก.ก. | AY251: 0 | AZ251: N | BA251: 9044989567153 | BD251: 1 | BF251: ;0000 | BG251: 1333314600 | BH251: G | BI251: 60 | BJ251: 60 | BK251: 1300 | BL251: SYSBATCH

Sheet Mk หลังแก้
A1: ='mk 001 10.3'!A2 -> rDate1 | B1: ='mk 001 10.3'!B2 -> rDate2 | C1: ='mk 001 10.3'!C2 -> rRDate1 | D1: ='mk 001 10.3'!D2 -> rRDate2 | E1: ='mk 001 10.3'!E2 -> rRDate3 | F1: ='mk 001 10.3'!F2 -> rOper_code | G1: ='mk 001 10.3'!G2 -> rOper_name | H1: ='mk 001 10.3'!H2 -> rSub_oper | ... BN1: ='mk 001 10.3'!BN2 -> rLicense_plate
A2: ='mk 001 10.3'!A3 -> 0 | B2: ='mk 001 10.3'!B3 -> 0 | C2: ='mk 001 10.3'!C3 -> 14/5/2569 | D2: ='mk 001 10.3'!D3 -> 14/5/2569 | E2: ='mk 001 10.3'!E3 -> 0 | F2: ='mk 001 10.3'!F3 -> 489M | G2: ='mk 001 10.3'!G3 -> Modern Trade (Makro) | H2: ='mk 001 10.3'!H3 -> 0 | ... X2: ='mk 001 10.3'!X3 -> 20 | Y2: =IFERROR(W2*Z2/X2,0) -> 20 | Z2: =IF(COUNTIFS(แปลงข้อมูล!H:H,Q2,แปลงข้อมูล!I:I,U2,แปลงข้อมูล!J:J,V2)>0,SUMIFS(แปลงข้อมูล!Q:Q,แปลงข้อมูล!I:I,U2,แปลงข้อมูล!H:H,Q2,แปลงข้อมูล!J:J,V2),'mk 001 10.3'!Z3) -> 20 | AA2: ='mk 001 10.3'!AA3 -> 0 | AB2: ='mk 001 10.3'!AB3 -> 0 | AC2: ='mk 001 10.3'!AC3 -> 0 | AD2: ='mk 001 10.3'!AD3 -> 0 | AE2: ='mk 001 10.3'!AE3 -> 20 | AF2: ='mk 001 10.3'!AF3 -> 20 | AG2: ='mk 001 10.3'!AG3 -> 0 | AH2: ='mk 001 10.3'!AH3 -> 0 | ... BN2: ='mk 001 10.3'!BN3 -> 0
A3: ='mk 001 10.3'!A4 -> 0 | B3: ='mk 001 10.3'!B4 -> 0 | C3: ='mk 001 10.3'!C4 -> 14/5/2569 | D3: ='mk 001 10.3'!D4 -> 14/5/2569 | E3: ='mk 001 10.3'!E4 -> 0 | F3: ='mk 001 10.3'!F4 -> 489M | G3: ='mk 001 10.3'!G4 -> Modern Trade (Makro) | H3: ='mk 001 10.3'!H4 -> 0 | ... X3: ='mk 001 10.3'!X4 -> 130 | Y3: =IFERROR(W3*Z3/X3,0) -> 130 | Z3: =IF(COUNTIFS(แปลงข้อมูล!H:H,Q3,แปลงข้อมูล!I:I,U3,แปลงข้อมูล!J:J,V3)>0,SUMIFS(แปลงข้อมูล!Q:Q,แปลงข้อมูล!I:I,U3,แปลงข้อมูล!H:H,Q3,แปลงข้อมูล!J:J,V3),'mk 001 10.3'!Z4) -> 130 | AA3: ='mk 001 10.3'!AA4 -> 0 | AB3: ='mk 001 10.3'!AB4 -> 0 | AC3: ='mk 001 10.3'!AC4 -> 0 | AD3: ='mk 001 10.3'!AD4 -> 0 | AE3: ='mk 001 10.3'!AE4 -> 130 | AF3: ='mk 001 10.3'!AF4 -> 130 | AG3: ='mk 001 10.3'!AG4 -> 0 | AH3: ='mk 001 10.3'!AH4 -> 0 | ... BN3: ='mk 001 10.3'!BN4 -> 0
A4: ='mk 001 10.3'!A5 -> 0 | B4: ='mk 001 10.3'!B5 -> 0 | C4: ='mk 001 10.3'!C5 -> 14/5/2569 | D4: ='mk 001 10.3'!D5 -> 14/5/2569 | E4: ='mk 001 10.3'!E5 -> 0 | F4: ='mk 001 10.3'!F5 -> 489M | G4: ='mk 001 10.3'!G5 -> Modern Trade (Makro) | H4: ='mk 001 10.3'!H5 -> 0 | ... X4: ='mk 001 10.3'!X5 -> 90 | Y4: =IFERROR(W4*Z4/X4,0) -> 90 | Z4: =IF(COUNTIFS(แปลงข้อมูล!H:H,Q4,แปลงข้อมูล!I:I,U4,แปลงข้อมูล!J:J,V4)>0,SUMIFS(แปลงข้อมูล!Q:Q,แปลงข้อมูล!I:I,U4,แปลงข้อมูล!H:H,Q4,แปลงข้อมูล!J:J,V4),'mk 001 10.3'!Z5) -> 90 | AA4: ='mk 001 10.3'!AA5 -> 0 | AB4: ='mk 001 10.3'!AB5 -> 0 | AC4: ='mk 001 10.3'!AC5 -> 0 | AD4: ='mk 001 10.3'!AD5 -> 0 | AE4: ='mk 001 10.3'!AE5 -> 90 | AF4: ='mk 001 10.3'!AF5 -> 90 | AG4: ='mk 001 10.3'!AG5 -> 0 | AH4: ='mk 001 10.3'!AH5 -> 0 | ... BN4: ='mk 001 10.3'!BN5 -> 0
A5: ='mk 001 10.3'!A6 -> 0 | B5: ='mk 001 10.3'!B6 -> 0 | C5: ='mk 001 10.3'!C6 -> 14/5/2569 | D5: ='mk 001 10.3'!D6 -> 14/5/2569 | E5: ='mk 001 10.3'!E6 -> 0 | F5: ='mk 001 10.3'!F6 -> 489M | G5: ='mk 001 10.3'!G6 -> Modern Trade (Makro) | H5: ='mk 001 10.3'!H6 -> 0 | ... X5: ='mk 001 10.3'!X6 -> 80 | Y5: =IFERROR(W5*Z5/X5,0) -> 80 | Z5: =IF(COUNTIFS(แปลงข้อมูล!H:H,Q5,แปลงข้อมูล!I:I,U5,แปลงข้อมูล!J:J,V5)>0,SUMIFS(แปลงข้อมูล!Q:Q,แปลงข้อมูล!I:I,U5,แปลงข้อมูล!H:H,Q5,แปลงข้อมูล!J:J,V5),'mk 001 10.3'!Z6) -> 80 | AA5: ='mk 001 10.3'!AA6 -> 0 | AB5: ='mk 001 10.3'!AB6 -> 0 | AC5: ='mk 001 10.3'!AC6 -> 0 | AD5: ='mk 001 10.3'!AD6 -> 0 | AE5: ='mk 001 10.3'!AE6 -> 80 | AF5: ='mk 001 10.3'!AF6 -> 80 | AG5: ='mk 001 10.3'!AG6 -> 0 | AH5: ='mk 001 10.3'!AH6 -> 0 | ... BN5: ='mk 001 10.3'!BN6 -> 0
A6: ='mk 001 10.3'!A7 -> 0 | B6: ='mk 001 10.3'!B7 -> 0 | C6: ='mk 001 10.3'!C7 -> 14/5/2569 | D6: ='mk 001 10.3'!D7 -> 14/5/2569 | E6: ='mk 001 10.3'!E7 -> 0 | F6: ='mk 001 10.3'!F7 -> 489M | G6: ='mk 001 10.3'!G7 -> Modern Trade (Makro) | H6: ='mk 001 10.3'!H7 -> 0 | ... X6: ='mk 001 10.3'!X7 -> 0 | Y6: =IFERROR(W6*Z6/X6,0) -> 0 | Z6: =IF(COUNTIFS(แปลงข้อมูล!H:H,Q6,แปลงข้อมูล!I:I,U6,แปลงข้อมูล!J:J,V6)>0,SUMIFS(แปลงข้อมูล!Q:Q,แปลงข้อมูล!I:I,U6,แปลงข้อมูล!H:H,Q6,แปลงข้อมูล!J:J,V6),'mk 001 10.3'!Z7) -> 0 | AA6: ='mk 001 10.3'!AA7 -> 0 | AB6: ='mk 001 10.3'!AB7 -> 0 | AC6: ='mk 001 10.3'!AC7 -> 0 | AD6: ='mk 001 10.3'!AD7 -> 0 | AE6: ='mk 001 10.3'!AE7 -> 0 | AF6: ='mk 001 10.3'!AF7 -> 0 | AG6: ='mk 001 10.3'!AG7 -> 0 | AH6: ='mk 001 10.3'!AH7 -> 0 | ... BN6: ='mk 001 10.3'!BN7 -> 0
A7: ='mk 001 10.3'!A8 -> 0 | B7: ='mk 001 10.3'!B8 -> 0 | C7: ='mk 001 10.3'!C8 -> 14/5/2569 | D7: ='mk 001 10.3'!D8 -> 14/5/2569 | E7: ='mk 001 10.3'!E8 -> 0 | F7: ='mk 001 10.3'!F8 -> 489M | G7: ='mk 001 10.3'!G8 -> Modern Trade (Makro) | H7: ='mk 001 10.3'!H8 -> 0 | ... X7: ='mk 001 10.3'!X8 -> 0 | Y7: =IFERROR(W7*Z7/X7,0) -> 0 | Z7: =IF(COUNTIFS(แปลงข้อมูล!H:H,Q7,แปลงข้อมูล!I:I,U7,แปลงข้อมูล!J:J,V7)>0,SUMIFS(แปลงข้อมูล!Q:Q,แปลงข้อมูล!I:I,U7,แปลงข้อมูล!H:H,Q7,แปลงข้อมูล!J:J,V7),'mk 001 10.3'!Z8) -> 0 | AA7: ='mk 001 10.3'!AA8 -> 0 | AB7: ='mk 001 10.3'!AB8 -> 0 | AC7: ='mk 001 10.3'!AC8 -> 0 | AD7: ='mk 001 10.3'!AD8 -> 0 | AE7: ='mk 001 10.3'!AE8 -> 0 | AF7: ='mk 001 10.3'!AF8 -> 0 | AG7: ='mk 001 10.3'!AG8 -> 0 | AH7: ='mk 001 10.3'!AH8 -> 0 | ... BN7: ='mk 001 10.3'!BN8 -> 0
A8: ='mk 001 10.3'!A9 -> 0 | B8: ='mk 001 10.3'!B9 -> 0 | C8: ='mk 001 10.3'!C9 -> 14/5/2569 | D8: ='mk 001 10.3'!D9 -> 14/5/2569 | E8: ='mk 001 10.3'!E9 -> 0 | F8: ='mk 001 10.3'!F9 -> 489M | G8: ='mk 001 10.3'!G9 -> Modern Trade (Makro) | H8: ='mk 001 10.3'!H9 -> 0 | ... X8: ='mk 001 10.3'!X9 -> 10 | Y8: =IFERROR(W8*Z8/X8,0) -> 10 | Z8: =IF(COUNTIFS(แปลงข้อมูล!H:H,Q8,แปลงข้อมูล!I:I,U8,แปลงข้อมูล!J:J,V8)>0,SUMIFS(แปลงข้อมูล!Q:Q,แปลงข้อมูล!I:I,U8,แปลงข้อมูล!H:H,Q8,แปลงข้อมูล!J:J,V8),'mk 001 10.3'!Z9) -> 10 | AA8: ='mk 001 10.3'!AA9 -> 0 | AB8: ='mk 001 10.3'!AB9 -> 0 | AC8: ='mk 001 10.3'!AC9 -> 0 | AD8: ='mk 001 10.3'!AD9 -> 0 | AE8: ='mk 001 10.3'!AE9 -> 10 | AF8: ='mk 001 10.3'!AF9 -> 10 | AG8: ='mk 001 10.3'!AG9 -> 0 | AH8: ='mk 001 10.3'!AH9 -> 0 | ... BN8: ='mk 001 10.3'!BN9 -> 0
A9: ='mk 001 10.3'!A10 -> 0 | B9: ='mk 001 10.3'!B10 -> 0 | C9: ='mk 001 10.3'!C10 -> 14/5/2569 | D9: ='mk 001 10.3'!D10 -> 14/5/2569 | E9: ='mk 001 10.3'!E10 -> 0 | F9: ='mk 001 10.3'!F10 -> 489M | G9: ='mk 001 10.3'!G10 -> Modern Trade (Makro) | H9: ='mk 001 10.3'!H10 -> 0 | ... X9: ='mk 001 10.3'!X10 -> 0 | Y9: =IFERROR(W9*Z9/X9,0) -> 0 | Z9: =IF(COUNTIFS(แปลงข้อมูล!H:H,Q9,แปลงข้อมูล!I:I,U9,แปลงข้อมูล!J:J,V9)>0,SUMIFS(แปลงข้อมูล!Q:Q,แปลงข้อมูล!I:I,U9,แปลงข้อมูล!H:H,Q9,แปลงข้อมูล!J:J,V9),'mk 001 10.3'!Z10) -> 0 | AA9: ='mk 001 10.3'!AA10 -> 0 | AB9: ='mk 001 10.3'!AB10 -> 0 | AC9: ='mk 001 10.3'!AC10 -> 0 | AD9: ='mk 001 10.3'!AD10 -> 0 | AE9: ='mk 001 10.3'!AE10 -> 0 | AF9: ='mk 001 10.3'!AF10 -> 0 | AG9: ='mk 001 10.3'!AG10 -> 0 | AH9: ='mk 001 10.3'!AH10 -> 0 | ... BN9: ='mk 001 10.3'!BN10 -> 0
A10: ='mk 001 10.3'!A11 -> 0 | B10: ='mk 001 10.3'!B11 -> 0 | C10: ='mk 001 10.3'!C11 -> 14/5/2569 | D10: ='mk 001 10.3'!D11 -> 14/5/2569 | E10: ='mk 001 10.3'!E11 -> 0 | F10: ='mk 001 10.3'!F11 -> 489M | G10: ='mk 001 10.3'!G11 -> Modern Trade (Makro) | H10: ='mk 001 10.3'!H11 -> 0 | ... X10: ='mk 001 10.3'!X11 -> 0 | Y10: =IFERROR(W10*Z10/X10,0) -> 0 | Z10: =IF(COUNTIFS(แปลงข้อมูล!H:H,Q10,แปลงข้อมูล!I:I,U10,แปลงข้อมูล!J:J,V10)>0,SUMIFS(แปลงข้อมูล!Q:Q,แปลงข้อมูล!I:I,U10,แปลงข้อมูล!H:H,Q10,แปลงข้อมูล!J:J,V10),'mk 001 10.3'!Z11) -> 0 | AA10: ='mk 001 10.3'!AA11 -> 0 | AB10: ='mk 001 10.3'!AB11 -> 0 | AC10: ='mk 001 10.3'!AC11 -> 0 | AD10: ='mk 001 10.3'!AD11 -> 0 | AE10: ='mk 001 10.3'!AE11 -> 0 | AF10: ='mk 001 10.3'!AF11 -> 0 | AG10: ='mk 001 10.3'!AG11 -> 0 | AH10: ='mk 001 10.3'!AH11 -> 0 | ... BN10: ='mk 001 10.3'!BN11 -> 0
A11: ='mk 001 10.3'!A12 -> 0 | B11: ='mk 001 10.3'!B12 -> 0 | C11: ='mk 001 10.3'!C12 -> 14/5/2569 | D11: ='mk 001 10.3'!D12 -> 14/5/2569 | E11: ='mk 001 10.3'!E12 -> 0 | F11: ='mk 001 10.3'!F12 -> 489M | G11: ='mk 001 10.3'!G12 -> Modern Trade (Makro) | H11: ='mk 001 10.3'!H12 -> 0 | ... X11: ='mk 001 10.3'!X12 -> 0 | Y11: =IFERROR(W11*Z11/X11,0) -> 0 | Z11: =IF(COUNTIFS(แปลงข้อมูล!H:H,Q11,แปลงข้อมูล!I:I,U11,แปลงข้อมูล!J:J,V11)>0,SUMIFS(แปลงข้อมูล!Q:Q,แปลงข้อมูล!I:I,U11,แปลงข้อมูล!H:H,Q11,แปลงข้อมูล!J:J,V11),'mk 001 10.3'!Z12) -> 0 | AA11: ='mk 001 10.3'!AA12 -> 0 | AB11: ='mk 001 10.3'!AB12 -> 0 | AC11: ='mk 001 10.3'!AC12 -> 0 | AD11: ='mk 001 10.3'!AD12 -> 0 | AE11: ='mk 001 10.3'!AE12 -> 0 | AF11: ='mk 001 10.3'!AF12 -> 0 | AG11: ='mk 001 10.3'!AG12 -> 0 | AH11: ='mk 001 10.3'!AH12 -> 0 | ... BN11: ='mk 001 10.3'!BN12 -> 0
A12: ='mk 001 10.3'!A13 -> 0 | B12: ='mk 001 10.3'!B13 -> 0 | C12: ='mk 001 10.3'!C13 -> 14/5/2569 | D12: ='mk 001 10.3'!D13 -> 14/5/2569 | E12: ='mk 001 10.3'!E13 -> 0 | F12: ='mk 001 10.3'!F13 -> 489M | G12: ='mk 001 10.3'!G13 -> Modern Trade (Makro) | H12: ='mk 001 10.3'!H13 -> 0 | ... X12: ='mk 001 10.3'!X13 -> 5 | Y12: =IFERROR(W12*Z12/X12,0) -> 5 | Z12: =IF(COUNTIFS(แปลงข้อมูล!H:H,Q12,แปลงข้อมูล!I:I,U12,แปลงข้อมูล!J:J,V12)>0,SUMIFS(แปลงข้อมูล!Q:Q,แปลงข้อมูล!I:I,U12,แปลงข้อมูล!H:H,Q12,แปลงข้อมูล!J:J,V12),'mk 001 10.3'!Z13) -> 5 | AA12: ='mk 001 10.3'!AA13 -> 0 | AB12: ='mk 001 10.3'!AB13 -> 0 | AC12: ='mk 001 10.3'!AC13 -> 0 | AD12: ='mk 001 10.3'!AD13 -> 0 | AE12: ='mk 001 10.3'!AE13 -> 5 | AF12: ='mk 001 10.3'!AF13 -> 5 | AG12: ='mk 001 10.3'!AG13 -> 0 | AH12: ='mk 001 10.3'!AH13 -> 0 | ... BN12: ='mk 001 10.3'!BN13 -> 0
A13: ='mk 001 10.3'!A14 -> 0 | B13: ='mk 001 10.3'!B14 -> 0 | C13: ='mk 001 10.3'!C14 -> 14/5/2569 | D13: ='mk 001 10.3'!D14 -> 14/5/2569 | E13: ='mk 001 10.3'!E14 -> 0 | F13: ='mk 001 10.3'!F14 -> 489M | G13: ='mk 001 10.3'!G14 -> Modern Trade (Makro) | H13: ='mk 001 10.3'!H14 -> 0 | ... X13: ='mk 001 10.3'!X14 -> 5 | Y13: =IFERROR(W13*Z13/X13,0) -> 5 | Z13: =IF(COUNTIFS(แปลงข้อมูล!H:H,Q13,แปลงข้อมูล!I:I,U13,แปลงข้อมูล!J:J,V13)>0,SUMIFS(แปลงข้อมูล!Q:Q,แปลงข้อมูล!I:I,U13,แปลงข้อมูล!H:H,Q13,แปลงข้อมูล!J:J,V13),'mk 001 10.3'!Z14) -> 5 | AA13: ='mk 001 10.3'!AA14 -> 0 | AB13: ='mk 001 10.3'!AB14 -> 0 | AC13: ='mk 001 10.3'!AC14 -> 0 | AD13: ='mk 001 10.3'!AD14 -> 0 | AE13: ='mk 001 10.3'!AE14 -> 5 | AF13: ='mk 001 10.3'!AF14 -> 5 | AG13: ='mk 001 10.3'!AG14 -> 0 | AH13: ='mk 001 10.3'!AH14 -> 0 | ... BN13: ='mk 001 10.3'!BN14 -> 0
... A500: ='mk 001 10.3'!A501 -> 0 | B500: ='mk 001 10.3'!B501 -> 0 | C500: ='mk 001 10.3'!C501 -> 0 | D500: ='mk 001 10.3'!D501 -> 0 | E500: ='mk 001 10.3'!E501 -> 0 | F500: ='mk 001 10.3'!F501 -> 0 | G500: ='mk 001 10.3'!G501 -> 0 | H500: ='mk 001 10.3'!H501 -> 0 | ... X500: ='mk 001 10.3'!X501 -> 0 | Y500: =IFERROR(W500*Z500/X500,0) -> 0 | Z500: =IF(COUNTIFS(แปลงข้อมูล!H:H,Q500,แปลงข้อมูล!I:I,U500,แปลงข้อมูล!J:J,V500)>0,SUMIFS(แปลงข้อมูล!Q:Q,แปลงข้อมูล!I:I,U500,แปลงข้อมูล!H:H,Q500,แปลงข้อมูล!J:J,V500),'mk 001 10.3'!Z501) -> 0 | AA500: ='mk 001 10.3'!AA501 -> 0 | AB500: ='mk 001 10.3'!AB501 -> 0 | AC500: ='mk 001 10.3'!AC501 -> 0 | AD500: ='mk 001 10.3'!AD501 -> 0 | AE500: ='mk 001 10.3'!AE501 -> 0 | AF500: ='mk 001 10.3'!AF501 -> 0 | AG500: ='mk 001 10.3'!AG501 -> 0 | AH500: ='mk 001 10.3'!AH501 -> 0 | ... BN500: ='mk 001 10.3'!BN501 -> 0
A502: {=_xlfn.UNIQUE(_xlfn._xlws.FILTER('เพิ่ม SO'!A1:BN200, 'เพิ่ม SO'!Q1:Q200<>""))} -> #VALUE!

Sheet Sheet1 (2)
A2: rOper_name | B2: Modern Trade (Makro)
A3: rBst_code | B3: 923
A4: rProduct_group_code2 | B4: (ทั้งหมด)
A5: rPO_no | B5: (ทั้งหมด)
A6: rProduct_code | B6: (ทั้งหมด)
A7: rReq_date | B7: 14/5/2569
A8: rProduct_name | B8: (ทั้งหมด)
A9: rDoc_number | B9: (ทั้งหมด)
B10: =+Sheet1!B8 -> คืน 13.5
A11: Sum of rPlan_wgt
A12: rShip_name | B12: ผลรวม
A13: MAKRO 0038 สระบุรี | B13: 680
A14: MAKRO 0047 ลพบุรี | B14: 2046.2
A15: MAKRO 0083 นครอินทร์ | B15: 452.4
A16: MAKRO 0096 ทาวน์ อิน ทาวน์ | B16: 705
A17: MAKRO 0164 สาขาชัยนาท | B17: 1450.6
A18: MAKRO 0114 สิงห์บุรี | B18: 1636.5998
A19: MAKRO 0051 อยุธยา | B19: 2846.2
A20: ผลรวมทั้งหมด | B20: 9816.9998

Sheet Sheet1 (3)
A2: rOper_name | B2: Modern Trade (Makro)
A3: rBst_code | B3: 923
A4: rProduct_group_code2 | B4: (หลายรายการ)
A5: rPO_no | B5: (ทั้งหมด)
A6: rProduct_code | B6: (ทั้งหมด)
A7: rReq_date | B7: 14/5/2569
A8: rProduct_name | B8: (ทั้งหมด)
A9: rDoc_number | B9: (ทั้งหมด)
B10: =+Sheet1!B8 -> คืน 13.5
A11: Sum of rPlan_wgt
A12: rShip_name | B12: ผลรวม | C12: คัน
A13: MAKRO 0047 ลพบุรี | B13: 11.2 | C13: 1
A14: MAKRO 0083 นครอินทร์ | B14: 21.4 | C14: 2
A15: MAKRO 0164 สาขาชัยนาท | B15: 5.6 | C15: 1
A16: MAKRO 0114 สิงห์บุรี | B16: 89.6
A17: MAKRO 0051 อยุธยา | B17: 11.2
A18: ผลรวมทั้งหมด | B18: 139

Sheet Sheet1 (4)
A2: rBst_code | B2: 923
A3: rOper_name | B3: (ทั้งหมด)
A4: rPO_no | B4: (ทั้งหมด)
A5: rReq_date | B5: 14/5/2569
A6: rProduct_group_code2 | B6: (หลายรายการ)
A7: rDoc_number | B7: (ทั้งหมด)
B8: =+Sheet1!B8 -> คืน 13.5
D9: Values
A10: rShip_name | B10: rProduct_code | C10: rProduct_name | D10: Sum of rPlan_qty | E10: Sum of rPlan_wgt
A11: MAKRO 0047 ลพบุรี | B11: 23084674 | C11: เลือดหมูก้อนปรุงรสพาสเจอร์ไรซ์400กรัม-C | D11: 28 | E11: 11.2
A12: MAKRO 0083 นครอินทร์ | B12: 23084674 | C12: เลือดหมูก้อนปรุงรสพาสเจอร์ไรซ์400กรัม-C | D12: 14 | E12: 5.6
B13: 23109351 | C13: สามชั้นหมูชีวาสไลซ์(ตรา ยูฟาร์ม)250 กรัม | D13: 4 | E13: 1
B14: 23109352 | C14: สันนอกหมูชีวาสไลซ์(ตรา ยูฟาร์ม) 250 กรัม | D14: 12 | E14: 3
B15: 23109353 | C15: สันคอหมูชีวาสไลซ์(ตรา ยูฟาร์ม) 250 กรัม | D15: 12 | E15: 3
B16: 23109357 | C16: สะโพกหมูชีวา (ตรา ยูฟาร์ม) 400 กรัม | D16: 2 | E16: 0.8
B17: 23109358 | C17: สามชั้นหมูชีวา (ตรา ยูฟาร์ม) 400 กรัม | D17: 4 | E17: 1.6
B18: 23109359 | C18: หมูชีวาบด (ตรา ยูฟาร์ม) 400 กรัม | D18: 12 | E18: 4.8
B19: 23109532 | C19: ตับหมูชีวา 400 กรัม | D19: 4 | E19: 1.6
A20: MAKRO 0164 สาขาชัยนาท | B20: 23084674 | C20: เลือดหมูก้อนปรุงรสพาสเจอร์ไรซ์400กรัม-C | D20: 14 | E20: 5.6
A21: MAKRO 0114 สิงห์บุรี | B21: 23084674 | C21: เลือดหมูก้อนปรุงรสพาสเจอร์ไรซ์400กรัม-C | D21: 14 | E21: 5.6
B22: 23110584 | C22: หมูบด ผสมมัน 30% แพ็คถาด 1 กก. | D22: 4 | E22: 4
B23: 23110587 | C23: สะโพกหมูสไลซ์ แพ็คถาด 1 กก. | D23: 4 | E23: 4
B24: 23110590 | C24: หมูบด ผสมมัน 10% แพ็คถาด 1 กก. | D24: 4 | E24: 4
B25: 23110593 | C25: สันนอกหมูสดสไลซ์ แพ็คถาด 1 กก. | D25: 4 | E25: 4
B26: 23110595 | C26: สามชั้นหมูสดสไลซ์ แพ็คถาด 1 กก. | D26: 4 | E26: 4
B27: 23110600 | C27: สันคอหมูสดสไลซ์ แพ็คถาด 1 กก. | D27: 4 | E27: 4
B28: 23111028 | C28: หมูบด ผสมมัน 30% แพ็คถาด 500 กรัม | D28: 4 | E28: 2
B29: 23111033 | C29: สามชั้นหมูสดสไลซ์แพ็คถาด 500 กรัม | D29: 12 | E29: 6
B30: 23111034 | C30: สันคอหมูสดสไลซ์ แพ็คถาด 500 กรัม | D30: 8 | E30: 4
B31: 23111035 | C31: สันนอกหมูสดสไลซ์ แพ็คถาด 500 กรัม | D31: 8 | E31: 4
B32: 23111036 | C32: สะโพกหมูสไลซ์ แพ็คถาด 500 กรัม | D32: 8 | E32: 4
B33: 23111037 | C33: หมูบด ผสมมัน 10% แพ็คถาด 500 กรัม | D33: 8 | E33: 4
... B45: 23110624 | C45: เครื่องในหมูรวม แพ็คถาด 500 กรัม | D45: 4 | E45: 2
A46: MAKRO 0051 อยุธยา | B46: 23084674 | C46: เลือดหมูก้อนปรุงรสพาสเจอร์ไรซ์400กรัม-C | D46: 28 | E46: 11.2
A47: ผลรวมทั้งหมด | D47: 268 | E47: 139

Sheet Sheet1 (8)
A1: rOper_name | B1: Modern Trade (Makro)
A2: rBst_code | B2: 923
A3: rProduct_group_code2 | B3: (ทั้งหมด)
A4: rShip_name | B4: MAKRO 0164 สาขาชัยนาท
A5: rPO_no | B5: (ทั้งหมด)
A6: rReq_date | B6: 14/5/2569
A7: rDoc_number | B7: (ทั้งหมด)
B8: =+Sheet1!B8 -> คืน 13.5
A9: Sum of rPlan_wgt
A10: rProduct_code | B10: rProduct_name | C10: ผลรวม
A11: 23000206 | B11: ชิ้นมันคอ | C11: 5
A12: 23057809 | B12: เนื้อไหล่(M) | C12: 30
A13: 23057812 | B13: สะโพก(M) | C13: 130
A14: 23057815 | B14: สันนอก(M) | C14: 100
A15: 23057818 | B15: สันใน(M) | C15: 0
A16: 23057821 | B16: สันคอ(M) | C16: 20
A17: 23057824 | B17: สามชั้น(M) | C17: 80
A18: 23058551 | B18: คอหมูย่าง (M) | C18: 5
A19: 23058552 | B19: มันสันหลัง (M) | C19: 0
A20: 23058553 | B20: หนังสันหลัง (M) | C20: 110
A21: 23058555 | B21: กระดูกซุป (M) | C21: 70
A22: 23058584 | B22: ตับหมู (M) | C22: 20
... A61: 23098991 | B61: พอร์คชอพตัดสเต็ก กก.ละ | C61: 0
A62: ผลรวมทั้งหมด | C62: 1450.6

Sheet Sheet1 (6)
A3: rOper_name | B3: Modern Trade (Makro)
A4: rBst_code | B4: 923
A5: rProduct_group_code2 | B5: (ทั้งหมด)
A6: rShip_name | B6: MAKRO 0038 สระบุรี
A7: rReq_date | B7: 14/5/2569
B8: =+Sheet1!B8 -> คืน 13.5
A9: Sum of rPlan_wgt | C9: rDoc_number | D9: rPO_no
C10: H6954RMA0059184 | D10: ผลรวมทั้งหมด
A11: rProduct_code | B11: rProduct_name | C11: 9044989536402
A12: 23015265 | B12: ซี่โครงหั่นชิ้น | C12: 30 | D12: 30
A13: 23057812 | B13: สะโพก(M) | C13: 0 | D13: 0
A14: 23057821 | B14: สันคอ(M) | C14: 0 | D14: 0
A15: 23058555 | B15: กระดูกซุป (M) | C15: 40 | D15: 40
A16: 23062095 | B16: หน้ากากหมูเผา(M) | C16: 20 | D16: 20
A17: 23065140 | B17: สะโพกสไลด์ | C17: 220 | D17: 220
A18: 23065141 | B18: สันนอกสไลด์ | C18: 30 | D18: 30
A19: 23065142 | B19: สันคอสไลด์ | C19: 20 | D19: 20
A20: 23065143 | B20: สามชั้นสไลด์ | C20: 180 | D20: 180
A21: 23068390 | B21: กระดูกซุปติดเนื้อพิเศษ(M) | C21: 40 | D21: 40
A22: 23108462 | B22: หมูบดปนมัน 30% แพ็ค กก.(M) | C22: 100 | D22: 100
A23: ผลรวมทั้งหมด | C23: 680 | D23: 680

Sheet Sheet1 (7)
A2: rOper_name | B2: (ทั้งหมด)
A3: rBst_code | B3: 923
A4: rProduct_group_code2 | B4: (ทั้งหมด)
A5: rPO_no | B5: (ทั้งหมด)
A6: rReq_date | B6: 14/5/2569
A7: rDoc_number | B7: (ทั้งหมด)
B8: =+Sheet1!B8 -> คืน 13.5
A9: Sum of rPlan_wgt | C9: rShip_name
A10: rProduct_code | B10: rProduct_name | C10: MAKRO 0038 สระบุรี | D10: MAKRO 0047 ลพบุรี | E10: MAKRO 0083 นครอินทร์ | F10: MAKRO 0096 ทาวน์ อิน ทาวน์ | G10: MAKRO 0164 สาขาชัยนาท | H10: MAKRO 0114 สิงห์บุรี | I10: MAKRO 0051 อยุธยา | J10: ผลรวมทั้งหมด
A11: 23000206 | B11: ชิ้นมันคอ | D11: 5 | G11: 5 | I11: 10 | J11: 20
A12: 23015265 | B12: ซี่โครงหั่นชิ้น | C12: 30 | D12: 50 | H12: 20 | J12: 100
A13: 23057809 | B13: เนื้อไหล่(M) | D13: 90 | F13: 70 | G13: 30 | H13: 100 | J13: 290
A14: 23057812 | B14: สะโพก(M) | C14: 0 | D14: 200 | F14: 100 | G14: 130 | H14: 300 | I14: 400 | J14: 1130
A15: 23057815 | B15: สันนอก(M) | D15: 100 | F15: 40 | G15: 100 | H15: 200 | I15: 100 | J15: 540
A16: 23057818 | B16: สันใน(M) | F16: 5 | G16: 0 | H16: 10 | I16: 60 | J16: 75
A17: 23057821 | B17: สันคอ(M) | C17: 0 | D17: 40 | F17: 5 | G17: 20 | H17: 0 | I17: 100 | J17: 165
A18: 23057824 | B18: สามชั้น(M) | D18: 50 | G18: 80 | I18: 100 | J18: 230
A19: 23057827 | B19: ซี่โครง(M) | D19: 0 | E19: 5 | J19: 5
A20: 23058551 | B20: คอหมูย่าง (M) | D20: 20 | F20: 5 | G20: 5 | H20: 20 | I20: 100 | J20: 150
A21: 23058552 | B21: มันสันหลัง (M) | D21: 20 | F21: 10 | G21: 0 | H21: 20 | I21: 40 | J21: 90
A22: 23058553 | B22: หนังสันหลัง (M) | G22: 110 | H22: 300 | I22: 10 | J22: 420
A23: 23058555 | B23: กระดูกซุป (M) | C23: 40 | D23: 140 | F23: 50 | G23: 70 | H23: 0 | I23: 250 | J23: 550
A24: 23058584 | B24: ตับหมู (M) | D24: 30 | F24: 10 | G24: 20 | H24: 20 | I24: 100 | J24: 180
A25: 23058585 | B25: ขั้วตับ (M) | G25: 10 | H25: 5 | J25: 15
A26: 23058586 | B26: ไต (M) | G26: 5 | I26: 5 | J26: 10
A27: 23058587 | B27: หัวใจหมู (M) | G27: 0 | H27: 5 | J27: 5
A28: 23058589 | B28: ไส้อ่อน (M) | D28: 20 | F28: 5 | G28: 5 | H28: 10 | I28: 40 | J28: 80
A29: 23058590 | B29: ไส้ใหญ่(ลวก) (M) | G29: 5 | H29: 120 | I29: 10 | J29: 135
A30: 23058591 | B30: กระดูกข้อ(คาตั๊ง) (M) | D30: 20 | E30: 20 | G30: 20 | H30: 20 | I30: 20 | J30: 100
A31: 23062095 | B31: หน้ากากหมูเผา(M) | C31: 20 | D31: 5 | G31: 5 | J31: 30
A32: 23062105 | B32: ไส้ตันลวก(M) | G32: 0 | H32: 5 | J32: 5
A33: 23063759 | B33: ขาหลังเผา(M) | F33: 160 | G33: 0 | J33: 160
A34: 23065140 | B34: สะโพกสไลด์ | C34: 220 | D34: 400 | F34: 30 | G34: 40 | I34: 100 | J34: 790
A35: 23065141 | B35: สันนอกสไลด์ | C35: 30 | G35: 15 | H35: 10 | J35: 55
A36: 23065142 | B36: สันคอสไลด์ | C36: 20 | F36: 10 | G36: 20 | H36: 10 | J36: 60
A37: 23065143 | B37: สามชั้นสไลด์ | C37: 180 | D37: 400 | F37: 20 | G37: 90 | H37: 0 | I37: 80 | J37: 770
A38: 23066875 | B38: ไส้ขม(M) | D38: 20 | J38: 20
A39: 23066879 | B39: กระดูกอ่อน(M) | F39: 5 | G39: 10 | H39: 10 | I39: 50 | J39: 75
A40: 23068390 | B40: กระดูกซุปติดเนื้อพิเศษ(M) | C40: 40 | J40: 40
A41: 23070475 | B41: สามชั้นหมูตัดเส้น 3-4 นิ้ว | E41: 40 | F41: 60 | H41: 5 | J41: 105
A42: 23071881 | B42: หมูบด (M) | F42: 60 | H42: 5 | J42: 65
A43: 23073188 | B43: กระดูกอก(M) | D43: 5 | G43: 10 | J43: 15
A44: 23075089 | B44: มันตัดเส้น(M) | G44: 0 | J44: 0
A45: 23084674 | B45: เลือดหมูก้อนปรุงรสพาสเจอร์ไรซ์400กรัม-C | D45: 11.2 | E45: 5.6 | G45: 5.6 | H45: 5.6 | I45: 11.2 | J45: 39.2
A46: 23086658 | B46: เนื้อไหล่ติดหนังสไลด์ | D46: 15 | G46: 20 | I46: 100 | J46: 135
A47: 23087034 | B47: สะโพกหมูตัดเส้น(M) | D47: 10 | E47: 15 | G47: 10 | H47: 0 | I47: 150 | J47: 185
A48: 23088036 | B48: เนื้อไหล่หมูติดหนังหั่นชิ้น(M) | G48: 0 | H48: 5 | J48: 5
A49: 23088112 | B49: เครื่องในหมูรวมหั่นชิ้น (M) | D49: 5 | G49: 5 | H49: 5 | J49: 15
A50: 23088348 | B50: ขาหมูเผาเลาะกระดูกหั่นชิ้นSpec-1(M) | D50: 30 | G50: 60 | H50: 50 | I50: 180 | J50: 320
A51: 23097783 | B51: เนื้อไหล่หมูบด 1 กก. (M) | E51: 50 | H51: 5 | J51: 55
A52: 23097784 | B52: เนื้อไหล่หมูตัดชิ้น 1 กก. (M) | H52: 3 | J52: 3
A53: 23097787 | B53: ตับหมูสไลซ์ 1 กก. (M) | E53: 2 | J53: 2
A54: 23097788 | B54: ตับหมู 1 กก. (M) | E54: 2 | J54: 2
A55: 23097789 | B55: สะโพกหมูตัดชิ้น 1 กก. (M) | H55: 3 | J55: 3
A56: 23097790 | B56: สะโพกหมูสไลซ์ 1 กก. (M) | E56: 20 | J56: 20
A57: 23097791 | B57: สันในหมู 1 กก. (M) | E57: 2 | J57: 2
A58: 23097792 | B58: สันคอหมูตัดชิ้น 1 กก. (M) | H58: 3 | J58: 3
A59: 23097793 | B59: สันคอหมูสไลซ์ 1 กก. (M) | E59: 24 | J59: 24
A60: 23097796 | B60: สามชั้นหมูตัดเส้น 1 กก. (M) | H60: 5 | J60: 5
A61: 23097797 | B61: สามชั้นหมูสไลซ์ 1 กก. (M) | E61: 20 | H61: 5 | J61: 25
A62: 23098989 | B62: ขาหมูเผาหั่นชิ้น กก.ละ(M) | D62: 15 | I62: 20 | J62: 35
A63: 23098995 | B63: มันหั่นเต๋า กก ละ | D63: 70 | G63: 20 | H63: 0 | J63: 90
A64: 23104868 | B64: เนื้อหมูตัดชิ้น(M) | D64: 10 | G64: 0 | J64: 10
A65: 23105702 | B65: หมูบดปนมัน 30%(M) | G65: 150 | I65: 400 | J65: 550
A66: 23105751 | B66: เซพแพ็ค หัวไหล่หมู กก.ละ | E66: 5 | G66: 5 | H66: 10 | I66: 10 | J66: 30
A67: 23105752 | B67: เซพแพ็ค สันนอกหมู กก. ละ | D67: 0 | I67: 10 | J67: 10
A68: 23105753 | B68: เซพแพ็ค สะโพกหมู กก.ละ | E68: 20 | F68: 10 | G68: 80 | H68: 30 | I68: 60 | J68: 200
A69: 23105754 | B69: เซพแพ็ค สามชั้นหมู กก.ละ | D69: 60 | E69: 20 | F69: 10 | G69: 20 | H69: 10 | I69: 60 | J69: 180
A70: 23108462 | B70: หมูบดปนมัน 30% แพ็ค กก.(M) | C70: 100 | J70: 100
A71: 23109326 | B71: ขาหมูเผาเลาะติดหนัง กก.ละ | G71: 80 | H71: 80 | I71: 60 | J71: 220
A72: 23109351 | B72: สามชั้นหมูชีวาสไลซ์(ตรา ยูฟาร์ม)250 กรัม | E72: 1 | J72: 1
A73: 23109352 | B73: สันนอกหมูชีวาสไลซ์(ตรา ยูฟาร์ม) 250 กรัม | E73: 3 | J73: 3
A74: 23109353 | B74: สันคอหมูชีวาสไลซ์(ตรา ยูฟาร์ม) 250 กรัม | E74: 3 | J74: 3
A75: 23109357 | B75: สะโพกหมูชีวา (ตรา ยูฟาร์ม) 400 กรัม | E75: 0.8 | J75: 0.8
A76: 23109358 | B76: สามชั้นหมูชีวา (ตรา ยูฟาร์ม) 400 กรัม | E76: 1.6 | J76: 1.6
A77: 23109359 | B77: หมูชีวาบด (ตรา ยูฟาร์ม) 400 กรัม | E77: 4.8 | J77: 4.8
A78: 23109532 | B78: ตับหมูชีวา 400 กรัม | E78: 1.6 | J78: 1.6
A79: 23110584 | B79: หมูบด ผสมมัน 30% แพ็คถาด 1 กก. | H79: 4 | J79: 4
A80: 23110587 | B80: สะโพกหมูสไลซ์ แพ็คถาด 1 กก. | H80: 4 | J80: 4
A81: 23110590 | B81: หมูบด ผสมมัน 10% แพ็คถาด 1 กก. | H81: 4 | J81: 4
A82: 23110593 | B82: สันนอกหมูสดสไลซ์ แพ็คถาด 1 กก. | H82: 4 | J82: 4
A83: 23110595 | B83: สามชั้นหมูสดสไลซ์ แพ็คถาด 1 กก. | H83: 4 | J83: 4
A84: 23110600 | B84: สันคอหมูสดสไลซ์ แพ็คถาด 1 กก. | H84: 4 | J84: 4
A85: 23111028 | B85: หมูบด ผสมมัน 30% แพ็คถาด 500 กรัม | H85: 2 | J85: 2
A86: 23111033 | B86: สามชั้นหมูสดสไลซ์แพ็คถาด 500 กรัม | H86: 6 | J86: 6
A87: 23111034 | B87: สันคอหมูสดสไลซ์ แพ็คถาด 500 กรัม | H87: 4 | J87: 4
A88: 23111035 | B88: สันนอกหมูสดสไลซ์ แพ็คถาด 500 กรัม | H88: 4 | J88: 4
A89: 23111036 | B89: สะโพกหมูสไลซ์ แพ็คถาด 500 กรัม | H89: 4 | J89: 4
A90: 23111037 | B90: หมูบด ผสมมัน 10% แพ็คถาด 500 กรัม | H90: 4 | J90: 4
A91: 23083450 | B91: น้ำมันหมู (ตรา ซีพี) | E91: 16 | J91: 16
A92: 23062101 | B92: หางหมูเผา(M) | G92: 0 | J92: 0
A93: 23062111 | B93: ปอด(M) | G93: 0 | H93: 5 | J93: 5
A94: 23062103 | B94: กระเพาะหมู(M) | G94: 0 | H94: 5 | J94: 5
A95: 23058556 | B95: กระเพาะลวก (M) | G95: 0 | J95: 0
A96: 23067590 | B96: ขาหน้าเผา (M) | G96: 110 | J96: 110
A97: 23058588 | B97: ม้าม (M) | G97: 5 | H97: 5 | I97: 5 | J97: 15
A98: 23062097 | B98: ลิ้นหมู(M) | G98: 5 | I98: 10 | J98: 15
A99: 23071884 | B99: ตับหมูสไลด์ (M) | H99: 4.9998 | I99: 40 | J99: 44.9998
A100: 23073308 | B100: สามชั้นหมูตัดเส้น 1-2 นิ้ว(M) | I100: 50 | J100: 50
A101: 23110631 | B101: ชุดหมูสไลซ์รวม 1500 กรัม | H101: 6 | J101: 6
...

Sheet แผน Makro 100%
B1: rOper_name | C1: (ทั้งหมด)
B2: rBst_code | C2: 923
B3: rProduct_group_code2 | C3: (ทั้งหมด)
B4: rPO_no | C4: (ทั้งหมด)
B5: rReq_date | C5: 14/5/2569
B6: rDoc_number | C6: (ทั้งหมด)
C7: คืน 13.5
B8: Sum of rPlan_wgt | D8: rShip_name
A9: สายพาน | B9: rProduct_code | C9: rProduct_name | D9: MAKRO 0038 สระบุรี | E9: MAKRO 0047 ลพบุรี | F9: MAKRO 0083 นครอินทร์ | G9: MAKRO 0096 ทาวน์ อิน ทาวน์ | H9: MAKRO 0164 สาขาชัยนาท | I9: MAKRO 0114 สิงห์บุรี | J9: MAKRO 0051 อยุธยา | K9: ผลรวมทั้งหมด
A10: =IF(B10="Grand Total","Grand Total",IFERROR(VLOOKUP(B10,Master!$D$1:$G$1720,4,FALSE),"")) -> สามชั้นพิเศษ | B10: 23015198 | C10: พอร์คช็อป | I10: 0 | K10: =+SUM(D10:J10) -> 0
A11: =IF(B11="Grand Total","Grand Total",IFERROR(VLOOKUP(B11,Master!$D$1:$G$1720,4,FALSE),"")) -> สามชั้นพิเศษ | B11: 23015265 | C11: ซี่โครงหั่นชิ้น | D11: 30 | E11: 50 | I11: 20 | K11: =+SUM(D11:J11) -> 100
A12: =IF(B12="Grand Total","Grand Total",IFERROR(VLOOKUP(B12,Master!$D$1:$G$1720,4,FALSE),"")) -> สามชั้นพิเศษ | B12: 23058553 | C12: หนังสันหลัง (M) | H12: 110 | I12: 300 | J12: 10 | K12: =+SUM(D12:J12) -> 420
A13: =IF(B13="Grand Total","Grand Total",IFERROR(VLOOKUP(B13,Master!$D$1:$G$1720,4,FALSE),"")) -> สามชั้นพิเศษ | B13: 23070475 | C13: สามชั้นหมูตัดเส้น 3-4 นิ้ว | F13: 40 | G13: 60 | I13: 5 | K13: =+SUM(D13:J13) -> 105
A14: =IF(B14="Grand Total","Grand Total",IFERROR(VLOOKUP(B14,Master!$D$1:$G$1720,4,FALSE),"")) -> สามชั้นพิเศษ | B14: 23071882 | C14: ซี่โครงหมูสไลด์รวม (M) | G14: 40 | K14: =+SUM(D14:J14) -> 40
A15: =IF(B15="Grand Total","Grand Total",IFERROR(VLOOKUP(B15,Master!$D$1:$G$1720,4,FALSE),"")) -> สามชั้นพิเศษ | B15: 23073308 | C15: สามชั้นหมูตัดเส้น 1-2 นิ้ว(M) | J15: 50 | K15: =+SUM(D15:J15) -> 50
A16: =IF(B16="Grand Total","Grand Total",IFERROR(VLOOKUP(B16,Master!$D$1:$G$1720,4,FALSE),"")) -> สามชั้นพิเศษ | B16: 23075089 | C16: มันตัดเส้น(M) | H16: 0 | K16: =+SUM(D16:J16) -> 0
A17: =IF(B17="Grand Total","Grand Total",IFERROR(VLOOKUP(B17,Master!$D$1:$G$1720,4,FALSE),"")) -> สามชั้นพิเศษ | B17: 23097796 | C17: สามชั้นหมูตัดเส้น 1 กก. (M) | I17: 5 | K17: =+SUM(D17:J17) -> 5
A18: =IF(B18="Grand Total","Grand Total",IFERROR(VLOOKUP(B18,Master!$D$1:$G$1720,4,FALSE),"")) -> สามชั้นพิเศษ | B18: 23098990 | C18: สามชั้นหั่นพะโล้ กก.ละ | I18: 5 | K18: =+SUM(D18:J18) -> 5
A19: =IF(B19="Grand Total","Grand Total",IFERROR(VLOOKUP(B19,Master!$D$1:$G$1720,4,FALSE),"")) -> สามชั้นพิเศษ | B19: 23098991 | C19: พอร์คชอพตัดสเต็ก กก.ละ | H19: 0 | K19: =+SUM(D19:J19) -> 0
A20: =IF(B20="Grand Total","Grand Total",IFERROR(VLOOKUP(B20,Master!$D$1:$G$1720,4,FALSE),"")) -> สามชั้นพิเศษ | B20: 23098995 | C20: มันหั่นเต๋า กก ละ | E20: 70 | H20: 20 | I20: 0 | K20: =+SUM(D20:J20) -> 90
A21: =IF(B21="Grand Total","Grand Total",IFERROR(VLOOKUP(B21,Master!$D$1:$G$1720,4,FALSE),"")) -> สามชั้นพิเศษ | B21: 23109358 | C21: สามชั้นหมูชีวา (ตรา ยูฟาร์ม) 400 กรัม | F21: 1.6 | K21: =+SUM(D21:J21) -> 1.6
A22: =IF(B22="Grand Total","Grand Total",IFERROR(VLOOKUP(B22,Master!$D$1:$G$1720,4,FALSE),"")) -> สามชั้นพิเศษ | B22: 23110596 | C22: สามชั้นหมูหั่นแกง แพ็คถาด 1 กก. | I22: 4 | K22: =+SUM(D22:J22) -> 4
A23: =IF(B23="Grand Total","Grand Total",IFERROR(VLOOKUP(B23,Master!$D$1:$G$1720,4,FALSE),"")) -> สามชั้นพิเศษ | B23: 23110597 | C23: สามชั้นหั่นพะโล้ แพ็คถาด 1 กก. | I23: 4 | K23: =+SUM(D23:J23) -> 4
A24: =IF(B24="Grand Total","Grand Total",IFERROR(VLOOKUP(B24,Master!$D$1:$G$1720,4,FALSE),"")) -> สามชั้นพิเศษ | B24: 23110619 | C24: มันหมูหั่นเต๋า แพ็คถาด 500 กรัม | I24: 2 | K24: =+SUM(D24:J24) -> 2
A25: =IF(B25="Grand Total","Grand Total",IFERROR(VLOOKUP(B25,Master!$D$1:$G$1720,4,FALSE),"")) -> สามชั้นพิเศษ | B25: 23111031 | C25: สามชั้นหั่นพะโล้ แพ็คถาด 500 กรัม | I25: 2 | K25: =+SUM(D25:J25) -> 2
A26: =IF(B26="Grand Total","Grand Total",IFERROR(VLOOKUP(B26,Master!$D$1:$G$1720,4,FALSE),"")) -> สามชั้นพิเศษ | B26: 23111038 | C26: สามชั้นหมูหั่นแกง แพ็คถาด 500 กรัม | I26: 2 | K26: =+SUM(D26:J26) -> 2
A27: =IF(B27="Grand Total","Grand Total",IFERROR(VLOOKUP(B27,Master!$D$1:$G$1720,4,FALSE),"")) -> สามชั้น | B27: 23057815 | C27: สันนอก(M) | E27: 100 | G27: 40 | H27: 100 | I27: 200 | J27: 100 | K27: =+SUM(D27:J27) -> 540
A28: =IF(B28="Grand Total","Grand Total",IFERROR(VLOOKUP(B28,Master!$D$1:$G$1720,4,FALSE),"")) -> สามชั้น | B28: 23057818 | C28: สันใน(M) | G28: 5 | H28: 0 | I28: 10 | J28: 60 | K28: =+SUM(D28:J28) -> 75
A29: =IF(B29="Grand Total","Grand Total",IFERROR(VLOOKUP(B29,Master!$D$1:$G$1720,4,FALSE),"")) -> สามชั้น | B29: 23057824 | C29: สามชั้น(M) | E29: 50 | H29: 80 | J29: 100 | K29: =+SUM(D29:J29) -> 230
A30: =IF(B30="Grand Total","Grand Total",IFERROR(VLOOKUP(B30,Master!$D$1:$G$1720,4,FALSE),"")) -> สามชั้น | B30: 23057827 | C30: ซี่โครง(M) | E30: 0 | F30: 5 | K30: =+SUM(D30:J30) -> 5
A31: =IF(B31="Grand Total","Grand Total",IFERROR(VLOOKUP(B31,Master!$D$1:$G$1720,4,FALSE),"")) -> สามชั้น | B31: 23058552 | C31: มันสันหลัง (M) | E31: 20 | G31: 10 | H31: 0 | I31: 20 | J31: 40 | K31: =+SUM(D31:J31) -> 90
A32: =IF(B32="Grand Total","Grand Total",IFERROR(VLOOKUP(B32,Master!$D$1:$G$1720,4,FALSE),"")) -> สามชั้น | B32: 23058555 | C32: กระดูกซุป (M) | D32: 40 | E32: 140 | G32: 50 | H32: 70 | I32: 0 | J32: 250 | K32: =+SUM(D32:J32) -> 550
A33: =IF(B33="Grand Total","Grand Total",IFERROR(VLOOKUP(B33,Master!$D$1:$G$1720,4,FALSE),"")) -> สามชั้น | B33: 23068390 | C33: กระดูกซุปติดเนื้อพิเศษ(M) | D33: 40 | K33: =+SUM(D33:J33) -> 40
A34: =IF(B34="Grand Total","Grand Total",IFERROR(VLOOKUP(B34,Master!$D$1:$G$1720,4,FALSE),"")) -> สามชั้น | B34: 23074627 | C34: สันนอกหมูตัดชิ้น (M) | F34: 40 | K34: =+SUM(D34:J34) -> 40
A35: =IF(B35="Grand Total","Grand Total",IFERROR(VLOOKUP(B35,Master!$D$1:$G$1720,4,FALSE),"")) -> สามชั้น | B35: 23097791 | C35: สันในหมู 1 กก. (M) | F35: 2 | K35: =+SUM(D35:J35) -> 2
A36: =IF(B36="Grand Total","Grand Total",IFERROR(VLOOKUP(B36,Master!$D$1:$G$1720,4,FALSE),"")) -> สามชั้น | B36: 23105752 | C36: เซพแพ็ค สันนอกหมู กก. ละ | E36: 0 | J36: 10 | K36: =+SUM(D36:J36) -> 10
A37: =IF(B37="Grand Total","Grand Total",IFERROR(VLOOKUP(B37,Master!$D$1:$G$1720,4,FALSE),"")) -> สามชั้น | B37: 23105754 | C37: เซพแพ็ค สามชั้นหมู กก.ละ | E37: 60 | F37: 20 | G37: 10 | H37: 20 | I37: 10 | J37: 60 | K37: =+SUM(D37:J37) -> 180
A38: =IF(B38="Grand Total","Grand Total",IFERROR(VLOOKUP(B38,Master!$D$1:$G$1720,4,FALSE),"")) -> สะโพกพิเศษ | B38: 23087034 | C38: สะโพกหมูตัดเส้น(M) | E38: 10 | F38: 15 | H38: 10 | I38: 0 | J38: 150 | K38: =+SUM(D38:J38) -> 185
A39: =IF(B39="Grand Total","Grand Total",IFERROR(VLOOKUP(B39,Master!$D$1:$G$1720,4,FALSE),"")) -> สะโพกพิเศษ | B39: 23097789 | C39: สะโพกหมูตัดชิ้น 1 กก. (M) | I39: 3 | K39: =+SUM(D39:J39) -> 3
A40: =IF(B40="Grand Total","Grand Total",IFERROR(VLOOKUP(B40,Master!$D$1:$G$1720,4,FALSE),"")) -> สะโพกพิเศษ | B40: 23098986 | C40: เนื้อหมูหั่นแกง แพ็ค 1 กก. | I40: 3 | K40: =+SUM(D40:J40) -> 3
A41: =IF(B41="Grand Total","Grand Total",IFERROR(VLOOKUP(B41,Master!$D$1:$G$1720,4,FALSE),"")) -> สะโพกพิเศษ | B41: 23104868 | C41: เนื้อหมูตัดชิ้น(M) | E41: 10 | H41: 0 | K41: =+SUM(D41:J41) -> 10
A42: =IF(B42="Grand Total","Grand Total",IFERROR(VLOOKUP(B42,Master!$D$1:$G$1720,4,FALSE),"")) -> สะโพกพิเศษ | B42: 23106549 | C42: สะโพกหมูแต่งพิเศษ(แยกกล้ามเนื้อ)Spec7(M) | I42: 50 | K42: =+SUM(D42:J42) -> 50
A43: =IF(B43="Grand Total","Grand Total",IFERROR(VLOOKUP(B43,Master!$D$1:$G$1720,4,FALSE),"")) -> สะโพกพิเศษ | B43: 23109357 | C43: สะโพกหมูชีวา (ตรา ยูฟาร์ม) 400 กรัม | F43: 0.8 | K43: =+SUM(D43:J43) -> 0.8
A44: =IF(B44="Grand Total","Grand Total",IFERROR(VLOOKUP(B44,Master!$D$1:$G$1720,4,FALSE),"")) -> สะโพกพิเศษ | B44: 23110588 | C44: สะโพกหมูหั่นแดดเดียว แพ็ค 1 กก. | I44: 4 | K44: =+SUM(D44:J44) -> 4
A45: =IF(B45="Grand Total","Grand Total",IFERROR(VLOOKUP(B45,Master!$D$1:$G$1720,4,FALSE),"")) -> สะโพกพิเศษ | B45: 23110589 | C45: เนื้อหมูหั่นแกง แพ็คถาด 1 กก. | I45: 4 | K45: =+SUM(D45:J45) -> 4
A46: =IF(B46="Grand Total","Grand Total",IFERROR(VLOOKUP(B46,Master!$D$1:$G$1720,4,FALSE),"")) -> สะโพกพิเศษ | B46: 23111029 | C46: เนื้อหมูหั่นแกง แพ็คถาด 500 กรัม | I46: 2 | K46: =+SUM(D46:J46) -> 2
A47: =IF(B47="Grand Total","Grand Total",IFERROR(VLOOKUP(B47,Master!$D$1:$G$1720,4,FALSE),"")) -> สะโพกพิเศษ | B47: 23111030 | C47: สะโพกหมูหั่นแดดเดียวแพ็คถาด 500 กรัม | I47: 2 | K47: =+SUM(D47:J47) -> 2
A48: =IF(B48="Grand Total","Grand Total",IFERROR(VLOOKUP(B48,Master!$D$1:$G$1720,4,FALSE),"")) -> สะโพก | B48: 23057812 | C48: สะโพก(M) | D48: 0 | E48: 200 | G48: 100 | H48: 130 | I48: 300 | J48: 400 | K48: =+SUM(D48:J48) -> 1130
A49: =IF(B49="Grand Total","Grand Total",IFERROR(VLOOKUP(B49,Master!$D$1:$G$1720,4,FALSE),"")) -> สะโพก | B49: 23074625 | C49: สะโพกหมูตัดชิ้น (M) | F49: 40 | K49: =+SUM(D49:J49) -> 40
A50: =IF(B50="Grand Total","Grand Total",IFERROR(VLOOKUP(B50,Master!$D$1:$G$1720,4,FALSE),"")) -> สะโพก | B50: 23105753 | C50: เซพแพ็ค สะโพกหมู กก.ละ | F50: 20 | G50: 10 | H50: 80 | I50: 30 | J50: 60 | K50: =+SUM(D50:J50) -> 200
A51: =IF(B51="Grand Total","Grand Total",IFERROR(VLOOKUP(B51,Master!$D$1:$G$1720,4,FALSE),"")) -> สไลด์ | B51: 23065140 | C51: สะโพกสไลด์ | D51: 220 | E51: 400 | G51: 30 | H51: 40 | J51: 100 | K51: =+SUM(D51:J51) -> 790
A52: =IF(B52="Grand Total","Grand Total",IFERROR(VLOOKUP(B52,Master!$D$1:$G$1720,4,FALSE),"")) -> สไลด์ | B52: 23065141 | C52: สันนอกสไลด์ | D52: 30 | H52: 15 | I52: 10 | K52: =+SUM(D52:J52) -> 55
A53: =IF(B53="Grand Total","Grand Total",IFERROR(VLOOKUP(B53,Master!$D$1:$G$1720,4,FALSE),"")) -> สไลด์ | B53: 23065142 | C53: สันคอสไลด์ | D53: 20 | G53: 10 | H53: 20 | I53: 10 | K53: =+SUM(D53:J53) -> 60
A54: =IF(B54="Grand Total","Grand Total",IFERROR(VLOOKUP(B54,Master!$D$1:$G$1720,4,FALSE),"")) -> สไลด์ | B54: 23065143 | C54: สามชั้นสไลด์ | D54: 180 | E54: 400 | G54: 20 | H54: 90 | I54: 0 | J54: 80 | K54: =+SUM(D54:J54) -> 770
A55: =IF(B55="Grand Total","Grand Total",IFERROR(VLOOKUP(B55,Master!$D$1:$G$1720,4,FALSE),"")) -> สไลด์ | B55: 23097790 | C55: สะโพกหมูสไลซ์ 1 กก. (M) | F55: 20 | K55: =+SUM(D55:J55) -> 20
A56: =IF(B56="Grand Total","Grand Total",IFERROR(VLOOKUP(B56,Master!$D$1:$G$1720,4,FALSE),"")) -> สไลด์ | B56: 23097793 | C56: สันคอหมูสไลซ์ 1 กก. (M) | F56: 24 | K56: =+SUM(D56:J56) -> 24
A57: =IF(B57="Grand Total","Grand Total",IFERROR(VLOOKUP(B57,Master!$D$1:$G$1720,4,FALSE),"")) -> สไลด์ | B57: 23097797 | C57: สามชั้นหมูสไลซ์ 1 กก. (M) | F57: 20 | I57: 5 | K57: =+SUM(D57:J57) -> 25
A58: =IF(B58="Grand Total","Grand Total",IFERROR(VLOOKUP(B58,Master!$D$1:$G$1720,4,FALSE),"")) -> สไลด์ | B58: 23105820 | C58: สะโพกหมูสไลซ์(M) | I58: 50 | K58: =+SUM(D58:J58) -> 50
A59: =IF(B59="Grand Total","Grand Total",IFERROR(VLOOKUP(B59,Master!$D$1:$G$1720,4,FALSE),"")) -> สไลด์ | B59: 23109351 | C59: สามชั้นหมูชีวาสไลซ์(ตรา ยูฟาร์ม)250 กรัม | F59: 1 | K59: =+SUM(D59:J59) -> 1
A60: =IF(B60="Grand Total","Grand Total",IFERROR(VLOOKUP(B60,Master!$D$1:$G$1720,4,FALSE),"")) -> สไลด์ | B60: 23109352 | C60: สันนอกหมูชีวาสไลซ์(ตรา ยูฟาร์ม) 250 กรัม | F60: 3 | K60: =+SUM(D60:J60) -> 3
A61: =IF(B61="Grand Total","Grand Total",IFERROR(VLOOKUP(B61,Master!$D$1:$G$1720,4,FALSE),"")) -> สไลด์ | B61: 23109353 | C61: สันคอหมูชีวาสไลซ์(ตรา ยูฟาร์ม) 250 กรัม | F61: 3 | K61: =+SUM(D61:J61) -> 3
A62: =IF(B62="Grand Total","Grand Total",IFERROR(VLOOKUP(B62,Master!$D$1:$G$1720,4,FALSE),"")) -> สไลด์ | B62: 23110587 | C62: สะโพกหมูสไลซ์ แพ็คถาด 1 กก. | I62: 4 | K62: =+SUM(D62:J62) -> 4
A63: =IF(B63="Grand Total","Grand Total",IFERROR(VLOOKUP(B63,Master!$D$1:$G$1720,4,FALSE),"")) -> สไลด์ | B63: 23110593 | C63: สันนอกหมูสดสไลซ์ แพ็คถาด 1 กก. | I63: 4 | K63: =+SUM(D63:J63) -> 4
A64: =IF(B64="Grand Total","Grand Total",IFERROR(VLOOKUP(B64,Master!$D$1:$G$1720,4,FALSE),"")) -> สไลด์ | B64: 23110595 | C64: สามชั้นหมูสดสไลซ์ แพ็คถาด 1 กก. | I64: 4 | K64: =+SUM(D64:J64) -> 4
A65: =IF(B65="Grand Total","Grand Total",IFERROR(VLOOKUP(B65,Master!$D$1:$G$1720,4,FALSE),"")) -> สไลด์ | B65: 23110600 | C65: สันคอหมูสดสไลซ์ แพ็คถาด 1 กก. | I65: 4 | K65: =+SUM(D65:J65) -> 4
A66: =IF(B66="Grand Total","Grand Total",IFERROR(VLOOKUP(B66,Master!$D$1:$G$1720,4,FALSE),"")) -> สไลด์ | B66: 23110631 | C66: ชุดหมูสไลซ์รวม 1500 กรัม | I66: 6 | K66: =+SUM(D66:J66) -> 6
A67: =IF(B67="Grand Total","Grand Total",IFERROR(VLOOKUP(B67,Master!$D$1:$G$1720,4,FALSE),"")) -> สไลด์ | B67: 23111033 | C67: สามชั้นหมูสดสไลซ์แพ็คถาด 500 กรัม | I67: 6 | K67: =+SUM(D67:J67) -> 6
A68: =IF(B68="Grand Total","Grand Total",IFERROR(VLOOKUP(B68,Master!$D$1:$G$1720,4,FALSE),"")) -> สไลด์ | B68: 23111034 | C68: สันคอหมูสดสไลซ์ แพ็คถาด 500 กรัม | I68: 4 | K68: =+SUM(D68:J68) -> 4
A69: =IF(B69="Grand Total","Grand Total",IFERROR(VLOOKUP(B69,Master!$D$1:$G$1720,4,FALSE),"")) -> สไลด์ | B69: 23111035 | C69: สันนอกหมูสดสไลซ์ แพ็คถาด 500 กรัม | I69: 4 | K69: =+SUM(D69:J69) -> 4
A70: =IF(B70="Grand Total","Grand Total",IFERROR(VLOOKUP(B70,Master!$D$1:$G$1720,4,FALSE),"")) -> สไลด์ | B70: 23111036 | C70: สะโพกหมูสไลซ์ แพ็คถาด 500 กรัม | I70: 4 | K70: =+SUM(D70:J70) -> 4
A71: =IF(B71="Grand Total","Grand Total",IFERROR(VLOOKUP(B71,Master!$D$1:$G$1720,4,FALSE),"")) -> ลวก | B71: 23058556 | C71: กระเพาะลวก (M) | H71: 0 | K71: =+SUM(D71:J71) -> 0
A72: =IF(B72="Grand Total","Grand Total",IFERROR(VLOOKUP(B72,Master!$D$1:$G$1720,4,FALSE),"")) -> ลวก | B72: 23058590 | C72: ไส้ใหญ่(ลวก) (M) | H72: 5 | I72: 120 | J72: 10 | K72: =+SUM(D72:J72) -> 135
A73: =IF(B73="Grand Total","Grand Total",IFERROR(VLOOKUP(B73,Master!$D$1:$G$1720,4,FALSE),"")) -> ลวก | B73: 23062105 | C73: ไส้ตันลวก(M) | H73: 0 | I73: 5 | K73: =+SUM(D73:J73) -> 5
A74: =IF(B74="Grand Total","Grand Total",IFERROR(VLOOKUP(B74,Master!$D$1:$G$1720,4,FALSE),"")) -> บด | B74: 23047038 | C74: หมุบดเบอร์ 1 | E74: 200 | K74: =+SUM(D74:J74) -> 200
A75: =IF(B75="Grand Total","Grand Total",IFERROR(VLOOKUP(B75,Master!$D$1:$G$1720,4,FALSE),"")) -> บด | B75: 23062967 | C75: หมูบดเบอร์ 1(1 กก.) | H75: 30 | K75: =+SUM(D75:J75) -> 30
A76: =IF(B76="Grand Total","Grand Total",IFERROR(VLOOKUP(B76,Master!$D$1:$G$1720,4,FALSE),"")) -> บด | B76: 23071881 | C76: หมูบด (M) | G76: 60 | I76: 5 | K76: =+SUM(D76:J76) -> 65
A77: =IF(B77="Grand Total","Grand Total",IFERROR(VLOOKUP(B77,Master!$D$1:$G$1720,4,FALSE),"")) -> บด | B77: 23097783 | C77: เนื้อไหล่หมูบด 1 กก. (M) | F77: 50 | I77: 5 | K77: =+SUM(D77:J77) -> 55
A78: =IF(B78="Grand Total","Grand Total",IFERROR(VLOOKUP(B78,Master!$D$1:$G$1720,4,FALSE),"")) -> บด | B78: 23105702 | C78: หมูบดปนมัน 30%(M) | H78: 150 | J78: 400 | K78: =+SUM(D78:J78) -> 550
A79: =IF(B79="Grand Total","Grand Total",IFERROR(VLOOKUP(B79,Master!$D$1:$G$1720,4,FALSE),"")) -> บด | B79: 23108462 | C79: หมูบดปนมัน 30% แพ็ค กก.(M) | D79: 100 | K79: =+SUM(D79:J79) -> 100
A80: =IF(B80="Grand Total","Grand Total",IFERROR(VLOOKUP(B80,Master!$D$1:$G$1720,4,FALSE),"")) -> บด | B80: 23109359 | C80: หมูชีวาบด (ตรา ยูฟาร์ม) 400 กรัม | F80: 4.8 | K80: =+SUM(D80:J80) -> 4.8
A81: =IF(B81="Grand Total","Grand Total",IFERROR(VLOOKUP(B81,Master!$D$1:$G$1720,4,FALSE),"")) -> บด | B81: 23110584 | C81: หมูบด ผสมมัน 30% แพ็คถาด 1 กก. | I81: 4 | K81: =+SUM(D81:J81) -> 4
A82: =IF(B82="Grand Total","Grand Total",IFERROR(VLOOKUP(B82,Master!$D$1:$G$1720,4,FALSE),"")) -> บด | B82: 23110590 | C82: หมูบด ผสมมัน 10% แพ็คถาด 1 กก. | I82: 4 | K82: =+SUM(D82:J82) -> 4
A83: =IF(B83="Grand Total","Grand Total",IFERROR(VLOOKUP(B83,Master!$D$1:$G$1720,4,FALSE),"")) -> บด | B83: 23111028 | C83: หมูบด ผสมมัน 30% แพ็คถาด 500 กรัม | I83: 2 | K83: =+SUM(D83:J83) -> 2
A84: =IF(B84="Grand Total","Grand Total",IFERROR(VLOOKUP(B84,Master!$D$1:$G$1720,4,FALSE),"")) -> บด | B84: 23111037 | C84: หมูบด ผสมมัน 10% แพ็คถาด 500 กรัม | I84: 4 | K84: =+SUM(D84:J84) -> 4
A85: =IF(B85="Grand Total","Grand Total",IFERROR(VLOOKUP(B85,Master!$D$1:$G$1720,4,FALSE),"")) -> ต้มเลือด | B85: 23062107 | C85: เลือดก้อน(M) | F85: 30 | H85: 40 | I85: 10 | J85: 100 | K85: =+SUM(D85:J85) -> 180
A86: =IF(B86="Grand Total","Grand Total",IFERROR(VLOOKUP(B86,Master!$D$1:$G$1720,4,FALSE),"")) -> ต้มเลือด | B86: 23084674 | C86: เลือดหมูก้อนปรุงรสพาสเจอร์ไรซ์400กรัม-C | E86: 11.2 | F86: 5.6 | H86: 5.6 | I86: 5.6 | J86: 11.2 | K86: =+SUM(D86:J86) -> 39.2
A87: =IF(B87="Grand Total","Grand Total",IFERROR(VLOOKUP(B87,Master!$D$1:$G$1720,4,FALSE),"")) -> ไหล่พิเศษ | B87: 23086658 | C87: เนื้อไหล่ติดหนังสไลด์ | E87: 15 | H87: 20 | J87: 100 | K87: =+SUM(D87:J87) -> 135
A88: =IF(B88="Grand Total","Grand Total",IFERROR(VLOOKUP(B88,Master!$D$1:$G$1720,4,FALSE),"")) -> ไหล่พิเศษ | B88: 23088036 | C88: เนื้อไหล่หมูติดหนังหั่นชิ้น(M) | H88: 0 | I88: 5 | K88: =+SUM(D88:J88) -> 5
A89: =IF(B89="Grand Total","Grand Total",IFERROR(VLOOKUP(B89,Master!$D$1:$G$1720,4,FALSE),"")) -> ไหล่พิเศษ | B89: 23097784 | C89: เนื้อไหล่หมูตัดชิ้น 1 กก. (M) | I89: 3 | K89: =+SUM(D89:J89) -> 3
A90: =IF(B90="Grand Total","Grand Total",IFERROR(VLOOKUP(B90,Master!$D$1:$G$1720,4,FALSE),"")) -> ไหล่พิเศษ | B90: 23097792 | C90: สันคอหมูตัดชิ้น 1 กก. (M) | I90: 3 | K90: =+SUM(D90:J90) -> 3
A91: =IF(B91="Grand Total","Grand Total",IFERROR(VLOOKUP(B91,Master!$D$1:$G$1720,4,FALSE),"")) -> ไหล่ | B91: 23000206 | C91: ชิ้นมันคอ | E91: 5 | H91: 5 | J91: 10 | K91: =+SUM(D91:J91) -> 20
A92: =IF(B92="Grand Total","Grand Total",IFERROR(VLOOKUP(B92,Master!$D$1:$G$1720,4,FALSE),"")) -> ไหล่ | B92: 23057809 | C92: เนื้อไหล่(M) | E92: 90 | G92: 70 | H92: 30 | I92: 100 | K92: =+SUM(D92:J92) -> 290
A93: =IF(B93="Grand Total","Grand Total",IFERROR(VLOOKUP(B93,Master!$D$1:$G$1720,4,FALSE),"")) -> ไหล่ | B93: 23057821 | C93: สันคอ(M) | D93: 0 | E93: 40 | G93: 5 | H93: 20 | I93: 0 | J93: 100 | K93: =+SUM(D93:J93) -> 165
A94: =IF(B94="Grand Total","Grand Total",IFERROR(VLOOKUP(B94,Master!$D$1:$G$1720,4,FALSE),"")) -> ไหล่ | B94: 23058551 | C94: คอหมูย่าง (M) | E94: 20 | G94: 5 | H94: 5 | I94: 20 | J94: 100 | K94: =+SUM(D94:J94) -> 150
A95: =IF(B95="Grand Total","Grand Total",IFERROR(VLOOKUP(B95,Master!$D$1:$G$1720,4,FALSE),"")) -> ไหล่ | B95: 23058591 | C95: กระดูกข้อ(คาตั๊ง) (M) | E95: 20 | F95: 20 | H95: 20 | I95: 20 | J95: 20 | K95: =+SUM(D95:J95) -> 100
A96: =IF(B96="Grand Total","Grand Total",IFERROR(VLOOKUP(B96,Master!$D$1:$G$1720,4,FALSE),"")) -> ไหล่ | B96: 23066879 | C96: กระดูกอ่อน(M) | G96: 5 | H96: 10 | I96: 10 | J96: 50 | K96: =+SUM(D96:J96) -> 75
A97: =IF(B97="Grand Total","Grand Total",IFERROR(VLOOKUP(B97,Master!$D$1:$G$1720,4,FALSE),"")) -> ไหล่ | B97: 23073188 | C97: กระดูกอก(M) | E97: 5 | H97: 10 | K97: =+SUM(D97:J97) -> 15
A98: =IF(B98="Grand Total","Grand Total",IFERROR(VLOOKUP(B98,Master!$D$1:$G$1720,4,FALSE),"")) -> ไหล่ | B98: 23074624 | C98: เนื้อไหล่หมูตัดชิ้น (M) | F98: 40 | K98: =+SUM(D98:J98) -> 40
A99: =IF(B99="Grand Total","Grand Total",IFERROR(VLOOKUP(B99,Master!$D$1:$G$1720,4,FALSE),"")) -> ไหล่ | B99: 23074626 | C99: สันคอหมูตัดชิ้น (M) | F99: 20 | K99: =+SUM(D99:J99) -> 20
A100: =IF(B100="Grand Total","Grand Total",IFERROR(VLOOKUP(B100,Master!$D$1:$G$1720,4,FALSE),"")) -> ไหล่ | B100: 23087679 | C100: หนังหมูรวม(M) | E100: 5 | K100: =+SUM(D100:J100) -> 5
...

Sheet Sheet1 (5)
A4: rOper_name | B4: Modern Trade (Makro)
A5: rBst_code | B5: 923
A6: rProduct_group_code2 | B6: (ทั้งหมด)
A7: rShip_name | B7: (ทั้งหมด)
B8: =+Sheet1!B8 -> คืน 13.5
H9: Values
A10: rReq_date | B10: rCv_code | C10: rCv_name | D10: rPO_no | E10: rDoc_number | F10: rProduct_code | G10: rProduct_name | H10: Sum of rPlan_qty | I10: Sum of rPlan_wgt
A11: 14/5/2569 | B11: 1A53017200 | C11: บมจ. ซีพี แอ็กซ์ตร้า สาขาชัยนาท | D11: 9044989472405 | E11: H6954RMA0058184 | F11: 23000206 | G11: ชิ้นมันคอ | H11: 5 | I11: 5
F12: 23057809 | G12: เนื้อไหล่(M) | H12: 30 | I12: 30
F13: 23057812 | G13: สะโพก(M) | H13: 130 | I13: 130
F14: 23057815 | G14: สันนอก(M) | H14: 100 | I14: 100
F15: 23057818 | G15: สันใน(M) | H15: 0 | I15: 0
F16: 23057821 | G16: สันคอ(M) | H16: 20 | I16: 20
F17: 23057824 | G17: สามชั้น(M) | H17: 80 | I17: 80
F18: 23058551 | G18: คอหมูย่าง (M) | H18: 5 | I18: 5
F19: 23058552 | G19: มันสันหลัง (M) | H19: 0 | I19: 0
F20: 23058553 | G20: หนังสันหลัง (M) | H20: 110 | I20: 110
F21: 23058555 | G21: กระดูกซุป (M) | H21: 70 | I21: 70
F22: 23058584 | G22: ตับหมู (M) | H22: 20 | I22: 20
F23: 23058585 | G23: ขั้วตับ (M) | H23: 10 | I23: 10
... F60: 23098991 | G60: พอร์คชอพตัดสเต็ก กก.ละ | H60: 0 | I60: 0
D61: 9045089556881 | E61: H6954RMA0059701 | F61: 23084674 | G61: เลือดหมูก้อนปรุงรสพาสเจอร์ไรซ์400กรัม-C | H61: 14 | I61: 5.6
A62: ผลรวมทั้งหมด | H62: 1339 | I62: 1450.6

Sheet แปลงข้อมูล
A1: ตัวช่วยแยกข้อมูล | F1: ใส่ข้อมูลดิบ | G1: ใส่เลขสาขา | H1: ชื่อสาขา | I1: SAP | J1: ชื่อสินค้า | K1: จำนวน po | L1: น้ำหนักเดิม | M1: แก้ไขเป็น | N1: น้ำหนัก final | O1: งด | P1: เพิ่ม SO | Q1: ทด
B2: {=IFERROR(INDEX( _xlfn.TEXTSPLIT(SUBSTITUTE(A2,"เหลือ","")," "),1),"")} | C2: {=IFERROR(INDEX( _xlfn.TEXTSPLIT(SUBSTITUTE(A2,"เหลือ","")," "),2),"")} | D2: {=IFERROR(INDEX( _xlfn.TEXTSPLIT(SUBSTITUTE(A2,"เหลือ","")," "),3),"")} | H2: =IF(ISBLANK(G2),"",IFERROR(VLOOKUP(G2,Master!$K$1:$L$100,2,0),"ไม่พบข้อมูล")) | I2: =IF(ISBLANK(F2),"",_xlfn.XLOOKUP(J2,Master!E:E,Master!D:D,"ไม่พบข้อมูล")) | J2: {=IF(ISBLANK(F2),"",_xlfn.XLOOKUP(TRUE,'Master แปลงคำ'!A:A=F2, 'Master แปลงคำ'!B:B, "ไม่พบข้อมูล"))} | K2: =IF(OR(ISBLANK(F2),ISBLANK(G2)),"", COUNTIFS('Mk หลังแก้'!U:U,I2,'Mk หลังแก้'!Q:Q,H2,'Mk หลังแก้'!V:V,J2)) | L2: =SUMIFS('mk 001 10.3'!X:X,'mk 001 10.3'!V:V,J2,'mk 001 10.3'!Q:Q,H2) -> 0 | N2: =IF(O2,0,M2) -> 0 | O2: FALSE | P2: FALSE | Q2: =IFERROR(N2/K2,"")
B3: {=IFERROR(INDEX( _xlfn.TEXTSPLIT(SUBSTITUTE(A3,"เหลือ","")," "),1),"")} | C3: {=IFERROR(INDEX( _xlfn.TEXTSPLIT(SUBSTITUTE(A3,"เหลือ","")," "),2),"")} | D3: {=IFERROR(INDEX( _xlfn.TEXTSPLIT(SUBSTITUTE(A3,"เหลือ","")," "),3),"")} | H3: =IF(ISBLANK(G3),"",IFERROR(VLOOKUP(G3,Master!$K$1:$L$100,2,0),"ไม่พบข้อมูล")) | I3: =IF(ISBLANK(F3),"",_xlfn.XLOOKUP(J3,Master!E:E,Master!D:D,"ไม่พบข้อมูล")) | J3: {=IF(ISBLANK(F3),"",_xlfn.XLOOKUP(TRUE,'Master แปลงคำ'!A:A=F3, 'Master แปลงคำ'!B:B, "ไม่พบข้อมูล"))} | K3: =IF(OR(ISBLANK(F3),ISBLANK(G3)),"", COUNTIFS('Mk หลังแก้'!U:U,I3,'Mk หลังแก้'!Q:Q,H3,'Mk หลังแก้'!V:V,J3)) | L3: =SUMIFS('mk 001 10.3'!X:X,'mk 001 10.3'!V:V,J3,'mk 001 10.3'!Q:Q,H3) -> 0 | N3: =IF(O3,0,M3) -> 0 | O3: FALSE | P3: FALSE | Q3: =IFERROR(N3/K3,"")
B4: {=IFERROR(INDEX( _xlfn.TEXTSPLIT(SUBSTITUTE(A4,"เหลือ","")," "),1),"")} | C4: {=IFERROR(INDEX( _xlfn.TEXTSPLIT(SUBSTITUTE(A4,"เหลือ","")," "),2),"")} | D4: {=IFERROR(INDEX( _xlfn.TEXTSPLIT(SUBSTITUTE(A4,"เหลือ","")," "),3),"")} | H4: =IF(ISBLANK(G4),"",IFERROR(VLOOKUP(G4,Master!$K$1:$L$100,2,0),"ไม่พบข้อมูล")) | I4: =IF(ISBLANK(F4),"",_xlfn.XLOOKUP(J4,Master!E:E,Master!D:D,"ไม่พบข้อมูล")) | J4: {=IF(ISBLANK(F4),"",_xlfn.XLOOKUP(TRUE,'Master แปลงคำ'!A:A=F4, 'Master แปลงคำ'!B:B, "ไม่พบข้อมูล"))} | K4: =IF(OR(ISBLANK(F4),ISBLANK(G4)),"", COUNTIFS('Mk หลังแก้'!U:U,I4,'Mk หลังแก้'!Q:Q,H4,'Mk หลังแก้'!V:V,J4)) | L4: =SUMIFS('mk 001 10.3'!X:X,'mk 001 10.3'!V:V,J4,'mk 001 10.3'!Q:Q,H4) -> 0 | N4: =IF(O4,0,M4) -> 0 | O4: FALSE | P4: FALSE | Q4: =IFERROR(N4/K4,"")
B5: {=IFERROR(INDEX( _xlfn.TEXTSPLIT(SUBSTITUTE(A5,"เหลือ","")," "),1),"")} | C5: {=IFERROR(INDEX( _xlfn.TEXTSPLIT(SUBSTITUTE(A5,"เหลือ","")," "),2),"")} | D5: {=IFERROR(INDEX( _xlfn.TEXTSPLIT(SUBSTITUTE(A5,"เหลือ","")," "),3),"")} | H5: =IF(ISBLANK(G5),"",IFERROR(VLOOKUP(G5,Master!$K$1:$L$100,2,0),"ไม่พบข้อมูล")) | I5: =IF(ISBLANK(F5),"",_xlfn.XLOOKUP(J5,Master!E:E,Master!D:D,"ไม่พบข้อมูล")) | J5: {=IF(ISBLANK(F5),"",_xlfn.XLOOKUP(TRUE,'Master แปลงคำ'!A:A=F5, 'Master แปลงคำ'!B:B, "ไม่พบข้อมูล"))} | K5: =IF(OR(ISBLANK(F5),ISBLANK(G5)),"", COUNTIFS('Mk หลังแก้'!U:U,I5,'Mk หลังแก้'!Q:Q,H5,'Mk หลังแก้'!V:V,J5)) | L5: =SUMIFS('mk 001 10.3'!X:X,'mk 001 10.3'!V:V,J5,'mk 001 10.3'!Q:Q,H5) -> 0 | N5: =IF(O5,0,M5) -> 0 | O5: FALSE | P5: FALSE | Q5: =IFERROR(N5/K5,"")
B6: {=IFERROR(INDEX( _xlfn.TEXTSPLIT(SUBSTITUTE(A6,"เหลือ","")," "),1),"")} | C6: {=IFERROR(INDEX( _xlfn.TEXTSPLIT(SUBSTITUTE(A6,"เหลือ","")," "),2),"")} | D6: {=IFERROR(INDEX( _xlfn.TEXTSPLIT(SUBSTITUTE(A6,"เหลือ","")," "),3),"")} | H6: =IF(ISBLANK(G6),"",IFERROR(VLOOKUP(G6,Master!$K$1:$L$100,2,0),"ไม่พบข้อมูล")) | I6: =IF(ISBLANK(F6),"",_xlfn.XLOOKUP(J6,Master!E:E,Master!D:D,"ไม่พบข้อมูล")) | J6: {=IF(ISBLANK(F6),"",_xlfn.XLOOKUP(TRUE,'Master แปลงคำ'!A:A=F6, 'Master แปลงคำ'!B:B, "ไม่พบข้อมูล"))} | K6: =IF(OR(ISBLANK(F6),ISBLANK(G6)),"", COUNTIFS('Mk หลังแก้'!U:U,I6,'Mk หลังแก้'!Q:Q,H6,'Mk หลังแก้'!V:V,J6)) | L6: =SUMIFS('mk 001 10.3'!X:X,'mk 001 10.3'!V:V,J6,'mk 001 10.3'!Q:Q,H6) -> 0 | N6: =IF(O6,0,M6) -> 0 | O6: FALSE | P6: FALSE | Q6: =IFERROR(N6/K6,"")
B7: {=IFERROR(INDEX( _xlfn.TEXTSPLIT(SUBSTITUTE(A7,"เหลือ","")," "),1),"")} | C7: {=IFERROR(INDEX( _xlfn.TEXTSPLIT(SUBSTITUTE(A7,"เหลือ","")," "),2),"")} | D7: {=IFERROR(INDEX( _xlfn.TEXTSPLIT(SUBSTITUTE(A7,"เหลือ","")," "),3),"")} | H7: =IF(ISBLANK(G7),"",IFERROR(VLOOKUP(G7,Master!$K$1:$L$100,2,0),"ไม่พบข้อมูล")) | I7: =IF(ISBLANK(F7),"",_xlfn.XLOOKUP(J7,Master!E:E,Master!D:D,"ไม่พบข้อมูล")) | J7: {=IF(ISBLANK(F7),"",_xlfn.XLOOKUP(TRUE,'Master แปลงคำ'!A:A=F7, 'Master แปลงคำ'!B:B, "ไม่พบข้อมูล"))} | K7: =IF(OR(ISBLANK(F7),ISBLANK(G7)),"", COUNTIFS('Mk หลังแก้'!U:U,I7,'Mk หลังแก้'!Q:Q,H7,'Mk หลังแก้'!V:V,J7)) | L7: =SUMIFS('mk 001 10.3'!X:X,'mk 001 10.3'!V:V,J7,'mk 001 10.3'!Q:Q,H7) -> 0 | N7: =IF(O7,0,M7) -> 0 | O7: FALSE | P7: FALSE | Q7: =IFERROR(N7/K7,"")
B8: {=IFERROR(INDEX( _xlfn.TEXTSPLIT(SUBSTITUTE(A8,"เหลือ","")," "),1),"")} | C8: {=IFERROR(INDEX( _xlfn.TEXTSPLIT(SUBSTITUTE(A8,"เหลือ","")," "),2),"")} | D8: {=IFERROR(INDEX( _xlfn.TEXTSPLIT(SUBSTITUTE(A8,"เหลือ","")," "),3),"")} | H8: =IF(ISBLANK(G8),"",IFERROR(VLOOKUP(G8,Master!$K$1:$L$100,2,0),"ไม่พบข้อมูล")) | I8: =IF(ISBLANK(F8),"",_xlfn.XLOOKUP(J8,Master!E:E,Master!D:D,"ไม่พบข้อมูล")) | J8: {=IF(ISBLANK(F8),"",_xlfn.XLOOKUP(TRUE,'Master แปลงคำ'!A:A=F8, 'Master แปลงคำ'!B:B, "ไม่พบข้อมูล"))} | K8: =IF(OR(ISBLANK(F8),ISBLANK(G8)),"", COUNTIFS('Mk หลังแก้'!U:U,I8,'Mk หลังแก้'!Q:Q,H8,'Mk หลังแก้'!V:V,J8)) | L8: =SUMIFS('mk 001 10.3'!X:X,'mk 001 10.3'!V:V,J8,'mk 001 10.3'!Q:Q,H8) -> 0 | N8: =IF(O8,0,M8) -> 0 | O8: FALSE | P8: FALSE | Q8: =IFERROR(N8/K8,"")
B9: {=IFERROR(INDEX( _xlfn.TEXTSPLIT(SUBSTITUTE(A9,"เหลือ","")," "),1),"")} | C9: {=IFERROR(INDEX( _xlfn.TEXTSPLIT(SUBSTITUTE(A9,"เหลือ","")," "),2),"")} | D9: {=IFERROR(INDEX( _xlfn.TEXTSPLIT(SUBSTITUTE(A9,"เหลือ","")," "),3),"")} | H9: =IF(ISBLANK(G9),"",IFERROR(VLOOKUP(G9,Master!$K$1:$L$100,2,0),"ไม่พบข้อมูล")) | I9: =IF(ISBLANK(F9),"",_xlfn.XLOOKUP(J9,Master!E:E,Master!D:D,"ไม่พบข้อมูล")) | J9: {=IF(ISBLANK(F9),"",_xlfn.XLOOKUP(TRUE,'Master แปลงคำ'!A:A=F9, 'Master แปลงคำ'!B:B, "ไม่พบข้อมูล"))} | K9: =IF(OR(ISBLANK(F9),ISBLANK(G9)),"", COUNTIFS('Mk หลังแก้'!U:U,I9,'Mk หลังแก้'!Q:Q,H9,'Mk หลังแก้'!V:V,J9)) | L9: =SUMIFS('mk 001 10.3'!X:X,'mk 001 10.3'!V:V,J9,'mk 001 10.3'!Q:Q,H9) -> 0 | N9: =IF(O9,0,M9) -> 0 | O9: FALSE | P9: FALSE | Q9: =IFERROR(N9/K9,"")
B10: {=IFERROR(INDEX( _xlfn.TEXTSPLIT(SUBSTITUTE(A10,"เหลือ","")," "),1),"")} | C10: {=IFERROR(INDEX( _xlfn.TEXTSPLIT(SUBSTITUTE(A10,"เหลือ","")," "),2),"")} | D10: {=IFERROR(INDEX( _xlfn.TEXTSPLIT(SUBSTITUTE(A10,"เหลือ","")," "),3),"")} | H10: =IF(ISBLANK(G10),"",IFERROR(VLOOKUP(G10,Master!$K$1:$L$100,2,0),"ไม่พบข้อมูล")) | I10: =IF(ISBLANK(F10),"",_xlfn.XLOOKUP(J10,Master!E:E,Master!D:D,"ไม่พบข้อมูล")) | J10: {=IF(ISBLANK(F10),"",_xlfn.XLOOKUP(TRUE,'Master แปลงคำ'!A:A=F10, 'Master แปลงคำ'!B:B, "ไม่พบข้อมูล"))} | K10: =IF(OR(ISBLANK(F10),ISBLANK(G10)),"", COUNTIFS('Mk หลังแก้'!U:U,I10,'Mk หลังแก้'!Q:Q,H10,'Mk หลังแก้'!V:V,J10)) | L10: =SUMIFS('mk 001 10.3'!X:X,'mk 001 10.3'!V:V,J10,'mk 001 10.3'!Q:Q,H10) -> 0 | N10: =IF(O10,0,M10) -> 0 | O10: FALSE | P10: FALSE | Q10: =IFERROR(N10/K10,"")
B11: {=IFERROR(INDEX( _xlfn.TEXTSPLIT(SUBSTITUTE(A11,"เหลือ","")," "),1),"")} | C11: {=IFERROR(INDEX( _xlfn.TEXTSPLIT(SUBSTITUTE(A11,"เหลือ","")," "),2),"")} | D11: {=IFERROR(INDEX( _xlfn.TEXTSPLIT(SUBSTITUTE(A11,"เหลือ","")," "),3),"")} | H11: =IF(ISBLANK(G11),"",IFERROR(VLOOKUP(G11,Master!$K$1:$L$100,2,0),"ไม่พบข้อมูล")) | I11: =IF(ISBLANK(F11),"",_xlfn.XLOOKUP(J11,Master!E:E,Master!D:D,"ไม่พบข้อมูล")) | J11: {=IF(ISBLANK(F11),"",_xlfn.XLOOKUP(TRUE,'Master แปลงคำ'!A:A=F11, 'Master แปลงคำ'!B:B, "ไม่พบข้อมูล"))} | K11: =IF(OR(ISBLANK(F11),ISBLANK(G11)),"", COUNTIFS('Mk หลังแก้'!U:U,I11,'Mk หลังแก้'!Q:Q,H11,'Mk หลังแก้'!V:V,J11)) | L11: =SUMIFS('mk 001 10.3'!X:X,'mk 001 10.3'!V:V,J11,'mk 001 10.3'!Q:Q,H11) -> 0 | N11: =IF(O11,0,M11) -> 0 | O11: FALSE | P11: FALSE | Q11: =IFERROR(N11/K11,"")
B12: {=IFERROR(INDEX( _xlfn.TEXTSPLIT(SUBSTITUTE(A12,"เหลือ","")," "),1),"")} | C12: {=IFERROR(INDEX( _xlfn.TEXTSPLIT(SUBSTITUTE(A12,"เหลือ","")," "),2),"")} | D12: {=IFERROR(INDEX( _xlfn.TEXTSPLIT(SUBSTITUTE(A12,"เหลือ","")," "),3),"")} | H12: =IF(ISBLANK(G12),"",IFERROR(VLOOKUP(G12,Master!$K$1:$L$100,2,0),"ไม่พบข้อมูล")) | I12: =IF(ISBLANK(F12),"",_xlfn.XLOOKUP(J12,Master!E:E,Master!D:D,"ไม่พบข้อมูล")) | J12: {=IF(ISBLANK(F12),"",_xlfn.XLOOKUP(TRUE,'Master แปลงคำ'!A:A=F12, 'Master แปลงคำ'!B:B, "ไม่พบข้อมูล"))} | K12: =IF(OR(ISBLANK(F12),ISBLANK(G12)),"", COUNTIFS('Mk หลังแก้'!U:U,I12,'Mk หลังแก้'!Q:Q,H12,'Mk หลังแก้'!V:V,J12)) | L12: =SUMIFS('mk 001 10.3'!X:X,'mk 001 10.3'!V:V,J12,'mk 001 10.3'!Q:Q,H12) -> 0 | N12: =IF(O12,0,M12) -> 0 | O12: FALSE | P12: FALSE | Q12: =IFERROR(N12/K12,"")
B13: {=IFERROR(INDEX( _xlfn.TEXTSPLIT(SUBSTITUTE(A13,"เหลือ","")," "),1),"")} | C13: {=IFERROR(INDEX( _xlfn.TEXTSPLIT(SUBSTITUTE(A13,"เหลือ","")," "),2),"")} | D13: {=IFERROR(INDEX( _xlfn.TEXTSPLIT(SUBSTITUTE(A13,"เหลือ","")," "),3),"")} | H13: =IF(ISBLANK(G13),"",IFERROR(VLOOKUP(G13,Master!$K$1:$L$100,2,0),"ไม่พบข้อมูล")) | I13: =IF(ISBLANK(F13),"",_xlfn.XLOOKUP(J13,Master!E:E,Master!D:D,"ไม่พบข้อมูล")) | J13: {=IF(ISBLANK(F13),"",_xlfn.XLOOKUP(TRUE,'Master แปลงคำ'!A:A=F13, 'Master แปลงคำ'!B:B, "ไม่พบข้อมูล"))} | K13: =IF(OR(ISBLANK(F13),ISBLANK(G13)),"", COUNTIFS('Mk หลังแก้'!U:U,I13,'Mk หลังแก้'!Q:Q,H13,'Mk หลังแก้'!V:V,J13)) | L13: =SUMIFS('mk 001 10.3'!X:X,'mk 001 10.3'!V:V,J13,'mk 001 10.3'!Q:Q,H13) -> 0 | N13: =IF(O13,0,M13) -> 0 | O13: FALSE | P13: FALSE | Q13: =IFERROR(N13/K13,"")
... B18: {=IFERROR(INDEX( _xlfn.TEXTSPLIT(SUBSTITUTE(A18,"เหลือ","")," "),1),"")} | C18: {=IFERROR(INDEX( _xlfn.TEXTSPLIT(SUBSTITUTE(A18,"เหลือ","")," "),2),"")} | D18: {=IFERROR(INDEX( _xlfn.TEXTSPLIT(SUBSTITUTE(A18,"เหลือ","")," "),3),"")} | H18: =IF(ISBLANK(G18),"",IFERROR(VLOOKUP(G18,Master!$K$1:$L$100,2,0),"ไม่พบข้อมูล")) | I18: =IF(ISBLANK(F18),"",_xlfn.XLOOKUP(J18,Master!E:E,Master!D:D,"ไม่พบข้อมูล")) | J18: {=IF(ISBLANK(F18),"",_xlfn.XLOOKUP(TRUE,'Master แปลงคำ'!A:A=F18, 'Master แปลงคำ'!B:B, "ไม่พบข้อมูล"))} | K18: =IF(OR(ISBLANK(F18),ISBLANK(G18)),"", COUNTIFS('Mk หลังแก้'!U:U,I18,'Mk หลังแก้'!Q:Q,H18,'Mk หลังแก้'!V:V,J18)) | L18: =SUMIFS('mk 001 10.3'!X:X,'mk 001 10.3'!V:V,J18,'mk 001 10.3'!Q:Q,H18) -> 0 | N18: =IF(O18,0,M18) -> 0 | O18: FALSE | P18: FALSE | Q18: =IFERROR(N18/K18,"")
H19: =IF(ISBLANK(G19),"",IFERROR(VLOOKUP(G19,Master!$K$1:$L$100,2,0),"ไม่พบข้อมูล")) | I19: =IF(ISBLANK(F19),"",_xlfn.XLOOKUP(J19,Master!E:E,Master!D:D,"ไม่พบข้อมูล")) | J19: {=IF(ISBLANK(F19),"",_xlfn.XLOOKUP(TRUE,'Master แปลงคำ'!A:A=F19, 'Master แปลงคำ'!B:B, "ไม่พบข้อมูล"))} | K19: =IF(OR(ISBLANK(F19),ISBLANK(G19)),"", COUNTIFS('Mk หลังแก้'!U:U,I19,'Mk หลังแก้'!Q:Q,H19,'Mk หลังแก้'!V:V,J19)) | L19: =SUMIFS('mk 001 10.3'!X:X,'mk 001 10.3'!V:V,J19,'mk 001 10.3'!Q:Q,H19) -> 0 | N19: =IF(O19,0,M19) -> 0 | O19: FALSE | P19: FALSE | Q19: =IFERROR(N19/K19,"")
H20: =IF(ISBLANK(G20),"",IFERROR(VLOOKUP(G20,Master!$K$1:$L$100,2,0),"ไม่พบข้อมูล")) | I20: =IF(ISBLANK(F20),"",_xlfn.XLOOKUP(J20,Master!E:E,Master!D:D,"ไม่พบข้อมูล")) | J20: {=IF(ISBLANK(F20),"",_xlfn.XLOOKUP(TRUE,'Master แปลงคำ'!A:A=F20, 'Master แปลงคำ'!B:B, "ไม่พบข้อมูล"))} | K20: =IF(OR(ISBLANK(F20),ISBLANK(G20)),"", COUNTIFS('Mk หลังแก้'!U:U,I20,'Mk หลังแก้'!Q:Q,H20,'Mk หลังแก้'!V:V,J20)) | L20: =SUMIFS('mk 001 10.3'!X:X,'mk 001 10.3'!V:V,J20,'mk 001 10.3'!Q:Q,H20) -> 0 | N20: =IF(O20,0,M20) -> 0 | O20: FALSE | P20: FALSE | Q20: =IFERROR(N20/K20,"")
H21: =IF(ISBLANK(G21),"",IFERROR(VLOOKUP(G21,Master!$K$1:$L$100,2,0),"ไม่พบข้อมูล")) | I21: =IF(ISBLANK(F21),"",_xlfn.XLOOKUP(J21,Master!E:E,Master!D:D,"ไม่พบข้อมูล")) | J21: {=IF(ISBLANK(F21),"",_xlfn.XLOOKUP(TRUE,'Master แปลงคำ'!A:A=F21, 'Master แปลงคำ'!B:B, "ไม่พบข้อมูล"))} | K21: =IF(OR(ISBLANK(F21),ISBLANK(G21)),"", COUNTIFS('Mk หลังแก้'!U:U,I21,'Mk หลังแก้'!Q:Q,H21,'Mk หลังแก้'!V:V,J21)) | L21: =SUMIFS('mk 001 10.3'!X:X,'mk 001 10.3'!V:V,J21,'mk 001 10.3'!Q:Q,H21) -> 0 | N21: =IF(O21,0,M21) -> 0 | O21: FALSE | P21: FALSE | Q21: =IFERROR(N21/K21,"")
H22: =IF(ISBLANK(G22),"",IFERROR(VLOOKUP(G22,Master!$K$1:$L$100,2,0),"ไม่พบข้อมูล")) | I22: =IF(ISBLANK(F22),"",_xlfn.XLOOKUP(J22,Master!E:E,Master!D:D,"ไม่พบข้อมูล")) | J22: {=IF(ISBLANK(F22),"",_xlfn.XLOOKUP(TRUE,'Master แปลงคำ'!A:A=F22, 'Master แปลงคำ'!B:B, "ไม่พบข้อมูล"))} | K22: =IF(OR(ISBLANK(F22),ISBLANK(G22)),"", COUNTIFS('Mk หลังแก้'!U:U,I22,'Mk หลังแก้'!Q:Q,H22,'Mk หลังแก้'!V:V,J22)) | L22: =SUMIFS('mk 001 10.3'!X:X,'mk 001 10.3'!V:V,J22,'mk 001 10.3'!Q:Q,H22) -> 0 | N22: =IF(O22,0,M22) -> 0 | O22: FALSE | P22: FALSE | Q22: =IFERROR(N22/K22,"")
H23: =IF(ISBLANK(G23),"",IFERROR(VLOOKUP(G23,Master!$K$1:$L$100,2,0),"ไม่พบข้อมูล")) | I23: =IF(ISBLANK(F23),"",_xlfn.XLOOKUP(J23,Master!E:E,Master!D:D,"ไม่พบข้อมูล")) | J23: {=IF(ISBLANK(F23),"",_xlfn.XLOOKUP(TRUE,'Master แปลงคำ'!A:A=F23, 'Master แปลงคำ'!B:B, "ไม่พบข้อมูล"))} | K23: =IF(OR(ISBLANK(F23),ISBLANK(G23)),"", COUNTIFS('Mk หลังแก้'!U:U,I23,'Mk หลังแก้'!Q:Q,H23,'Mk หลังแก้'!V:V,J23)) | L23: =SUMIFS('mk 001 10.3'!X:X,'mk 001 10.3'!V:V,J23,'mk 001 10.3'!Q:Q,H23) -> 0 | N23: =IF(O23,0,M23) -> 0 | O23: FALSE | P23: FALSE | Q23: =IFERROR(N23/K23,"")
H24: =IF(ISBLANK(G24),"",IFERROR(VLOOKUP(G24,Master!$K$1:$L$100,2,0),"ไม่พบข้อมูล")) | I24: =IF(ISBLANK(F24),"",_xlfn.XLOOKUP(J24,Master!E:E,Master!D:D,"ไม่พบข้อมูล")) | J24: {=IF(ISBLANK(F24),"",_xlfn.XLOOKUP(TRUE,'Master แปลงคำ'!A:A=F24, 'Master แปลงคำ'!B:B, "ไม่พบข้อมูล"))} | K24: =IF(OR(ISBLANK(F24),ISBLANK(G24)),"", COUNTIFS('Mk หลังแก้'!U:U,I24,'Mk หลังแก้'!Q:Q,H24,'Mk หลังแก้'!V:V,J24)) | L24: =SUMIFS('mk 001 10.3'!X:X,'mk 001 10.3'!V:V,J24,'mk 001 10.3'!Q:Q,H24) -> 0 | N24: =IF(O24,0,M24) -> 0 | O24: FALSE | P24: FALSE | Q24: =IFERROR(N24/K24,"")
H25: =IF(ISBLANK(G25),"",IFERROR(VLOOKUP(G25,Master!$K$1:$L$100,2,0),"ไม่พบข้อมูล")) | I25: =IF(ISBLANK(F25),"",_xlfn.XLOOKUP(J25,Master!E:E,Master!D:D,"ไม่พบข้อมูล")) | J25: {=IF(ISBLANK(F25),"",_xlfn.XLOOKUP(TRUE,'Master แปลงคำ'!A:A=F25, 'Master แปลงคำ'!B:B, "ไม่พบข้อมูล"))} | K25: =IF(OR(ISBLANK(F25),ISBLANK(G25)),"", COUNTIFS('Mk หลังแก้'!U:U,I25,'Mk หลังแก้'!Q:Q,H25,'Mk หลังแก้'!V:V,J25)) | L25: =SUMIFS('mk 001 10.3'!X:X,'mk 001 10.3'!V:V,J25,'mk 001 10.3'!Q:Q,H25) -> 0 | N25: =IF(O25,0,M25) -> 0 | O25: FALSE | P25: FALSE | Q25: =IFERROR(N25/K25,"")
H26: =IF(ISBLANK(G26),"",IFERROR(VLOOKUP(G26,Master!$K$1:$L$100,2,0),"ไม่พบข้อมูล")) | I26: =IF(ISBLANK(F26),"",_xlfn.XLOOKUP(J26,Master!E:E,Master!D:D,"ไม่พบข้อมูล")) | J26: {=IF(ISBLANK(F26),"",_xlfn.XLOOKUP(TRUE,'Master แปลงคำ'!A:A=F26, 'Master แปลงคำ'!B:B, "ไม่พบข้อมูล"))} | K26: =IF(OR(ISBLANK(F26),ISBLANK(G26)),"", COUNTIFS('Mk หลังแก้'!U:U,I26,'Mk หลังแก้'!Q:Q,H26,'Mk หลังแก้'!V:V,J26)) | L26: =SUMIFS('mk 001 10.3'!X:X,'mk 001 10.3'!V:V,J26,'mk 001 10.3'!Q:Q,H26) -> 0 | N26: =IF(O26,0,M26) -> 0 | O26: FALSE | P26: FALSE | Q26: =IFERROR(N26/K26,"")
H27: =IF(ISBLANK(G27),"",IFERROR(VLOOKUP(G27,Master!$K$1:$L$100,2,0),"ไม่พบข้อมูล")) | I27: =IF(ISBLANK(F27),"",_xlfn.XLOOKUP(J27,Master!E:E,Master!D:D,"ไม่พบข้อมูล")) | J27: {=IF(ISBLANK(F27),"",_xlfn.XLOOKUP(TRUE,'Master แปลงคำ'!A:A=F27, 'Master แปลงคำ'!B:B, "ไม่พบข้อมูล"))} | K27: =IF(OR(ISBLANK(F27),ISBLANK(G27)),"", COUNTIFS('Mk หลังแก้'!U:U,I27,'Mk หลังแก้'!Q:Q,H27,'Mk หลังแก้'!V:V,J27)) | L27: =SUMIFS('mk 001 10.3'!X:X,'mk 001 10.3'!V:V,J27,'mk 001 10.3'!Q:Q,H27) -> 0 | N27: =IF(O27,0,M27) -> 0 | O27: FALSE | P27: FALSE | Q27: =IFERROR(N27/K27,"")
H28: =IF(ISBLANK(G28),"",IFERROR(VLOOKUP(G28,Master!$K$1:$L$100,2,0),"ไม่พบข้อมูล")) | I28: =IF(ISBLANK(F28),"",_xlfn.XLOOKUP(J28,Master!E:E,Master!D:D,"ไม่พบข้อมูล")) | J28: {=IF(ISBLANK(F28),"",_xlfn.XLOOKUP(TRUE,'Master แปลงคำ'!A:A=F28, 'Master แปลงคำ'!B:B, "ไม่พบข้อมูล"))} | K28: =IF(OR(ISBLANK(F28),ISBLANK(G28)),"", COUNTIFS('Mk หลังแก้'!U:U,I28,'Mk หลังแก้'!Q:Q,H28,'Mk หลังแก้'!V:V,J28)) | L28: =SUMIFS('mk 001 10.3'!X:X,'mk 001 10.3'!V:V,J28,'mk 001 10.3'!Q:Q,H28) -> 0 | N28: =IF(O28,0,M28) -> 0 | O28: FALSE | P28: FALSE | Q28: =IFERROR(N28/K28,"")
H29: =IF(ISBLANK(G29),"",IFERROR(VLOOKUP(G29,Master!$K$1:$L$100,2,0),"ไม่พบข้อมูล")) | I29: =IF(ISBLANK(F29),"",_xlfn.XLOOKUP(J29,Master!E:E,Master!D:D,"ไม่พบข้อมูล")) | J29: {=IF(ISBLANK(F29),"",_xlfn.XLOOKUP(TRUE,'Master แปลงคำ'!A:A=F29, 'Master แปลงคำ'!B:B, "ไม่พบข้อมูล"))} | K29: =IF(OR(ISBLANK(F29),ISBLANK(G29)),"", COUNTIFS('Mk หลังแก้'!U:U,I29,'Mk หลังแก้'!Q:Q,H29,'Mk หลังแก้'!V:V,J29)) | L29: =SUMIFS('mk 001 10.3'!X:X,'mk 001 10.3'!V:V,J29,'mk 001 10.3'!Q:Q,H29) -> 0 | N29: =IF(O29,0,M29) -> 0 | O29: FALSE | P29: FALSE | Q29: =IFERROR(N29/K29,"")
H30: =IF(ISBLANK(G30),"",IFERROR(VLOOKUP(G30,Master!$K$1:$L$100,2,0),"ไม่พบข้อมูล")) | I30: =IF(ISBLANK(F30),"",_xlfn.XLOOKUP(J30,Master!E:E,Master!D:D,"ไม่พบข้อมูล")) | J30: {=IF(ISBLANK(F30),"",_xlfn.XLOOKUP(TRUE,'Master แปลงคำ'!A:A=F30, 'Master แปลงคำ'!B:B, "ไม่พบข้อมูล"))} | K30: =IF(OR(ISBLANK(F30),ISBLANK(G30)),"", COUNTIFS('Mk หลังแก้'!U:U,I30,'Mk หลังแก้'!Q:Q,H30,'Mk หลังแก้'!V:V,J30)) | L30: =SUMIFS('mk 001 10.3'!X:X,'mk 001 10.3'!V:V,J30,'mk 001 10.3'!Q:Q,H30) -> 0 | N30: =IF(O30,0,M30) -> 0 | O30: FALSE | P30: FALSE | Q30: =IFERROR(N30/K30,"")
... H49: =IF(ISBLANK(G49),"",IFERROR(VLOOKUP(G49,Master!$K$1:$L$100,2,0),"ไม่พบข้อมูล")) | I49: =IF(ISBLANK(F49),"",_xlfn.XLOOKUP(J49,Master!E:E,Master!D:D,"ไม่พบข้อมูล")) | J49: {=IF(ISBLANK(F49),"",_xlfn.XLOOKUP(TRUE,'Master แปลงคำ'!A:A=F49, 'Master แปลงคำ'!B:B, "ไม่พบข้อมูล"))} | K49: =IF(OR(ISBLANK(F49),ISBLANK(G49)),"", COUNTIFS('Mk หลังแก้'!U:U,I49,'Mk หลังแก้'!Q:Q,H49,'Mk หลังแก้'!V:V,J49)) | L49: =SUMIFS('mk 001 10.3'!X:X,'mk 001 10.3'!V:V,J49,'mk 001 10.3'!Q:Q,H49) -> 0 | N49: =IF(O49,0,M49) -> 0 | O49: FALSE | P49: FALSE | Q49: =IFERROR(N49/K49,"")
B50: {=IFERROR(INDEX( _xlfn.TEXTSPLIT(SUBSTITUTE(A50,"เหลือ","")," "),1),"")} | C50: {=IFERROR(INDEX( _xlfn.TEXTSPLIT(SUBSTITUTE(A50,"เหลือ","")," "),2),"")} | D50: {=IFERROR(INDEX( _xlfn.TEXTSPLIT(SUBSTITUTE(A50,"เหลือ","")," "),3),"")} | H50: =IF(ISBLANK(G50),"",IFERROR(VLOOKUP(G50,Master!$K$1:$L$100,2,0),"ไม่พบข้อมูล")) | I50: =IF(ISBLANK(F50),"",_xlfn.XLOOKUP(J50,Master!E:E,Master!D:D,"ไม่พบข้อมูล")) | J50: {=IF(ISBLANK(F50),"",_xlfn.XLOOKUP(TRUE,'Master แปลงคำ'!A:A=F50, 'Master แปลงคำ'!B:B, "ไม่พบข้อมูล"))} | K50: =IF(OR(ISBLANK(F50),ISBLANK(G50)),"", COUNTIFS('Mk หลังแก้'!U:U,I50,'Mk หลังแก้'!Q:Q,H50,'Mk หลังแก้'!V:V,J50)) | L50: =SUMIFS('mk 001 10.3'!X:X,'mk 001 10.3'!V:V,J50,'mk 001 10.3'!Q:Q,H50) -> 0 | N50: =IF(O50,0,M50) -> 0 | O50: FALSE | P50: FALSE | Q50: =IFERROR(N50/K50,"")
B51: {=IFERROR(INDEX( _xlfn.TEXTSPLIT(SUBSTITUTE(A51,"เหลือ","")," "),1),"")} | C51: {=IFERROR(INDEX( _xlfn.TEXTSPLIT(SUBSTITUTE(A51,"เหลือ","")," "),2),"")} | D51: {=IFERROR(INDEX( _xlfn.TEXTSPLIT(SUBSTITUTE(A51,"เหลือ","")," "),3),"")} | H51: =IF(ISBLANK(G51),"",IFERROR(VLOOKUP(G51,Master!$K$1:$L$100,2,0),"ไม่พบข้อมูล")) | I51: =IF(ISBLANK(F51),"",_xlfn.XLOOKUP(J51,Master!E:E,Master!D:D,"ไม่พบข้อมูล")) | J51: {=IF(ISBLANK(F51),"",_xlfn.XLOOKUP(TRUE,'Master แปลงคำ'!A:A=F51, 'Master แปลงคำ'!B:B, "ไม่พบข้อมูล"))} | K51: =IF(OR(ISBLANK(F51),ISBLANK(G51)),"", COUNTIFS('Mk หลังแก้'!U:U,I51,'Mk หลังแก้'!Q:Q,H51,'Mk หลังแก้'!V:V,J51)) | L51: =SUMIFS('mk 001 10.3'!X:X,'mk 001 10.3'!V:V,J51,'mk 001 10.3'!Q:Q,H51) -> 0 | N51: =IF(O51,0,M51) -> 0 | O51: FALSE | P51: FALSE | Q51: =IFERROR(N51/K51,"")
B52: {=IFERROR(INDEX( _xlfn.TEXTSPLIT(SUBSTITUTE(A52,"เหลือ","")," "),1),"")} | C52: {=IFERROR(INDEX( _xlfn.TEXTSPLIT(SUBSTITUTE(A52,"เหลือ","")," "),2),"")} | D52: {=IFERROR(INDEX( _xlfn.TEXTSPLIT(SUBSTITUTE(A52,"เหลือ","")," "),3),"")} | H52: =IF(ISBLANK(G52),"",IFERROR(VLOOKUP(G52,Master!$K$1:$L$100,2,0),"ไม่พบข้อมูล")) | I52: =IF(ISBLANK(F52),"",_xlfn.XLOOKUP(J52,Master!E:E,Master!D:D,"ไม่พบข้อมูล")) | J52: {=IF(ISBLANK(F52),"",_xlfn.XLOOKUP(TRUE,'Master แปลงคำ'!A:A=F52, 'Master แปลงคำ'!B:B, "ไม่พบข้อมูล"))} | K52: =IF(OR(ISBLANK(F52),ISBLANK(G52)),"", COUNTIFS('Mk หลังแก้'!U:U,I52,'Mk หลังแก้'!Q:Q,H52,'Mk หลังแก้'!V:V,J52)) | L52: =SUMIFS('mk 001 10.3'!X:X,'mk 001 10.3'!V:V,J52,'mk 001 10.3'!Q:Q,H52) -> 0 | N52: =IF(O52,0,M52) -> 0 | O52: FALSE | P52: FALSE | Q52: =IFERROR(N52/K52,"")
B53: {=IFERROR(INDEX( _xlfn.TEXTSPLIT(SUBSTITUTE(A53,"เหลือ","")," "),1),"")} | C53: {=IFERROR(INDEX( _xlfn.TEXTSPLIT(SUBSTITUTE(A53,"เหลือ","")," "),2),"")} | D53: {=IFERROR(INDEX( _xlfn.TEXTSPLIT(SUBSTITUTE(A53,"เหลือ","")," "),3),"")} | H53: =IF(ISBLANK(G53),"",IFERROR(VLOOKUP(G53,Master!$K$1:$L$100,2,0),"ไม่พบข้อมูล")) | I53: =IF(ISBLANK(F53),"",_xlfn.XLOOKUP(J53,Master!E:E,Master!D:D,"ไม่พบข้อมูล")) | J53: {=IF(ISBLANK(F53),"",_xlfn.XLOOKUP(TRUE,'Master แปลงคำ'!A:A=F53, 'Master แปลงคำ'!B:B, "ไม่พบข้อมูล"))} | K53: =IF(OR(ISBLANK(F53),ISBLANK(G53)),"", COUNTIFS('Mk หลังแก้'!U:U,I53,'Mk หลังแก้'!Q:Q,H53,'Mk หลังแก้'!V:V,J53)) | L53: =SUMIFS('mk 001 10.3'!X:X,'mk 001 10.3'!V:V,J53,'mk 001 10.3'!Q:Q,H53) -> 0 | N53: =IF(O53,0,M53) -> 0 | O53: FALSE | P53: FALSE | Q53: =IFERROR(N53/K53,"")
B54: {=IFERROR(INDEX( _xlfn.TEXTSPLIT(SUBSTITUTE(A54,"เหลือ","")," "),1),"")} | C54: {=IFERROR(INDEX( _xlfn.TEXTSPLIT(SUBSTITUTE(A54,"เหลือ","")," "),2),"")} | D54: {=IFERROR(INDEX( _xlfn.TEXTSPLIT(SUBSTITUTE(A54,"เหลือ","")," "),3),"")} | H54: =IF(ISBLANK(G54),"",IFERROR(VLOOKUP(G54,Master!$K$1:$L$100,2,0),"ไม่พบข้อมูล")) | I54: =IF(ISBLANK(F54),"",_xlfn.XLOOKUP(J54,Master!E:E,Master!D:D,"ไม่พบข้อมูล")) | J54: {=IF(ISBLANK(F54),"",_xlfn.XLOOKUP(TRUE,'Master แปลงคำ'!A:A=F54, 'Master แปลงคำ'!B:B, "ไม่พบข้อมูล"))} | K54: =IF(OR(ISBLANK(F54),ISBLANK(G54)),"", COUNTIFS('Mk หลังแก้'!U:U,I54,'Mk หลังแก้'!Q:Q,H54,'Mk หลังแก้'!V:V,J54)) | L54: =SUMIFS('mk 001 10.3'!X:X,'mk 001 10.3'!V:V,J54,'mk 001 10.3'!Q:Q,H54) -> 0 | N54: =IF(O54,0,M54) -> 0 | O54: FALSE | P54: FALSE | Q54: =IFERROR(N54/K54,"")
B55: {=IFERROR(INDEX( _xlfn.TEXTSPLIT(SUBSTITUTE(A55,"เหลือ","")," "),1),"")} | C55: {=IFERROR(INDEX( _xlfn.TEXTSPLIT(SUBSTITUTE(A55,"เหลือ","")," "),2),"")} | D55: {=IFERROR(INDEX( _xlfn.TEXTSPLIT(SUBSTITUTE(A55,"เหลือ","")," "),3),"")} | H55: =IF(ISBLANK(G55),"",IFERROR(VLOOKUP(G55,Master!$K$1:$L$100,2,0),"ไม่พบข้อมูล")) | I55: =IF(ISBLANK(F55),"",_xlfn.XLOOKUP(J55,Master!E:E,Master!D:D,"ไม่พบข้อมูล")) | J55: {=IF(ISBLANK(F55),"",_xlfn.XLOOKUP(TRUE,'Master แปลงคำ'!A:A=F55, 'Master แปลงคำ'!B:B, "ไม่พบข้อมูล"))} | K55: =IF(OR(ISBLANK(F55),ISBLANK(G55)),"", COUNTIFS('Mk หลังแก้'!U:U,I55,'Mk หลังแก้'!Q:Q,H55,'Mk หลังแก้'!V:V,J55)) | L55: =SUMIFS('mk 001 10.3'!X:X,'mk 001 10.3'!V:V,J55,'mk 001 10.3'!Q:Q,H55) -> 0 | N55: =IF(O55,0,M55) -> 0 | O55: FALSE | P55: FALSE | Q55: =IFERROR(N55/K55,"")
B56: {=IFERROR(INDEX( _xlfn.TEXTSPLIT(SUBSTITUTE(A56,"เหลือ","")," "),1),"")} | C56: {=IFERROR(INDEX( _xlfn.TEXTSPLIT(SUBSTITUTE(A56,"เหลือ","")," "),2),"")} | D56: {=IFERROR(INDEX( _xlfn.TEXTSPLIT(SUBSTITUTE(A56,"เหลือ","")," "),3),"")} | H56: =IF(ISBLANK(G56),"",IFERROR(VLOOKUP(G56,Master!$K$1:$L$100,2,0),"ไม่พบข้อมูล")) | I56: =IF(ISBLANK(F56),"",_xlfn.XLOOKUP(J56,Master!E:E,Master!D:D,"ไม่พบข้อมูล")) | J56: {=IF(ISBLANK(F56),"",_xlfn.XLOOKUP(TRUE,'Master แปลงคำ'!A:A=F56, 'Master แปลงคำ'!B:B, "ไม่พบข้อมูล"))} | K56: =IF(OR(ISBLANK(F56),ISBLANK(G56)),"", COUNTIFS('Mk หลังแก้'!U:U,I56,'Mk หลังแก้'!Q:Q,H56,'Mk หลังแก้'!V:V,J56)) | L56: =SUMIFS('mk 001 10.3'!X:X,'mk 001 10.3'!V:V,J56,'mk 001 10.3'!Q:Q,H56) -> 0 | N56: =IF(O56,0,M56) -> 0 | O56: FALSE | P56: FALSE | Q56: =IFERROR(N56/K56,"")
B57: {=IFERROR(INDEX( _xlfn.TEXTSPLIT(SUBSTITUTE(A57,"เหลือ","")," "),1),"")} | C57: {=IFERROR(INDEX( _xlfn.TEXTSPLIT(SUBSTITUTE(A57,"เหลือ","")," "),2),"")} | D57: {=IFERROR(INDEX( _xlfn.TEXTSPLIT(SUBSTITUTE(A57,"เหลือ","")," "),3),"")} | H57: =IF(ISBLANK(G57),"",IFERROR(VLOOKUP(G57,Master!$K$1:$L$100,2,0),"ไม่พบข้อมูล")) | I57: =IF(ISBLANK(F57),"",_xlfn.XLOOKUP(J57,Master!E:E,Master!D:D,"ไม่พบข้อมูล")) | J57: {=IF(ISBLANK(F57),"",_xlfn.XLOOKUP(TRUE,'Master แปลงคำ'!A:A=F57, 'Master แปลงคำ'!B:B, "ไม่พบข้อมูล"))} | K57: =IF(OR(ISBLANK(F57),ISBLANK(G57)),"", COUNTIFS('Mk หลังแก้'!U:U,I57,'Mk หลังแก้'!Q:Q,H57,'Mk หลังแก้'!V:V,J57)) | L57: =SUMIFS('mk 001 10.3'!X:X,'mk 001 10.3'!V:V,J57,'mk 001 10.3'!Q:Q,H57) -> 0 | N57: =IF(O57,0,M57) -> 0 | O57: FALSE | P57: FALSE | Q57: =IFERROR(N57/K57,"")
B58: {=IFERROR(INDEX( _xlfn.TEXTSPLIT(SUBSTITUTE(A58,"เหลือ","")," "),1),"")} | C58: {=IFERROR(INDEX( _xlfn.TEXTSPLIT(SUBSTITUTE(A58,"เหลือ","")," "),2),"")} | D58: {=IFERROR(INDEX( _xlfn.TEXTSPLIT(SUBSTITUTE(A58,"เหลือ","")," "),3),"")} | H58: =IF(ISBLANK(G58),"",IFERROR(VLOOKUP(G58,Master!$K$1:$L$100,2,0),"ไม่พบข้อมูล")) | I58: =IF(ISBLANK(F58),"",_xlfn.XLOOKUP(J58,Master!E:E,Master!D:D,"ไม่พบข้อมูล")) | J58: {=IF(ISBLANK(F58),"",_xlfn.XLOOKUP(TRUE,'Master แปลงคำ'!A:A=F58, 'Master แปลงคำ'!B:B, "ไม่พบข้อมูล"))} | K58: =IF(OR(ISBLANK(F58),ISBLANK(G58)),"", COUNTIFS('Mk หลังแก้'!U:U,I58,'Mk หลังแก้'!Q:Q,H58,'Mk หลังแก้'!V:V,J58)) | L58: =SUMIFS('mk 001 10.3'!X:X,'mk 001 10.3'!V:V,J58,'mk 001 10.3'!Q:Q,H58) -> 0 | N58: =IF(O58,0,M58) -> 0 | O58: FALSE | P58: FALSE | Q58: =IFERROR(N58/K58,"")
B59: {=IFERROR(INDEX( _xlfn.TEXTSPLIT(SUBSTITUTE(A59,"เหลือ","")," "),1),"")} | C59: {=IFERROR(INDEX( _xlfn.TEXTSPLIT(SUBSTITUTE(A59,"เหลือ","")," "),2),"")} | D59: {=IFERROR(INDEX( _xlfn.TEXTSPLIT(SUBSTITUTE(A59,"เหลือ","")," "),3),"")} | H59: =IF(ISBLANK(G59),"",IFERROR(VLOOKUP(G59,Master!$K$1:$L$100,2,0),"ไม่พบข้อมูล")) | I59: =IF(ISBLANK(F59),"",_xlfn.XLOOKUP(J59,Master!E:E,Master!D:D,"ไม่พบข้อมูล")) | J59: {=IF(ISBLANK(F59),"",_xlfn.XLOOKUP(TRUE,'Master แปลงคำ'!A:A=F59, 'Master แปลงคำ'!B:B, "ไม่พบข้อมูล"))} | K59: =IF(OR(ISBLANK(F59),ISBLANK(G59)),"", COUNTIFS('Mk หลังแก้'!U:U,I59,'Mk หลังแก้'!Q:Q,H59,'Mk หลังแก้'!V:V,J59)) | L59: =SUMIFS('mk 001 10.3'!X:X,'mk 001 10.3'!V:V,J59,'mk 001 10.3'!Q:Q,H59) -> 0 | N59: =IF(O59,0,M59) -> 0 | O59: FALSE | P59: FALSE | Q59: =IFERROR(N59/K59,"")
B60: {=IFERROR(INDEX( _xlfn.TEXTSPLIT(SUBSTITUTE(A60,"เหลือ","")," "),1),"")} | C60: {=IFERROR(INDEX( _xlfn.TEXTSPLIT(SUBSTITUTE(A60,"เหลือ","")," "),2),"")} | D60: {=IFERROR(INDEX( _xlfn.TEXTSPLIT(SUBSTITUTE(A60,"เหลือ","")," "),3),"")} | H60: =IF(ISBLANK(G60),"",IFERROR(VLOOKUP(G60,Master!$K$1:$L$100,2,0),"ไม่พบข้อมูล")) | I60: =IF(ISBLANK(F60),"",_xlfn.XLOOKUP(J60,Master!E:E,Master!D:D,"ไม่พบข้อมูล")) | J60: {=IF(ISBLANK(F60),"",_xlfn.XLOOKUP(TRUE,'Master แปลงคำ'!A:A=F60, 'Master แปลงคำ'!B:B, "ไม่พบข้อมูล"))} | K60: =IF(OR(ISBLANK(F60),ISBLANK(G60)),"", COUNTIFS('Mk หลังแก้'!U:U,I60,'Mk หลังแก้'!Q:Q,H60,'Mk หลังแก้'!V:V,J60)) | L60: =SUMIFS('mk 001 10.3'!X:X,'mk 001 10.3'!V:V,J60,'mk 001 10.3'!Q:Q,H60) -> 0 | N60: =IF(O60,0,M60) -> 0 | O60: FALSE | P60: FALSE | Q60: =IFERROR(N60/K60,"")
B61: {=IFERROR(INDEX( _xlfn.TEXTSPLIT(SUBSTITUTE(A61,"เหลือ","")," "),1),"")} | C61: {=IFERROR(INDEX( _xlfn.TEXTSPLIT(SUBSTITUTE(A61,"เหลือ","")," "),2),"")} | D61: {=IFERROR(INDEX( _xlfn.TEXTSPLIT(SUBSTITUTE(A61,"เหลือ","")," "),3),"")} | H61: =IF(ISBLANK(G61),"",IFERROR(VLOOKUP(G61,Master!$K$1:$L$100,2,0),"ไม่พบข้อมูล")) | I61: =IF(ISBLANK(F61),"",_xlfn.XLOOKUP(J61,Master!E:E,Master!D:D,"ไม่พบข้อมูล")) | J61: {=IF(ISBLANK(F61),"",_xlfn.XLOOKUP(TRUE,'Master แปลงคำ'!A:A=F61, 'Master แปลงคำ'!B:B, "ไม่พบข้อมูล"))} | K61: =IF(OR(ISBLANK(F61),ISBLANK(G61)),"", COUNTIFS('Mk หลังแก้'!U:U,I61,'Mk หลังแก้'!Q:Q,H61,'Mk หลังแก้'!V:V,J61)) | L61: =SUMIFS('mk 001 10.3'!X:X,'mk 001 10.3'!V:V,J61,'mk 001 10.3'!Q:Q,H61) -> 0 | N61: =IF(O61,0,M61) -> 0 | O61: FALSE | P61: FALSE | Q61: =IFERROR(N61/K61,"")
... B200: {=IFERROR(INDEX( _xlfn.TEXTSPLIT(SUBSTITUTE(A200,"เหลือ","")," "),1),"")} | C200: {=IFERROR(INDEX( _xlfn.TEXTSPLIT(SUBSTITUTE(A200,"เหลือ","")," "),2),"")} | D200: {=IFERROR(INDEX( _xlfn.TEXTSPLIT(SUBSTITUTE(A200,"เหลือ","")," "),3),"")} | H200: =IF(ISBLANK(G200),"",IFERROR(VLOOKUP(G200,Master!$K$1:$L$100,2,0),"ไม่พบข้อมูล")) | I200: =IF(ISBLANK(F200),"",_xlfn.XLOOKUP(J200,Master!E:E,Master!D:D,"ไม่พบข้อมูล")) | J200: {=IF(ISBLANK(F200),"",_xlfn.XLOOKUP(TRUE,'Master แปลงคำ'!A:A=F200, 'Master แปลงคำ'!B:B, "ไม่พบข้อมูล"))} | K200: =IF(OR(ISBLANK(F200),ISBLANK(G200)),"", COUNTIFS('Mk หลังแก้'!U:U,I200,'Mk หลังแก้'!Q:Q,H200,'Mk หลังแก้'!V:V,J200)) | L200: =SUMIFS('mk 001 10.3'!X:X,'mk 001 10.3'!V:V,J200,'mk 001 10.3'!Q:Q,H200) -> 0 | N200: =IF(O200,0,M200) -> 0 | O200: FALSE | P200: FALSE | Q200: =IFERROR(N200/K200,"")

Sheet เพิ่ม SO
A1: ='mk 001 10.3'!A3 -> 0 | B1: ='mk 001 10.3'!B3 -> 0 | C1: ='mk 001 10.3'!C3 -> 14/5/2569 | D1: ='mk 001 10.3'!D3 -> 14/5/2569 | E1: ='mk 001 10.3'!E3 -> 0 | F1: ='mk 001 10.3'!F3 -> 489M | G1: ='mk 001 10.3'!G3 -> Modern Trade (Makro) | H1: ='mk 001 10.3'!H3 -> 0 | ... M1: ='mk 001 10.3'!M3 -> 0 | Q1: =IF(แปลงข้อมูล!P2,แปลงข้อมูล!H2,"") | R1: ='mk 001 10.3'!R3 -> 244566 | S1: ='mk 001 10.3'!S3 -> 14/5/2569 | U1: =IF(แปลงข้อมูล!P2,แปลงข้อมูล!I2,"") | V1: =IF(แปลงข้อมูล!P2,แปลงข้อมูล!J2,"") | Y1: =_xlfn.XLOOKUP(V1,'mk 001 10.3'!V:V,'mk 001 10.3'!Y:Y,"") | Z1: =IF(แปลงข้อมูล!P2,แปลงข้อมูล!N2,"") | BL1: ='mk 001 10.3'!BL3 -> SYSBATCH | BM1: ='mk 001 10.3'!BM3 -> 0 | BN1: ='mk 001 10.3'!BN3 -> 0
A2: ='mk 001 10.3'!A4 -> 0 | B2: ='mk 001 10.3'!B4 -> 0 | C2: ='mk 001 10.3'!C4 -> 14/5/2569 | D2: ='mk 001 10.3'!D4 -> 14/5/2569 | E2: ='mk 001 10.3'!E4 -> 0 | F2: ='mk 001 10.3'!F4 -> 489M | G2: ='mk 001 10.3'!G4 -> Modern Trade (Makro) | H2: ='mk 001 10.3'!H4 -> 0 | ... M2: ='mk 001 10.3'!M4 -> 0 | Q2: =IF(แปลงข้อมูล!P3,แปลงข้อมูล!H3,"") | R2: ='mk 001 10.3'!R4 -> 244566 | S2: ='mk 001 10.3'!S4 -> 14/5/2569 | U2: =IF(แปลงข้อมูล!P3,แปลงข้อมูล!I3,"") | V2: =IF(แปลงข้อมูล!P3,แปลงข้อมูล!J3,"") | Y2: =_xlfn.XLOOKUP(V2,'mk 001 10.3'!V:V,'mk 001 10.3'!Y:Y,"") | Z2: =IF(แปลงข้อมูล!P3,แปลงข้อมูล!N3,"") | BL2: ='mk 001 10.3'!BL4 -> SYSBATCH | BM2: ='mk 001 10.3'!BM4 -> 0 | BN2: ='mk 001 10.3'!BN4 -> 0
A3: ='mk 001 10.3'!A5 -> 0 | B3: ='mk 001 10.3'!B5 -> 0 | C3: ='mk 001 10.3'!C5 -> 14/5/2569 | D3: ='mk 001 10.3'!D5 -> 14/5/2569 | E3: ='mk 001 10.3'!E5 -> 0 | F3: ='mk 001 10.3'!F5 -> 489M | G3: ='mk 001 10.3'!G5 -> Modern Trade (Makro) | H3: ='mk 001 10.3'!H5 -> 0 | ... M3: ='mk 001 10.3'!M5 -> 0 | Q3: =IF(แปลงข้อมูล!P4,แปลงข้อมูล!H4,"") | R3: ='mk 001 10.3'!R5 -> 244566 | S3: ='mk 001 10.3'!S5 -> 14/5/2569 | U3: =IF(แปลงข้อมูล!P4,แปลงข้อมูล!I4,"") | V3: =IF(แปลงข้อมูล!P4,แปลงข้อมูล!J4,"") | Y3: =_xlfn.XLOOKUP(V3,'mk 001 10.3'!V:V,'mk 001 10.3'!Y:Y,"") | Z3: =IF(แปลงข้อมูล!P4,แปลงข้อมูล!N4,"") | BL3: ='mk 001 10.3'!BL5 -> SYSBATCH | BM3: ='mk 001 10.3'!BM5 -> 0 | BN3: ='mk 001 10.3'!BN5 -> 0
A4: ='mk 001 10.3'!A6 -> 0 | B4: ='mk 001 10.3'!B6 -> 0 | C4: ='mk 001 10.3'!C6 -> 14/5/2569 | D4: ='mk 001 10.3'!D6 -> 14/5/2569 | E4: ='mk 001 10.3'!E6 -> 0 | F4: ='mk 001 10.3'!F6 -> 489M | G4: ='mk 001 10.3'!G6 -> Modern Trade (Makro) | H4: ='mk 001 10.3'!H6 -> 0 | ... M4: ='mk 001 10.3'!M6 -> 0 | Q4: =IF(แปลงข้อมูล!P5,แปลงข้อมูล!H5,"") | R4: ='mk 001 10.3'!R6 -> 244566 | S4: ='mk 001 10.3'!S6 -> 14/5/2569 | U4: =IF(แปลงข้อมูล!P5,แปลงข้อมูล!I5,"") | V4: =IF(แปลงข้อมูล!P5,แปลงข้อมูล!J5,"") | Y4: =_xlfn.XLOOKUP(V4,'mk 001 10.3'!V:V,'mk 001 10.3'!Y:Y,"") | Z4: =IF(แปลงข้อมูล!P5,แปลงข้อมูล!N5,"") | BL4: ='mk 001 10.3'!BL6 -> SYSBATCH | BM4: ='mk 001 10.3'!BM6 -> 0 | BN4: ='mk 001 10.3'!BN6 -> 0
A5: ='mk 001 10.3'!A7 -> 0 | B5: ='mk 001 10.3'!B7 -> 0 | C5: ='mk 001 10.3'!C7 -> 14/5/2569 | D5: ='mk 001 10.3'!D7 -> 14/5/2569 | E5: ='mk 001 10.3'!E7 -> 0 | F5: ='mk 001 10.3'!F7 -> 489M | G5: ='mk 001 10.3'!G7 -> Modern Trade (Makro) | H5: ='mk 001 10.3'!H7 -> 0 | ... M5: ='mk 001 10.3'!M7 -> 0 | Q5: =IF(แปลงข้อมูล!P6,แปลงข้อมูล!H6,"") | R5: ='mk 001 10.3'!R7 -> 244566 | S5: ='mk 001 10.3'!S7 -> 14/5/2569 | U5: =IF(แปลงข้อมูล!P6,แปลงข้อมูล!I6,"") | V5: =IF(แปลงข้อมูล!P6,แปลงข้อมูล!J6,"") | Y5: =_xlfn.XLOOKUP(V5,'mk 001 10.3'!V:V,'mk 001 10.3'!Y:Y,"") | Z5: =IF(แปลงข้อมูล!P6,แปลงข้อมูล!N6,"") | BL5: ='mk 001 10.3'!BL7 -> SYSBATCH | BM5: ='mk 001 10.3'!BM7 -> 0 | BN5: ='mk 001 10.3'!BN7 -> 0
A6: ='mk 001 10.3'!A8 -> 0 | B6: ='mk 001 10.3'!B8 -> 0 | C6: ='mk 001 10.3'!C8 -> 14/5/2569 | D6: ='mk 001 10.3'!D8 -> 14/5/2569 | E6: ='mk 001 10.3'!E8 -> 0 | F6: ='mk 001 10.3'!F8 -> 489M | G6: ='mk 001 10.3'!G8 -> Modern Trade (Makro) | H6: ='mk 001 10.3'!H8 -> 0 | ... M6: ='mk 001 10.3'!M8 -> 0 | Q6: =IF(แปลงข้อมูล!P7,แปลงข้อมูล!H7,"") | R6: ='mk 001 10.3'!R8 -> 244566 | S6: ='mk 001 10.3'!S8 -> 14/5/2569 | U6: =IF(แปลงข้อมูล!P7,แปลงข้อมูล!I7,"") | V6: =IF(แปลงข้อมูล!P7,แปลงข้อมูล!J7,"") | Y6: =_xlfn.XLOOKUP(V6,'mk 001 10.3'!V:V,'mk 001 10.3'!Y:Y,"") | Z6: =IF(แปลงข้อมูล!P7,แปลงข้อมูล!N7,"") | BL6: ='mk 001 10.3'!BL8 -> SYSBATCH | BM6: ='mk 001 10.3'!BM8 -> 0 | BN6: ='mk 001 10.3'!BN8 -> 0
A7: ='mk 001 10.3'!A9 -> 0 | B7: ='mk 001 10.3'!B9 -> 0 | C7: ='mk 001 10.3'!C9 -> 14/5/2569 | D7: ='mk 001 10.3'!D9 -> 14/5/2569 | E7: ='mk 001 10.3'!E9 -> 0 | F7: ='mk 001 10.3'!F9 -> 489M | G7: ='mk 001 10.3'!G9 -> Modern Trade (Makro) | H7: ='mk 001 10.3'!H9 -> 0 | ... M7: ='mk 001 10.3'!M9 -> 0 | Q7: =IF(แปลงข้อมูล!P8,แปลงข้อมูล!H8,"") | R7: ='mk 001 10.3'!R9 -> 244566 | S7: ='mk 001 10.3'!S9 -> 14/5/2569 | U7: =IF(แปลงข้อมูล!P8,แปลงข้อมูล!I8,"") | V7: =IF(แปลงข้อมูล!P8,แปลงข้อมูล!J8,"") | Y7: =_xlfn.XLOOKUP(V7,'mk 001 10.3'!V:V,'mk 001 10.3'!Y:Y,"") | Z7: =IF(แปลงข้อมูล!P8,แปลงข้อมูล!N8,"") | BL7: ='mk 001 10.3'!BL9 -> SYSBATCH | BM7: ='mk 001 10.3'!BM9 -> 0 | BN7: ='mk 001 10.3'!BN9 -> 0
A8: ='mk 001 10.3'!A10 -> 0 | B8: ='mk 001 10.3'!B10 -> 0 | C8: ='mk 001 10.3'!C10 -> 14/5/2569 | D8: ='mk 001 10.3'!D10 -> 14/5/2569 | E8: ='mk 001 10.3'!E10 -> 0 | F8: ='mk 001 10.3'!F10 -> 489M | G8: ='mk 001 10.3'!G10 -> Modern Trade (Makro) | H8: ='mk 001 10.3'!H10 -> 0 | ... M8: ='mk 001 10.3'!M10 -> 0 | Q8: =IF(แปลงข้อมูล!P9,แปลงข้อมูล!H9,"") | R8: ='mk 001 10.3'!R10 -> 244566 | S8: ='mk 001 10.3'!S10 -> 14/5/2569 | U8: =IF(แปลงข้อมูล!P9,แปลงข้อมูล!I9,"") | V8: =IF(แปลงข้อมูล!P9,แปลงข้อมูล!J9,"") | Y8: =_xlfn.XLOOKUP(V8,'mk 001 10.3'!V:V,'mk 001 10.3'!Y:Y,"") | Z8: =IF(แปลงข้อมูล!P9,แปลงข้อมูล!N9,"") | BL8: ='mk 001 10.3'!BL10 -> SYSBATCH | BM8: ='mk 001 10.3'!BM10 -> 0 | BN8: ='mk 001 10.3'!BN10 -> 0
A9: ='mk 001 10.3'!A11 -> 0 | B9: ='mk 001 10.3'!B11 -> 0 | C9: ='mk 001 10.3'!C11 -> 14/5/2569 | D9: ='mk 001 10.3'!D11 -> 14/5/2569 | E9: ='mk 001 10.3'!E11 -> 0 | F9: ='mk 001 10.3'!F11 -> 489M | G9: ='mk 001 10.3'!G11 -> Modern Trade (Makro) | H9: ='mk 001 10.3'!H11 -> 0 | ... M9: ='mk 001 10.3'!M11 -> 0 | Q9: =IF(แปลงข้อมูล!P10,แปลงข้อมูล!H10,"") | R9: ='mk 001 10.3'!R11 -> 244566 | S9: ='mk 001 10.3'!S11 -> 14/5/2569 | U9: =IF(แปลงข้อมูล!P10,แปลงข้อมูล!I10,"") | V9: =IF(แปลงข้อมูล!P10,แปลงข้อมูล!J10,"") | Y9: =_xlfn.XLOOKUP(V9,'mk 001 10.3'!V:V,'mk 001 10.3'!Y:Y,"") | Z9: =IF(แปลงข้อมูล!P10,แปลงข้อมูล!N10,"") | BL9: ='mk 001 10.3'!BL11 -> SYSBATCH | BM9: ='mk 001 10.3'!BM11 -> 0 | BN9: ='mk 001 10.3'!BN11 -> 0
A10: ='mk 001 10.3'!A12 -> 0 | B10: ='mk 001 10.3'!B12 -> 0 | C10: ='mk 001 10.3'!C12 -> 14/5/2569 | D10: ='mk 001 10.3'!D12 -> 14/5/2569 | E10: ='mk 001 10.3'!E12 -> 0 | F10: ='mk 001 10.3'!F12 -> 489M | G10: ='mk 001 10.3'!G12 -> Modern Trade (Makro) | H10: ='mk 001 10.3'!H12 -> 0 | ... M10: ='mk 001 10.3'!M12 -> 0 | Q10: =IF(แปลงข้อมูล!P11,แปลงข้อมูล!H11,"") | R10: ='mk 001 10.3'!R12 -> 244566 | S10: ='mk 001 10.3'!S12 -> 14/5/2569 | U10: =IF(แปลงข้อมูล!P11,แปลงข้อมูล!I11,"") | V10: =IF(แปลงข้อมูล!P11,แปลงข้อมูล!J11,"") | Y10: =_xlfn.XLOOKUP(V10,'mk 001 10.3'!V:V,'mk 001 10.3'!Y:Y,"") | Z10: =IF(แปลงข้อมูล!P11,แปลงข้อมูล!N11,"") | BL10: ='mk 001 10.3'!BL12 -> SYSBATCH | BM10: ='mk 001 10.3'!BM12 -> 0 | BN10: ='mk 001 10.3'!BN12 -> 0
A11: ='mk 001 10.3'!A13 -> 0 | B11: ='mk 001 10.3'!B13 -> 0 | C11: ='mk 001 10.3'!C13 -> 14/5/2569 | D11: ='mk 001 10.3'!D13 -> 14/5/2569 | E11: ='mk 001 10.3'!E13 -> 0 | F11: ='mk 001 10.3'!F13 -> 489M | G11: ='mk 001 10.3'!G13 -> Modern Trade (Makro) | H11: ='mk 001 10.3'!H13 -> 0 | ... M11: ='mk 001 10.3'!M13 -> 0 | Q11: =IF(แปลงข้อมูล!P12,แปลงข้อมูล!H12,"") | R11: ='mk 001 10.3'!R13 -> 244566 | S11: ='mk 001 10.3'!S13 -> 14/5/2569 | U11: =IF(แปลงข้อมูล!P12,แปลงข้อมูล!I12,"") | V11: =IF(แปลงข้อมูล!P12,แปลงข้อมูล!J12,"") | Y11: =_xlfn.XLOOKUP(V11,'mk 001 10.3'!V:V,'mk 001 10.3'!Y:Y,"") | Z11: =IF(แปลงข้อมูล!P12,แปลงข้อมูล!N12,"") | BL11: ='mk 001 10.3'!BL13 -> SYSBATCH | BM11: ='mk 001 10.3'!BM13 -> 0 | BN11: ='mk 001 10.3'!BN13 -> 0
A12: ='mk 001 10.3'!A14 -> 0 | B12: ='mk 001 10.3'!B14 -> 0 | C12: ='mk 001 10.3'!C14 -> 14/5/2569 | D12: ='mk 001 10.3'!D14 -> 14/5/2569 | E12: ='mk 001 10.3'!E14 -> 0 | F12: ='mk 001 10.3'!F14 -> 489M | G12: ='mk 001 10.3'!G14 -> Modern Trade (Makro) | H12: ='mk 001 10.3'!H14 -> 0 | ... M12: ='mk 001 10.3'!M14 -> 0 | Q12: =IF(แปลงข้อมูล!P13,แปลงข้อมูล!H13,"") | R12: ='mk 001 10.3'!R14 -> 244566 | S12: ='mk 001 10.3'!S14 -> 14/5/2569 | U12: =IF(แปลงข้อมูล!P13,แปลงข้อมูล!I13,"") | V12: =IF(แปลงข้อมูล!P13,แปลงข้อมูล!J13,"") | Y12: =_xlfn.XLOOKUP(V12,'mk 001 10.3'!V:V,'mk 001 10.3'!Y:Y,"") | Z12: =IF(แปลงข้อมูล!P13,แปลงข้อมูล!N13,"") | BL12: ='mk 001 10.3'!BL14 -> SYSBATCH | BM12: ='mk 001 10.3'!BM14 -> 0 | BN12: ='mk 001 10.3'!BN14 -> 0
... A200: ='mk 001 10.3'!A202 -> 0 | B200: ='mk 001 10.3'!B202 -> 0 | C200: ='mk 001 10.3'!C202 -> 14/5/2569 | D200: ='mk 001 10.3'!D202 -> 14/5/2569 | E200: ='mk 001 10.3'!E202 -> 0 | F200: ='mk 001 10.3'!F202 -> 489M | G200: ='mk 001 10.3'!G202 -> Modern Trade (Makro) | H200: ='mk 001 10.3'!H202 -> 0 | ... M200: ='mk 001 10.3'!M202 -> 0 | Q200: =IF(แปลงข้อมูล!P201,แปลงข้อมูล!H201,"") | R200: ='mk 001 10.3'!R202 -> 244658 | S200: ='mk 001 10.3'!S202 -> 14/5/2569 | U200: =IF(แปลงข้อมูล!P201,แปลงข้อมูล!I201,"") | V200: =IF(แปลงข้อมูล!P201,แปลงข้อมูล!J201,"") | Y200: =_xlfn.XLOOKUP(V200,'mk 001 10.3'!V:V,'mk 001 10.3'!Y:Y,"") | Z200: =IF(แปลงข้อมูล!P201,แปลงข้อมูล!N201,"") | BL200: ='mk 001 10.3'!BL202 -> SYSBATCH | BM200: ='mk 001 10.3'!BM202 -> 0 | BN200: ='mk 001 10.3'!BN202 -> 0

Sheet Master แปลงคำ
A1: คำหมือน | B1: Master | D1: เซพแพ็ค สะโพกหมู กก.ละ
A2: กระดูกข้อ | B2: กระดูกข้อ(คาตั๊ง) (M) | D2: เซพแพ็ค สันคอหมู กก.ละ
A3: คาตั๊ง | B3: กระดูกข้อ(คาตั๊ง) (M) | D3: เซพแพ็ค สันนอกหมู กก. ละ
A4: กระดูกซุป | B4: กระดูกซุป (M)
A5: กระดูกซุปหมู | B5: กระดูกซุป (M) | D5: เซพแพ็ค สามชั้นหมู กก.ละ
A6: กระดูกซุบ | B6: กระดูกซุป (M) | D6: เซพแพ็ค หัวไหล่หมู กก.ละ
A7: เล้ง | B7: กระดูกซุป (M)
A8: กระดูกซุปติดเนื้อพิเศษ | B8: กระดูกซุปติดเนื้อพิเศษ(M)
A9: กระดูกซุปติดเนื้อ | B9: กระดูกซุปติดเนื้อพิเศษ(M)
A10: กระดูกซุปติดเนื้อพิเศษแพ็คถาด | B10: กระดูกซุปติดเนื้อพิเศษแพ็คถาด กก.ละ
A11: กระดูกซุปหมู แพ็คถาด กก. ละ | B11: กระดูกซุปหมู แพ็คถาด กก. ละ
A12: กระดูกอ | B12: กระดูกอก(M)
A13: กระดูกอก | B13: กระดูกอก(M)
A14: กระดูกอ่อน | B14: กระดูกอ่อน(M)
A15: กระดูกอ่อนใบพาย แพ็คถาด กก.ละ | B15: กระดูกอ่อนใบพาย แพ็คถาด กก.ละ
A16: กระเพาะลวก | B16: กระเพาะลวก (M)
A17: กะเพาะลวก | B17: กระเพาะลวก (M)
A18: กระเพาะหมูลวก | B18: กระเพาะลวก (M)
... A284: ไหล่หมูตัดแต่ง แพ็ค กก.ละ | B284: ไหล่หมูตัดแต่ง แพ็ค กก.ละ

Sheet Master
A1: CustomerForPlan2 | B1: ProductForPlan8 | C1: ProductForPlan10 | D1: ProductCode | E1: ProductNameTha | F1: Step | G1: สายพาน | K1: เลขสาขา | L1: ชื่อสาขา | N1: สายพาน
A2: Makro | B2: By Product | C2: กลุ่มเครื่องในชุด | D2: 23088112 | E2: เครื่องในหมูรวมหั่นชิ้น (M) | F2: Step2 | G2: เครื่องใน | K2: 38 | L2: MAKRO 0038 สระบุรี | N2: ไหล่พิเศษ
A3: Makro | B3: By Product | C3: กลุ่มเลือดหมู | D3: 23062107 | E3: เลือดก้อน(M) | F3: Step2 | G3: ต้มเลือด | K3: 47 | L3: MAKRO 0047 ลพบุรี | N3: ไหล่
A4: Makro | B4: By Product | C4: กลุ่มเลือดหมู | D4: 23084674 | E4: เลือดหมูก้อนปรุงรสพาสเจอร์ไรซ์400กรัม-C | F4: Step2 | G4: ต้มเลือด | K4: 51 | L4: MAKRO 0051 อยุธยา | N4: สามชั้นพิเศษ
A5: Makro | B5: By Product | C5: กลุ่มเศษมัน | D5: 23000206 | E5: ชิ้นมันคอ | F5: Step2 | G5: ไหล่ | K5: 54 | L5: MAKRO 0054 คลองหลวง | N5: สามชั้น
A6: Makro | B6: By Product | C6: กลุ่มไต | D6: 23058586 | E6: ไต (M) | F6: Step1 | G6: เครื่องใน | K6: 82 | L6: MAKRO 0082 นครนายก | N6: สะโพกพิเศษ
A7: Makro | B7: By Product | C7: กลุ่มไต | D7: 23110617 | E7: เซ่งจี้หมู (ไตหมู) แพ็คถาด กก.ละ | F7: Step2 | G7: เครื่องใน | K7: 83 | L7: MAKRO 0083 นครอินทร์ | N7: สะโพก
A8: Makro | B8: By Product | C8: กลุ่มไส้ใหญ่ | D8: 23058590 | E8: ไส้ใหญ่(ลวก) (M) | F8: Step3 | G8: ลวก | K8: 96 | L8: MAKRO 0096 ทาวน์ อิน ทาวน์ | N8: สไลด์
A9: Makro | B9: By Product | C9: กลุ่มไส้ใหญ่ | D9: 23110621 | E9: ไส้ใหญ่หมู แพ็คถาด กก.ละ | F9: Step2 | G9: เครื่องใน | K9: 114 | L9: MAKRO 0114 สิงห์บุรี | N9: เลาะขา
A10: Makro | B10: By Product | C10: กลุ่มไส้ขม | D10: 23066875 | E10: ไส้ขม(M) | F10: Step2 | G10: เครื่องใน | K10: 164 | L10: MAKRO 0164 สาขาชัยนาท | N10: ลวก
A11: Makro | B11: By Product | C11: กลุ่มไส้ตัน | D11: 23062105 | E11: ไส้ตันลวก(M) | F11: Step3 | G11: ลวก | N11: เผาขา
A12: Makro | B12: By Product | C12: กลุ่มไส้ตัน | D12: 23093507 | E12: ไส้ตันหมู กก.ละ | F12: Step3 | G12: เครื่องใน | N12: บด
A13: Makro | B13: By Product | C13: กลุ่มไส้อ่อน | D13: 23058589 | E13: ไส้อ่อน (M) | F13: Step2 | G13: เครื่องใน | N13: ต้มเลือด
A14: Makro | B14: By Product | C14: กลุ่มไส้อ่อน | D14: 23110620 | E14: ไส้อ่อนหมู แพ็คถาด กก.ละ | F14: Step2 | G14: เครื่องใน | N14: เครื่องใน
A15: Makro | B15: By Product | C15: กลุ่มกระเพาะ | D15: 23058556 | E15: กระเพาะลวก (M) | F15: Step3 | G15: ลวก
A16: Makro | B16: By Product | C16: กลุ่มกระเพาะ | D16: 23062103 | E16: กระเพาะหมู(M) | F16: Step1 | G16: เครื่องใน
A17: Makro | B17: By Product | C17: กลุ่มกระเพาะ | D17: 23110615 | E17: กระเพาะหมูลวก แพ็คถาด กก.ละ | F17: Step3 | G17: ลวก
A18: Makro | B18: By Product | C18: กลุ่มกระดูกใบพาย | D18: 23110612 | E18: กระดูกอ่อนใบพาย แพ็คถาด กก.ละ | F18: Step2 | G18: ไหล่
A19: Makro | B19: By Product | C19: กลุ่มกระดูกข้อ | D19: 23058591 | E19: กระดูกข้อ(คาตั๊ง) (M) | F19: Step2 | G19: ไหล่
A20: Makro | B20: By Product | C20: กลุ่มกระดูกซุป | D20: 23058555 | E20: กระดูกซุป (M) | F20: Step2 | G20: สามชั้น
A21: Makro | B21: By Product | C21: กลุ่มกระดูกซุป | D21: 23068390 | E21: กระดูกซุปติดเนื้อพิเศษ(M) | F21: Step2 | G21: สามชั้น
A22: Makro | B22: By Product | C22: กลุ่มกระดูกซุป | D22: 23073188 | E22: กระดูกอก(M) | F22: Step2 | G22: ไหล่
A23: Makro | B23: By Product | C23: กลุ่มกระดูกซุป | D23: 23110577 | E23: กระดูกซุปหมู แพ็คถาด กก. ละ | F23: Step2 | G23: สามชั้น
A24: Makro | B24: By Product | C24: กลุ่มกระดูกซุป | D24: 23110578 | E24: กระดูกซุปติดเนื้อพิเศษแพ็คถาด กก.ละ | F24: Step2 | G24: สามชั้น
A25: Makro | B25: By Product | C25: กลุ่มกระดูกอ่อน | D25: 23066879 | E25: กระดูกอ่อน(M) | F25: Step2 | G25: ไหล่
A26: Makro | B26: By Product | C26: กลุ่มขั้วตับ | D26: 23058585 | E26: ขั้วตับ (M) | F26: Step2 | G26: เครื่องใน
... A57: Makro | B57: By Product | C57: กลุ่มหัวใจ | D57: 23110580 | E57: หัวใจหมู แพ็คถาด กก.ละ | F57: Step2 | G57: เครื่องใน
A58: Makro | B58: By Product | C58: กลุ่มหัวหมู | D58: 23023991 | E58: หัวติดลิ้น size M | G58: เชือด
A59: Makro | B59: By Product | C59: กลุ่มหางหมู | D59: 23062101 | E59: หางหมูเผา(M) | F59: Step3 | G59: เผาขา
A60: Makro | B60: Main Product | C60: กลุ่มเนื้อไหล่ | D60: 23057809 | E60: เนื้อไหล่(M) | F60: Step2 | G60: ไหล่
A61: Makro | B61: Main Product | C61: กลุ่มเนื้อไหล่ | D61: 23086658 | E61: เนื้อไหล่ติดหนังสไลด์ | F61: Step3 | G61: ไหล่พิเศษ
A62: Makro | B62: Main Product | C62: กลุ่มเนื้อไหล่ | D62: 23088036 | E62: เนื้อไหล่หมูติดหนังหั่นชิ้น(M) | F62: Step3 | G62: ไหล่พิเศษ
A63: Makro | B63: Main Product | C63: กลุ่มเนื้อไหล่ | D63: 23097784 | E63: เนื้อไหล่หมูตัดชิ้น 1 กก. (M) | F63: Step3 | G63: ไหล่พิเศษ
A64: Makro | B64: Main Product | C64: กลุ่มเนื้อไหล่ | D64: 23105751 | E64: เซพแพ็ค หัวไหล่หมู กก.ละ | F64: Step2 | G64: ไหล่
A65: Makro | B65: Main Product | C65: กลุ่มเนื้อไหล่ | D65: 23108712 | E65: ไหล่หมูตัดแต่ง แพ็ค กก.ละ | F65: Step3 | G65: ไหล่พิเศษ
A66: Makro | B66: Main Product | C66: กลุ่มเนื้อไหล่ | D66: 23110583 | E66: หัวไหล่ตัดชิ้น แพ็คถาด กก.ละ | F66: Step3 | G66: ไหล่พิเศษ
A67: Makro | B67: Main Product | C67: กลุ่มเนื้อไหล่ | D67: 23110589 | E67: เนื้อหมูหั่นแกง แพ็คถาด 1 กก. | F67: Step3 | G67: สะโพกพิเศษ
A68: Makro | B68: Main Product | C68: กลุ่มเนื้อไหล่ | D68: 23110608 | E68: หัวไหล่หมู เเพ็ค กก.ละ | F68: Step3 | G68: ไหล่พิเศษ
A69: Makro | B69: Main Product | C69: กลุ่มเนื้อไหล่ | D69: 23111029 | E69: เนื้อหมูหั่นแกง แพ็คถาด 500 กรัม | F69: Step3 | G69: สะโพกพิเศษ
A70: Makro | B70: Main Product | C70: กลุ่มเนื้อสะโพก | D70: 23000130 | E70: สะโพกติดหนัง | F70: Step3 | G70: สะโพกพิเศษ
... A171: Makro | B171: Main Product | C171: กลุ่มหมูบด | D171: 23111037 | E171: หมูบด ผสมมัน 10% แพ็คถาด 500 กรัม | F171: Step3 | G171: บด
A172: Makro | B172: Ready To Eat | C172: กลุ่มมันเปลว | D172: 23083450 | E172: น้ำมันหมู (ตรา ซีพี) | G172: โอน
D173: 23110630 | E173: ชุดหมูรวม (บด/หั่นแกง) 900 กรัม | G173: บด
D174: 23110631 | E174: ชุดหมูสไลซ์รวม 1500 กรัม | G174: สไลด์
D175: 23110623 | E175: หน้ากากหมูหั่นชิ้น แพ็คถาด 500 กรัม | G175: เผาขา
D176: 23110624 | E176: เครื่องในหมูรวม แพ็คถาด 500 กรัม | G176: เครื่องใน
D177: 23088111 | E177: หน้ากากหมูหั่นชิ้น(M) | G177: เผาขา
D178: 23074624 | E178: เนื้อไหล่หมูตัดชิ้น (M) | F178: Step3 | G178: ไหล่
D179: 23074625 | E179: สะโพกหมูตัดชิ้น (M) | F179: Step3 | G179: สะโพก
D180: 23074627 | E180: สันนอกหมูตัดชิ้น (M) | F180: Step3 | G180: สามชั้น
D181: 23074626 | E181: สันคอหมูตัดชิ้น (M) | F181: Step3 | G181: ไหล่
D182: 23087679 | E182: หนังหมูรวม(M) | F182: Step2 | G182: ไหล่

Sheet SO recheck
A1: บมจ. ซีพีเอฟ โกลบอล ฟู้ด โซลูชั่น
A2: rDate1 | B2: rDate2 | C2: rRDate1 | D2: rRDate2 | E2: rRDate3 | F2: rOper_code | G2: rOper_name | H2: rSub_oper | I2: rSub_name | J2: rWarehouse | K2: rSub_warehouse | L2: rBst_code | M2: rBst_name | N2: rCv_code | O2: rCv_name | P2: rShip_to | Q2: rShip_name | R2: rDoc_date | S2: rReq_date | T2: rDoc_number | U2: rProduct_code | V2: rProduct_name | W2: rStock_qty | X2: rStock_wgt | Y2: rPlan_qty | Z2: rPlan_wgt | AA2: rDiff_stock_qty_plan | AB2: rDiff_stock_wgt_plan | AC2: rAllocate_stock_qty | AD2: rAllocate_stock_wgt | AE2: rDiff_stock_qty | AF2: rDiff_stock_wgt | AG2: rPlan_byquota_qty | AH2: rPlan_byquota_wgt | AI2: rBreak | AJ2: rEntry_type | AK2: rProduct_group_code1 | AL2: rProduct_group_code2 | AM2: rProduct_group_dim1 | AN2: rCv_channel | AO2: rCV_FLAG1 | AP2: rCV_FLAG2 | AQ2: rCV_FLAG3 | AR2: rCV_FLAG4 | AS2: rCV_FLAG5 | AT2: rOwner_so | AU2: rCreate_date_so | AV2: rUm_stock_qty | AW2: rUm_stock_wgt | AX2: rArea | AY2: nShow_area | AZ2: rModel | BA2: rPO_no | BB2: rDO_no | BC2: rINV_no | BD2: rDoc_issue | BE2: rPlant_code | BF2: rAllocate_remark | BG2: rVendor_code | BH2: rStatus | BI2: rStock_qty_pur | BJ2: rStock_wgt_pur | BK2: rCut_off_time | BL2: rOwner_create | BM2: rCo_load | BN2: rLicense_plate
C3: 244626 | D3: 244626 | F3: 489M | G3: Modern Trade (Makro) | H3: 0 | I3: หน่วยงานกลาง | J3: F213 DMCW-รชล-พระพุทธบาท | K3: 00000 หน่วยงานกลาง | L3: 923 | N3: 1A53005200 | O3: บมจ. ซีพี แอ็กซ์ตร้า สาขาอยุธยา | P3: 2 | Q3: MAKRO 0051 อยุธยา | R3: 31/03/2569 | S3: 244626 | T3: H6954RMA0038591 | U3: 23097795 | V3: สันนอกหมูสไลซ์ 1 กก (M) | W3: 10 | X3: 10 | Y3: 10 | Z3: 10 | AA3: 0 | AB3: 0 | AC3: 0 | AD3: 0 | AE3: 10 | AF3: 10 | AI3: OPRCD489MOPRCD00000OPRCDF213OPRCD00000OPRCD923 | AJ3: ซื้อ / ขาย | AK3: Main proudct | AL3: Bulk Normal | AM3: สุกร | AN3: OT002 CC-Makro | AO3: MT | AP3: 2 | AT3: สุภาวดี มีแทน | AU3: 2026-03-31-11.01.27.000000 | AV3: แพ็ค | AW3: ก.ก. | AY3: 0 | AZ3: N | BA3: 9045088524599 | BD3: 1 | BG3: 1333314600 | BH3: G | BI3: 10 | BJ3: 10 | BK3: 1300 | BL3: SYSBATCH
C4: 244626 | D4: 244626 | F4: 489M | G4: Modern Trade (Makro) | H4: 0 | I4: หน่วยงานกลาง | J4: F213 DMCW-รชล-พระพุทธบาท | K4: 00000 หน่วยงานกลาง | L4: 923 | N4: 1A53005200 | O4: บมจ. ซีพี แอ็กซ์ตร้า สาขาอยุธยา | P4: 2 | Q4: MAKRO 0051 อยุธยา | R4: 31/03/2569 | S4: 244626 | T4: H6954RMA0038591 | U4: 23097787 | V4: ตับหมูสไลซ์ 1 กก. (M) | W4: 0 | X4: 0 | Y4: 0 | Z4: 0 | AA4: 0 | AB4: 0 | AC4: 0 | AD4: 0 | AE4: 0 | AF4: 0 | AI4: OPRCD489MOPRCD00000OPRCDF213OPRCD00000OPRCD923 | AJ4: ซื้อ / ขาย | AK4: By proudct | AL4: Bulk Normal | AM4: สุกร | AN4: OT002 CC-Makro | AO4: MT | AP4: 2 | AT4: สุภาวดี มีแทน | AU4: 2026-03-31-11.01.27.000000 | AV4: แพ็ค | AW4: ก.ก. | AY4: 0 | AZ4: N | BA4: 9045088524599 | BD4: 1 | BG4: 1333314600 | BH4: G | BI4: 0 | BJ4: 0 | BK4: 1300 | BL4: SYSBATCH
C5: 244626 | D5: 244626 | F5: 489M | G5: Modern Trade (Makro) | H5: 0 | I5: หน่วยงานกลาง | J5: F213 DMCW-รชล-พระพุทธบาท | K5: 00000 หน่วยงานกลาง | L5: 923 | N5: 1A53005200 | O5: บมจ. ซีพี แอ็กซ์ตร้า สาขาอยุธยา | P5: 2 | Q5: MAKRO 0051 อยุธยา | R5: 31/03/2569 | S5: 244626 | T5: H6954RMA0038591 | U5: 23097791 | V5: สันในหมู 1 กก. (M) | W5: 0 | X5: 0 | Y5: 0 | Z5: 0 | AA5: 0 | AB5: 0 | AC5: 0 | AD5: 0 | AE5: 0 | AF5: 0 | AI5: OPRCD489MOPRCD00000OPRCDF213OPRCD00000OPRCD923 | AJ5: ซื้อ / ขาย | AK5: Main proudct | AL5: Bulk Normal | AM5: สุกร | AN5: OT002 CC-Makro | AO5: MT | AP5: 2 | AT5: สุภาวดี มีแทน | AU5: 2026-03-31-11.01.27.000000 | AV5: แพ็ค | AW5: ก.ก. | AY5: 0 | AZ5: N | BA5: 9045088524599 | BD5: 1 | BG5: 1333314600 | BH5: G | BI5: 0 | BJ5: 0 | BK5: 1300 | BL5: SYSBATCH
C6: 244626 | D6: 244626 | F6: 489M | G6: Modern Trade (Makro) | H6: 0 | I6: หน่วยงานกลาง | J6: F213 DMCW-รชล-พระพุทธบาท | K6: 00000 หน่วยงานกลาง | L6: 923 | N6: 1A53005200 | O6: บมจ. ซีพี แอ็กซ์ตร้า สาขาอยุธยา | P6: 2 | Q6: MAKRO 0051 อยุธยา | R6: 31/03/2569 | S6: 244626 | T6: H6954RMA0038591 | U6: 23097796 | V6: สามชั้นหมูตัดเส้น 1 กก. (M) | W6: 0 | X6: 0 | Y6: 0 | Z6: 0 | AA6: 0 | AB6: 0 | AC6: 0 | AD6: 0 | AE6: 0 | AF6: 0 | AI6: OPRCD489MOPRCD00000OPRCDF213OPRCD00000OPRCD923 | AJ6: ซื้อ / ขาย | AK6: Main proudct | AL6: Bulk Normal | AM6: สุกร | AN6: OT002 CC-Makro | AO6: MT | AP6: 2 | AT6: สุภาวดี มีแทน | AU6: 2026-03-31-11.01.27.000000 | AV6: แพ็ค | AW6: ก.ก. | AY6: 0 | AZ6: N | BA6: 9045088524599 | BD6: 1 | BG6: 1333314600 | BH6: G | BI6: 0 | BJ6: 0 | BK6: 1300 | BL6: SYSBATCH
C7: 244626 | D7: 244626 | F7: 489M | G7: Modern Trade (Makro) | H7: 0 | I7: หน่วยงานกลาง | J7: F213 DMCW-รชล-พระพุทธบาท | K7: 00000 หน่วยงานกลาง | L7: 923 | N7: 1A53005200 | O7: บมจ. ซีพี แอ็กซ์ตร้า สาขาอยุธยา | P7: 2 | Q7: MAKRO 0051 อยุธยา | R7: 31/03/2569 | S7: 244626 | T7: H6954RMA0038591 | U7: 23097785 | V7: ซี่โครงหมูตัดเส้น 1 กก. (M) | W7: 0 | X7: 0 | Y7: 0 | Z7: 0 | AA7: 0 | AB7: 0 | AC7: 0 | AD7: 0 | AE7: 0 | AF7: 0 | AI7: OPRCD489MOPRCD00000OPRCDF213OPRCD00000OPRCD923 | AJ7: ซื้อ / ขาย | AK7: Main proudct | AL7: Bulk Normal | AM7: สุกร | AN7: OT002 CC-Makro | AO7: MT | AP7: 2 | AT7: สุภาวดี มีแทน | AU7: 2026-03-31-11.01.27.000000 | AV7: แพ็ค | AW7: ก.ก. | AY7: 0 | AZ7: N | BA7: 9045088524599 | BD7: 1 | BG7: 1333314600 | BH7: G | BI7: 0 | BJ7: 0 | BK7: 1300 | BL7: SYSBATCH
C8: 244626 | D8: 244626 | F8: 489M | G8: Modern Trade (Makro) | H8: 0 | I8: หน่วยงานกลาง | J8: F213 DMCW-รชล-พระพุทธบาท | K8: 00000 หน่วยงานกลาง | L8: 923 | N8: 1A53005200 | O8: บมจ. ซีพี แอ็กซ์ตร้า สาขาอยุธยา | P8: 2 | Q8: MAKRO 0051 อยุธยา | R8: 31/03/2569 | S8: 244626 | T8: H6954RMA0038591 | U8: 23097790 | V8: สะโพกหมูสไลซ์ 1 กก. (M) | W8: 10 | X8: 10 | Y8: 10 | Z8: 10 | AA8: 0 | AB8: 0 | AC8: 0 | AD8: 0 | AE8: 10 | AF8: 10 | AI8: OPRCD489MOPRCD00000OPRCDF213OPRCD00000OPRCD923 | AJ8: ซื้อ / ขาย | AK8: Main proudct | AL8: Bulk Normal | AM8: สุกร | AN8: OT002 CC-Makro | AO8: MT | AP8: 2 | AT8: สุภาวดี มีแทน | AU8: 2026-03-31-11.01.27.000000 | AV8: แพ็ค | AW8: ก.ก. | AY8: 0 | AZ8: N | BA8: 9045088524599 | BD8: 1 | BG8: 1333314600 | BH8: G | BI8: 10 | BJ8: 10 | BK8: 1300 | BL8: SYSBATCH
C9: 244626 | D9: 244626 | F9: 489M | G9: Modern Trade (Makro) | H9: 0 | I9: หน่วยงานกลาง | J9: F213 DMCW-รชล-พระพุทธบาท | K9: 00000 หน่วยงานกลาง | L9: 923 | N9: 1A53005200 | O9: บมจ. ซีพี แอ็กซ์ตร้า สาขาอยุธยา | P9: 2 | Q9: MAKRO 0051 อยุธยา | R9: 31/03/2569 | S9: 244626 | T9: H6954RMA0038591 | U9: 23097794 | V9: สันนอกหมูตัดชิ้น1 กก. (M) | W9: 0 | X9: 0 | Y9: 0 | Z9: 0 | AA9: 0 | AB9: 0 | AC9: 0 | AD9: 0 | AE9: 0 | AF9: 0 | AI9: OPRCD489MOPRCD00000OPRCDF213OPRCD00000OPRCD923 | AJ9: ซื้อ / ขาย | AK9: Main proudct | AL9: Bulk Normal | AM9: สุกร | AN9: OT002 CC-Makro | AO9: MT | AP9: 2 | AT9: สุภาวดี มีแทน | AU9: 2026-03-31-11.01.27.000000 | AV9: แพ็ค | AW9: ก.ก. | AY9: 0 | AZ9: N | BA9: 9045088524599 | BD9: 1 | BG9: 1333314600 | BH9: G | BI9: 0 | BJ9: 0 | BK9: 1300 | BL9: SYSBATCH
C10: 244626 | D10: 244626 | F10: 489M | G10: Modern Trade (Makro) | H10: 0 | I10: หน่วยงานกลาง | J10: F213 DMCW-รชล-พระพุทธบาท | K10: 00000 หน่วยงานกลาง | L10: 923 | N10: 1A53005200 | O10: บมจ. ซีพี แอ็กซ์ตร้า สาขาอยุธยา | P10: 2 | Q10: MAKRO 0051 อยุธยา | R10: 31/03/2569 | S10: 244626 | T10: H6954RMA0038591 | U10: 23025326 | V10: หมูบดอนามัยซีพี-W1000กรัม | W10: 0 | X10: 0 | Y10: 0 | Z10: 0 | AA10: 0 | AB10: 0 | AC10: 0 | AD10: 0 | AE10: 0 | AF10: 0 | AI10: OPRCD489MOPRCD00000OPRCDF213OPRCD00000OPRCD923 | AJ10: ซื้อ / ขาย | AK10: Main proudct | AL10: Wrap | AM10: สุกร | AN10: OT002 CC-Makro | AO10: MT | AP10: 2 | AT10: สุภาวดี มีแทน | AU10: 2026-03-31-11.01.27.000000 | AV10: ถาด | AW10: ก.ก. | AY10: 0 | AZ10: N | BA10: 9045088524599 | BD10: 1 | BG10: 1333314600 | BH10: G | BI10: 0 | BJ10: 0 | BK10: 1300 | BL10: SYSBATCH
C11: 244626 | D11: 244626 | F11: 489M | G11: Modern Trade (Makro) | H11: 0 | I11: หน่วยงานกลาง | J11: F213 DMCW-รชล-พระพุทธบาท | K11: 00000 หน่วยงานกลาง | L11: 923 | N11: 1A53005200 | O11: บมจ. ซีพี แอ็กซ์ตร้า สาขาอยุธยา | P11: 2 | Q11: MAKRO 0051 อยุธยา | R11: 31/03/2569 | S11: 244626 | T11: H6954RMA0038591 | U11: 23074622 | V11: ซี่โครงหมูหั่นชิ้น 2 นิ้ว (M) | W11: 0 | X11: 0 | Y11: 0 | Z11: 0 | AA11: 0 | AB11: 0 | AC11: 0 | AD11: 0 | AE11: 0 | AF11: 0 | AI11: OPRCD489MOPRCD00000OPRCDF213OPRCD00000OPRCD923 | AJ11: ซื้อ / ขาย | AK11: Main proudct | AL11: Bulk Normal | AM11: สุกร | AN11: OT002 CC-Makro | AO11: MT | AP11: 2 | AT11: สุภาวดี มีแทน | AU11: 2026-03-31-11.01.27.000000 | AV11: ก.ก. | AW11: ก.ก. | AY11: 0 | AZ11: N | BA11: 9045088524599 | BD11: 1 | BG11: 1333314600 | BH11: G | BI11: 0 | BJ11: 0 | BK11: 1300 | BL11: SYSBATCH
C12: 244626 | D12: 244626 | F12: 489M | G12: Modern Trade (Makro) | H12: 0 | I12: หน่วยงานกลาง | J12: F213 DMCW-รชล-พระพุทธบาท | K12: 00000 หน่วยงานกลาง | L12: 923 | N12: 1A53005200 | O12: บมจ. ซีพี แอ็กซ์ตร้า สาขาอยุธยา | P12: 2 | Q12: MAKRO 0051 อยุธยา | R12: 31/03/2569 | S12: 244626 | T12: H6954RMA0038591 | U12: 23111028 | V12: หมูบด ผสมมัน 30% แพ็คถาด 500 กรัม | W12: 0 | X12: 0 | Y12: 0 | Z12: 0 | AA12: 0 | AB12: 0 | AC12: 0 | AD12: 0 | AE12: 0 | AF12: 0 | AI12: OPRCD489MOPRCD00000OPRCDF213OPRCD00000OPRCD923 | AJ12: ซื้อ / ขาย | AK12: Main proudct | AL12: Seal Pack | AM12: สุกร | AN12: OT002 CC-Makro | AO12: MT | AP12: 2 | AT12: สุภาวดี มีแทน | AU12: 2026-03-31-11.01.27.000000 | AV12: แพ็ค | AW12: ก.ก. | AY12: 0 | AZ12: N | BA12: 9045088524599 | BD12: 1 | BG12: 1333314600 | BH12: G | BI12: 0 | BJ12: 0 | BK12: 1300 | BL12: SYSBATCH
C13: 244626 | D13: 244626 | F13: 489M | G13: Modern Trade (Makro) | H13: 0 | I13: หน่วยงานกลาง | J13: F213 DMCW-รชล-พระพุทธบาท | K13: 00000 หน่วยงานกลาง | L13: 923 | N13: 1A53005200 | O13: บมจ. ซีพี แอ็กซ์ตร้า สาขาอยุธยา | P13: 2 | Q13: MAKRO 0051 อยุธยา | R13: 31/03/2569 | S13: 244626 | T13: H6954RMA0038591 | U13: 23111034 | V13: สันคอหมูสดสไลซ์ แพ็คถาด 500 กรัม | W13: 0 | X13: 0 | Y13: 0 | Z13: 0 | AA13: 0 | AB13: 0 | AC13: 0 | AD13: 0 | AE13: 0 | AF13: 0 | AI13: OPRCD489MOPRCD00000OPRCDF213OPRCD00000OPRCD923 | AJ13: ซื้อ / ขาย | AK13: Main proudct | AL13: Seal Pack | AM13: สุกร | AN13: OT002 CC-Makro | AO13: MT | AP13: 2 | AT13: สุภาวดี มีแทน | AU13: 2026-03-31-11.01.27.000000 | AV13: แพ็ค | AW13: ก.ก. | AY13: 0 | AZ13: N | BA13: 9045088524599 | BD13: 1 | BG13: 1333314600 | BH13: G | BI13: 0 | BJ13: 0 | BK13: 1300 | BL13: SYSBATCH
C14: 244626 | D14: 244626 | F14: 489M | G14: Modern Trade (Makro) | H14: 0 | I14: หน่วยงานกลาง | J14: F213 DMCW-รชล-พระพุทธบาท | K14: 00000 หน่วยงานกลาง | L14: 923 | N14: 1A53005200 | O14: บมจ. ซีพี แอ็กซ์ตร้า สาขาอยุธยา | P14: 2 | Q14: MAKRO 0051 อยุธยา | R14: 31/03/2569 | S14: 244626 | T14: H6954RMA0038591 | U14: 23111036 | V14: สะโพกหมูสไลซ์ แพ็คถาด 500 กรัม | W14: 0 | X14: 0 | Y14: 0 | Z14: 0 | AA14: 0 | AB14: 0 | AC14: 0 | AD14: 0 | AE14: 0 | AF14: 0 | AI14: OPRCD489MOPRCD00000OPRCDF213OPRCD00000OPRCD923 | AJ14: ซื้อ / ขาย | AK14: Main proudct | AL14: Seal Pack | AM14: สุกร | AN14: OT002 CC-Makro | AO14: MT | AP14: 2 | AT14: สุภาวดี มีแทน | AU14: 2026-03-31-11.01.27.000000 | AV14: แพ็ค | AW14: ก.ก. | AY14: 0 | AZ14: N | BA14: 9045088524599 | BD14: 1 | BG14: 1333314600 | BH14: G | BI14: 0 | BJ14: 0 | BK14: 1300 | BL14: SYSBATCH
... C28: 244626 | D28: 244626 | F28: 489M | G28: Modern Trade (Makro) | H28: 0 | I28: หน่วยงานกลาง | J28: F213 DMCW-รชล-พระพุทธบาท | K28: 00000 หน่วยงานกลาง | L28: 923 | N28: 1A53005200 | O28: บมจ. ซีพี แอ็กซ์ตร้า สาขาอยุธยา | P28: 2 | Q28: MAKRO 0051 อยุธยา | R28: 31/03/2569 | S28: 244626 | T28: H6954RMA0038591 | U28: 23097788 | V28: ตับหมู 1 กก. (M) | W28: 0 | X28: 0 | Y28: 0 | Z28: 0 | AA28: 0 | AB28: 0 | AC28: 0 | AD28: 0 | AE28: 0 | AF28: 0 | AI28: OPRCD489MOPRCD00000OPRCDF213OPRCD00000OPRCD923 | AJ28: ซื้อ / ขาย | AK28: By proudct | AL28: Bulk Normal | AM28: สุกร | AN28: OT002 CC-Makro | AO28: MT | AP28: 2 | AT28: สุภาวดี มีแทน | AU28: 2026-03-31-11.01.27.000000 | AV28: แพ็ค | AW28: ก.ก. | AY28: 0 | AZ28: N | BA28: 9045088524599 | BD28: 1 | BG28: 1333314600 | BH28: G | BI28: 0 | BJ28: 0 | BK28: 1300 | BL28: SYSBATCH
C29: 244626 | D29: 244626 | F29: 489M | G29: Modern Trade (Makro) | H29: 0 | I29: หน่วยงานกลาง | J29: F213 DMCW-รชล-พระพุทธบาท | K29: 00000 หน่วยงานกลาง | L29: 923 | N29: 1A53008400 | O29: บมจ. ซีพี แอ็กซ์ตร้า สาขานครอินทร์ | P29: 2 | Q29: MAKRO 0083 นครอินทร์ | R29: 244412 | S29: 244626 | T29: H6954RMA0040495 | U29: 23109357 | V29: สะโพกหมูชีวา (ตรา ยูฟาร์ม) 400 กรัม | W29: 2 | X29: 0.8 | Y29: 2 | Z29: 0.8 | AA29: 0 | AB29: 0 | AC29: 0 | AD29: 0 | AE29: 2 | AF29: 0.8 | AI29: OPRCD489MOPRCD00000OPRCDF213OPRCD00000OPRCD923 | AJ29: ซื้อ / ขาย | AK29: Main proudct | AL29: Seal Pack | AM29: สุกร | AN29: OT002 CC-Makro | AO29: MT | AP29: 2 | AT29: System Batch | AU29: 2026-04-03-16.41.57.000000 | AV29: แพ็ค | AW29: ก.ก. | AY29: 0 | AZ29: N | BA29: 9045088637538 | BD29: 1 | BG29: 1333314600 | BH29: G | BI29: 2 | BJ29: 0.8 | BK29: 1300 | BL29: SYSBATCH
C30: 244626 | D30: 244626 | F30: 489M | G30: Modern Trade (Makro) | H30: 0 | I30: หน่วยงานกลาง | J30: F213 DMCW-รชล-พระพุทธบาท | K30: 00000 หน่วยงานกลาง | L30: 923 | N30: 1A53008400 | O30: บมจ. ซีพี แอ็กซ์ตร้า สาขานครอินทร์ | P30: 2 | Q30: MAKRO 0083 นครอินทร์ | R30: 244412 | S30: 244626 | T30: H6954RMA0040495 | U30: 23097788 | V30: ตับหมู 1 กก. (M) | W30: 2 | X30: 2 | Y30: 2 | Z30: 2 | AA30: 0 | AB30: 0 | AC30: 0 | AD30: 0 | AE30: 2 | AF30: 2 | AI30: OPRCD489MOPRCD00000OPRCDF213OPRCD00000OPRCD923 | AJ30: ซื้อ / ขาย | AK30: By proudct | AL30: Bulk Normal | AM30: สุกร | AN30: OT002 CC-Makro | AO30: MT | AP30: 2 | AT30: System Batch | AU30: 2026-04-03-16.41.57.000000 | AV30: แพ็ค | AW30: ก.ก. | AY30: 0 | AZ30: N | BA30: 9045088637538 | BD30: 1 | BG30: 1333314600 | BH30: G | BI30: 2 | BJ30: 2 | BK30: 1300 | BL30: SYSBATCH
C31: 244626 | D31: 244626 | F31: 489M | G31: Modern Trade (Makro) | H31: 0 | I31: หน่วยงานกลาง | J31: F213 DMCW-รชล-พระพุทธบาท | K31: 00000 หน่วยงานกลาง | L31: 923 | N31: 1A53008400 | O31: บมจ. ซีพี แอ็กซ์ตร้า สาขานครอินทร์ | P31: 2 | Q31: MAKRO 0083 นครอินทร์ | R31: 244412 | S31: 244626 | T31: H6954RMA0040495 | U31: 23109359 | V31: หมูชีวาบด (ตรา ยูฟาร์ม) 400 กรัม | W31: 12 | X31: 4.8 | Y31: 12 | Z31: 4.8 | AA31: 0 | AB31: 0 | AC31: 0 | AD31: 0 | AE31: 12 | AF31: 4.8 | AI31: OPRCD489MOPRCD00000OPRCDF213OPRCD00000OPRCD923 | AJ31: ซื้อ / ขาย | AK31: Main proudct | AL31: Seal Pack | AM31: สุกร | AN31: OT002 CC-Makro | AO31: MT | AP31: 2 | AT31: System Batch | AU31: 2026-04-03-16.41.57.000000 | AV31: แพ็ค | AW31: ก.ก. | AY31: 0 | AZ31: N | BA31: 9045088637538 | BD31: 1 | BG31: 1333314600 | BH31: G | BI31: 12 | BJ31: 4.8 | BK31: 1300 | BL31: SYSBATCH
C32: 244626 | D32: 244626 | F32: 489M | G32: Modern Trade (Makro) | H32: 0 | I32: หน่วยงานกลาง | J32: F213 DMCW-รชล-พระพุทธบาท | K32: 00000 หน่วยงานกลาง | L32: 923 | N32: 1A53008400 | O32: บมจ. ซีพี แอ็กซ์ตร้า สาขานครอินทร์ | P32: 2 | Q32: MAKRO 0083 นครอินทร์ | R32: 244412 | S32: 244626 | T32: H6954RMA0040495 | U32: 23097787 | V32: ตับหมูสไลซ์ 1 กก. (M) | W32: 2 | X32: 2 | Y32: 2 | Z32: 2 | AA32: 0 | AB32: 0 | AC32: 0 | AD32: 0 | AE32: 2 | AF32: 2 | AI32: OPRCD489MOPRCD00000OPRCDF213OPRCD00000OPRCD923 | AJ32: ซื้อ / ขาย | AK32: By proudct | AL32: Bulk Normal | AM32: สุกร | AN32: OT002 CC-Makro | AO32: MT | AP32: 2 | AT32: System Batch | AU32: 2026-04-03-16.41.57.000000 | AV32: แพ็ค | AW32: ก.ก. | AY32: 0 | AZ32: N | BA32: 9045088637538 | BD32: 1 | BG32: 1333314600 | BH32: G | BI32: 2 | BJ32: 2 | BK32: 1300 | BL32: SYSBATCH
C33: 244626 | D33: 244626 | F33: 489M | G33: Modern Trade (Makro) | H33: 0 | I33: หน่วยงานกลาง | J33: F213 DMCW-รชล-พระพุทธบาท | K33: 00000 หน่วยงานกลาง | L33: 923 | N33: 1A53008400 | O33: บมจ. ซีพี แอ็กซ์ตร้า สาขานครอินทร์ | P33: 2 | Q33: MAKRO 0083 นครอินทร์ | R33: 244412 | S33: 244626 | T33: H6954RMA0040495 | U33: 23097796 | V33: สามชั้นหมูตัดเส้น 1 กก. (M) | W33: 2 | X33: 2 | Y33: 2 | Z33: 2 | AA33: 0 | AB33: 0 | AC33: 0 | AD33: 0 | AE33: 2 | AF33: 2 | AI33: OPRCD489MOPRCD00000OPRCDF213OPRCD00000OPRCD923 | AJ33: ซื้อ / ขาย | AK33: Main proudct | AL33: Bulk Normal | AM33: สุกร | AN33: OT002 CC-Makro | AO33: MT | AP33: 2 | AT33: System Batch | AU33: 2026-04-03-16.41.57.000000 | AV33: แพ็ค | AW33: ก.ก. | AY33: 0 | AZ33: N | BA33: 9045088637538 | BD33: 1 | BG33: 1333314600 | BH33: G | BI33: 2 | BJ33: 2 | BK33: 1300 | BL33: SYSBATCH
C34: 244626 | D34: 244626 | F34: 489M | G34: Modern Trade (Makro) | H34: 0 | I34: หน่วยงานกลาง | J34: F213 DMCW-รชล-พระพุทธบาท | K34: 00000 หน่วยงานกลาง | L34: 923 | N34: 1A53008400 | O34: บมจ. ซีพี แอ็กซ์ตร้า สาขานครอินทร์ | P34: 2 | Q34: MAKRO 0083 นครอินทร์ | R34: 244412 | S34: 244626 | T34: H6954RMA0040495 | U34: 23109358 | V34: สามชั้นหมูชีวา (ตรา ยูฟาร์ม) 400 กรัม | W34: 4 | X34: 1.6 | Y34: 4 | Z34: 1.6 | AA34: 0 | AB34: 0 | AC34: 0 | AD34: 0 | AE34: 4 | AF34: 1.6 | AI34: OPRCD489MOPRCD00000OPRCDF213OPRCD00000OPRCD923 | AJ34: ซื้อ / ขาย | AK34: Main proudct | AL34: Seal Pack | AM34: สุกร | AN34: OT002 CC-Makro | AO34: MT | AP34: 2 | AT34: System Batch | AU34: 2026-04-03-16.41.57.000000 | AV34: แพ็ค | AW34: ก.ก. | AY34: 0 | AZ34: N | BA34: 9045088637538 | BD34: 1 | BG34: 1333314600 | BH34: G | BI34: 4 | BJ34: 1.6 | BK34: 1300 | BL34: SYSBATCH
C35: 244626 | D35: 244626 | F35: 489M | G35: Modern Trade (Makro) | H35: 0 | I35: หน่วยงานกลาง | J35: F213 DMCW-รชล-พระพุทธบาท | K35: 00000 หน่วยงานกลาง | L35: 923 | N35: 1A53008400 | O35: บมจ. ซีพี แอ็กซ์ตร้า สาขานครอินทร์ | P35: 2 | Q35: MAKRO 0083 นครอินทร์ | R35: 244412 | S35: 244626 | T35: H6954RMA0040495 | U35: 23109352 | V35: สันนอกหมูชีวาสไลซ์(ตรา ยูฟาร์ม) 250 กรัม | W35: 12 | X35: 3 | Y35: 12 | Z35: 3 | AA35: 0 | AB35: 0 | AC35: 0 | AD35: 0 | AE35: 12 | AF35: 3 | AI35: OPRCD489MOPRCD00000OPRCDF213OPRCD00000OPRCD923 | AJ35: ซื้อ / ขาย | AK35: Main proudct | AL35: Seal Pack | AM35: สุกร | AN35: OT002 CC-Makro | AO35: MT | AP35: 2 | AT35: System Batch | AU35: 2026-04-03-16.41.57.000000 | AV35: แพ็ค | AW35: ก.ก. | AY35: 0 | AZ35: N | BA35: 9045088637538 | BD35: 1 | BG35: 1333314600 | BH35: G | BI35: 12 | BJ35: 3 | BK35: 1300 | BL35: SYSBATCH
C36: 244626 | D36: 244626 | F36: 489M | G36: Modern Trade (Makro) | H36: 0 | I36: หน่วยงานกลาง | J36: F213 DMCW-รชล-พระพุทธบาท | K36: 00000 หน่วยงานกลาง | L36: 923 | N36: 1A53008400 | O36: บมจ. ซีพี แอ็กซ์ตร้า สาขานครอินทร์ | P36: 2 | Q36: MAKRO 0083 นครอินทร์ | R36: 244412 | S36: 244626 | T36: H6954RMA0040495 | U36: 23097793 | V36: สันคอหมูสไลซ์ 1 กก. (M) | W36: 15 | X36: 15 | Y36: 15 | Z36: 15 | AA36: 0 | AB36: 0 | AC36: 0 | AD36: 0 | AE36: 15 | AF36: 15 | AI36: OPRCD489MOPRCD00000OPRCDF213OPRCD00000OPRCD923 | AJ36: ซื้อ / ขาย | AK36: Main proudct | AL36: Bulk Normal | AM36: สุกร | AN36: OT002 CC-Makro | AO36: MT | AP36: 2 | AT36: System Batch | AU36: 2026-04-03-16.41.57.000000 | AV36: แพ็ค | AW36: ก.ก. | AY36: 0 | AZ36: N | BA36: 9045088637538 | BD36: 1 | BG36: 1333314600 | BH36: G | BI36: 15 | BJ36: 15 | BK36: 1300 | BL36: SYSBATCH
C37: 244626 | D37: 244626 | F37: 489M | G37: Modern Trade (Makro) | H37: 0 | I37: หน่วยงานกลาง | J37: F213 DMCW-รชล-พระพุทธบาท | K37: 00000 หน่วยงานกลาง | L37: 923 | N37: 1A53008400 | O37: บมจ. ซีพี แอ็กซ์ตร้า สาขานครอินทร์ | P37: 2 | Q37: MAKRO 0083 นครอินทร์ | R37: 244412 | S37: 244626 | T37: H6954RMA0040495 | U37: 23109351 | V37: สามชั้นหมูชีวาสไลซ์(ตรา ยูฟาร์ม)250 กรัม | W37: 12 | X37: 3 | Y37: 12 | Z37: 3 | AA37: 0 | AB37: 0 | AC37: 0 | AD37: 0 | AE37: 12 | AF37: 3 | AI37: OPRCD489MOPRCD00000OPRCDF213OPRCD00000OPRCD923 | AJ37: ซื้อ / ขาย | AK37: Main proudct | AL37: Seal Pack | AM37: สุกร | AN37: OT002 CC-Makro | AO37: MT | AP37: 2 | AT37: System Batch | AU37: 2026-04-03-16.41.57.000000 | AV37: แพ็ค | AW37: ก.ก. | AY37: 0 | AZ37: N | BA37: 9045088637538 | BD37: 1 | BG37: 1333314600 | BH37: G | BI37: 12 | BJ37: 3 | BK37: 1300 | BL37: SYSBATCH
C38: 244626 | D38: 244626 | F38: 489M | G38: Modern Trade (Makro) | H38: 0 | I38: หน่วยงานกลาง | J38: F213 DMCW-รชล-พระพุทธบาท | K38: 00000 หน่วยงานกลาง | L38: 923 | N38: 1A53008400 | O38: บมจ. ซีพี แอ็กซ์ตร้า สาขานครอินทร์ | P38: 2 | Q38: MAKRO 0083 นครอินทร์ | R38: 244412 | S38: 244626 | T38: H6954RMA0040495 | U38: 23109353 | V38: สันคอหมูชีวาสไลซ์(ตรา ยูฟาร์ม) 250 กรัม | W38: 12 | X38: 3 | Y38: 12 | Z38: 3 | AA38: 0 | AB38: 0 | AC38: 0 | AD38: 0 | AE38: 12 | AF38: 3 | AI38: OPRCD489MOPRCD00000OPRCDF213OPRCD00000OPRCD923 | AJ38: ซื้อ / ขาย | AK38: Main proudct | AL38: Seal Pack | AM38: สุกร | AN38: OT002 CC-Makro | AO38: MT | AP38: 2 | AT38: System Batch | AU38: 2026-04-03-16.41.57.000000 | AV38: แพ็ค | AW38: ก.ก. | AY38: 0 | AZ38: N | BA38: 9045088637538 | BD38: 1 | BG38: 1333314600 | BH38: G | BI38: 12 | BJ38: 3 | BK38: 1300 | BL38: SYSBATCH
C39: 244626 | D39: 244626 | F39: 489M | G39: Modern Trade (Makro) | H39: 0 | I39: หน่วยงานกลาง | J39: F213 DMCW-รชล-พระพุทธบาท | K39: 00000 หน่วยงานกลาง | L39: 923 | N39: 1A53008400 | O39: บมจ. ซีพี แอ็กซ์ตร้า สาขานครอินทร์ | P39: 2 | Q39: MAKRO 0083 นครอินทร์ | R39: 244412 | S39: 244626 | T39: H6954RMA0040495 | U39: 23097790 | V39: สะโพกหมูสไลซ์ 1 กก. (M) | W39: 15 | X39: 15 | Y39: 15 | Z39: 15 | AA39: 0 | AB39: 0 | AC39: 0 | AD39: 0 | AE39: 15 | AF39: 15 | AI39: OPRCD489MOPRCD00000OPRCDF213OPRCD00000OPRCD923 | AJ39: ซื้อ / ขาย | AK39: Main proudct | AL39: Bulk Normal | AM39: สุกร | AN39: OT002 CC-Makro | AO39: MT | AP39: 2 | AT39: System Batch | AU39: 2026-04-03-16.41.57.000000 | AV39: แพ็ค | AW39: ก.ก. | AY39: 0 | AZ39: N | BA39: 9045088637538 | BD39: 1 | BG39: 1333314600 | BH39: G | BI39: 15 | BJ39: 15 | BK39: 1300 | BL39: SYSBATCH
C40: 244626 | D40: 244626 | F40: 489M | G40: Modern Trade (Makro) | H40: 0 | I40: หน่วยงานกลาง | J40: F213 DMCW-รชล-พระพุทธบาท | K40: 00000 หน่วยงานกลาง | L40: 923 | N40: 1A53008400 | O40: บมจ. ซีพี แอ็กซ์ตร้า สาขานครอินทร์ | P40: 2 | Q40: MAKRO 0083 นครอินทร์ | R40: 244412 | S40: 244626 | T40: H6954RMA0040495 | U40: 23097794 | V40: สันนอกหมูตัดชิ้น1 กก. (M) | W40: 2 | X40: 2 | Y40: 2 | Z40: 2 | AA40: 0 | AB40: 0 | AC40: 0 | AD40: 0 | AE40: 2 | AF40: 2 | AI40: OPRCD489MOPRCD00000OPRCDF213OPRCD00000OPRCD923 | AJ40: ซื้อ / ขาย | AK40: Main proudct | AL40: Bulk Normal | AM40: สุกร | AN40: OT002 CC-Makro | AO40: MT | AP40: 2 | AT40: System Batch | AU40: 2026-04-03-16.41.57.000000 | AV40: แพ็ค | AW40: ก.ก. | AY40: 0 | AZ40: N | BA40: 9045088637538 | BD40: 1 | BG40: 1333314600 | BH40: G | BI40: 2 | BJ40: 2 | BK40: 1300 | BL40: SYSBATCH
... C50: 244626 | D50: 244626 | F50: 489M | G50: Modern Trade (Makro) | H50: 0 | I50: หน่วยงานกลาง | J50: F213 DMCW-รชล-พระพุทธบาท | K50: 00000 หน่วยงานกลาง | L50: 923 | N50: 1A53010800 | O50: บมจ. ซีพี แอ็กซ์ตร้า สาขาสิงห์บุรี | P50: 2 | Q50: MAKRO 0114 สิงห์บุรี | R50: 244412 | S50: 244626 | T50: H6954RMA0040655 | U50: 23084674 | V50: เลือดหมูก้อนปรุงรสพาสเจอร์ไรซ์400กรัม-C | W50: 14 | X50: 5.6 | Y50: 14 | Z50: 5.6 | AA50: 0 | AB50: 0 | AC50: 0 | AD50: 0 | AE50: 14 | AF50: 5.6 | AI50: OPRCD489MOPRCD00000OPRCDF213OPRCD00000OPRCD923 | AJ50: ซื้อ / ขาย | AK50: By proudct | AL50: Wrap | AM50: สุกร | AN50: OT002 CC-Makro | AO50: MT | AP50: 2 | AT50: System Batch | AU50: 2026-04-03-17.21.51.000000 | AV50: ถาด | AW50: ก.ก. | AY50: 0 | AZ50: N | BA50: 9045088641348 | BD50: 1 | BG50: 1333314600 | BH50: G | BI50: 14 | BJ50: 5.6 | BK50: 1300 | BL50: SYSBATCH
C51: 244626 | D51: 244626 | F51: 489M | G51: Modern Trade (Makro) | H51: 0 | I51: หน่วยงานกลาง | J51: F213 DMCW-รชล-พระพุทธบาท | K51: 00000 หน่วยงานกลาง | L51: 923 | N51: 1A53017200 | O51: บมจ. ซีพี แอ็กซ์ตร้า สาขาชัยนาท | P51: 2 | Q51: MAKRO 0164 สาขาชัยนาท | R51: 244412 | S51: 244626 | T51: H6954RMA0040800 | U51: 23084674 | V51: เลือดหมูก้อนปรุงรสพาสเจอร์ไรซ์400กรัม-C | W51: 14 | X51: 5.6 | Y51: 14 | Z51: 5.6 | AA51: 0 | AB51: 0 | AC51: 0 | AD51: 0 | AE51: 14 | AF51: 5.6 | AI51: OPRCD489MOPRCD00000OPRCDF213OPRCD00000OPRCD923 | AJ51: ซื้อ / ขาย | AK51: By proudct | AL51: Wrap | AM51: สุกร | AN51: MT2001 SUPER MK.-Makro | AO51: MT | AP51: 20 | AQ51: 1 | AT51: System Batch | AU51: 2026-04-03-17.21.51.000000 | AV51: ถาด | AW51: ก.ก. | AY51: 0 | AZ51: N | BA51: 9045088641497 | BD51: 1 | BG51: 1333314600 | BH51: G | BI51: 14 | BJ51: 5.6 | BL51: SYSBATCH
C52: 244626 | D52: 244626 | F52: 489M | G52: Modern Trade (Makro) | H52: 0 | I52: หน่วยงานกลาง | J52: F213 DMCW-รชล-พระพุทธบาท | K52: 00000 หน่วยงานกลาง | L52: 923 | N52: 1A53003900 | O52: บมจ. ซีพี แอ็กซ์ตร้า สาขาสระบุรี | P52: 2 | Q52: MAKRO 0038 สระบุรี | R52: 244412 | S52: 244626 | T52: H6954RMA0041012 | U52: 23065142 | V52: สันคอสไลด์ | W52: 20 | X52: 20 | Y52: 20 | Z52: 20 | AA52: 0 | AB52: 0 | AC52: 0 | AD52: 0 | AE52: 20 | AF52: 20 | AI52: OPRCD489MOPRCD00000OPRCDF213OPRCD00000OPRCD923 | AJ52: ซื้อ / ขาย | AK52: Main proudct | AL52: Bulk Normal | AM52: สุกร | AN52: OT002 CC-Makro | AO52: MT | AP52: 2 | AT52: System Batch | AU52: 2026-04-03-18.11.49.000000 | AV52: ก.ก. | AW52: ก.ก. | AY52: 0 | AZ52: N | BA52: 9044988632609 | BD52: 1 | BF52: ;0000 | BG52: 1333314600 | BH52: G | BI52: 20 | BJ52: 20 | BK52: 1300 | BL52: SYSBATCH
C53: 244626 | D53: 244626 | F53: 489M | G53: Modern Trade (Makro) | H53: 0 | I53: หน่วยงานกลาง | J53: F213 DMCW-รชล-พระพุทธบาท | K53: 00000 หน่วยงานกลาง | L53: 923 | N53: 1A53003900 | O53: บมจ. ซีพี แอ็กซ์ตร้า สาขาสระบุรี | P53: 2 | Q53: MAKRO 0038 สระบุรี | R53: 244412 | S53: 244626 | T53: H6954RMA0041012 | U53: 23062095 | V53: หน้ากากหมูเผา(M) | W53: 30 | X53: 30 | Y53: 30 | Z53: 30 | AA53: 0 | AB53: 0 | AC53: 0 | AD53: 0 | AE53: 30 | AF53: 30 | AI53: OPRCD489MOPRCD00000OPRCDF213OPRCD00000OPRCD923 | AJ53: ซื้อ / ขาย | AK53: By proudct | AL53: Bulk Normal | AM53: สุกร | AN53: OT002 CC-Makro | AO53: MT | AP53: 2 | AT53: System Batch | AU53: 2026-04-03-18.11.49.000000 | AV53: ก.ก. | AW53: ก.ก. | AY53: 0 | AZ53: N | BA53: 9044988632609 | BD53: 1 | BF53: ;0000 | BG53: 1333314600 | BH53: G | BI53: 30 | BJ53: 30 | BK53: 1300 | BL53: SYSBATCH
C54: 244626 | D54: 244626 | F54: 489M | G54: Modern Trade (Makro) | H54: 0 | I54: หน่วยงานกลาง | J54: F213 DMCW-รชล-พระพุทธบาท | K54: 00000 หน่วยงานกลาง | L54: 923 | N54: 1A53003900 | O54: บมจ. ซีพี แอ็กซ์ตร้า สาขาสระบุรี | P54: 2 | Q54: MAKRO 0038 สระบุรี | R54: 244412 | S54: 244626 | T54: H6954RMA0041012 | U54: 23108462 | V54: หมูบดปนมัน 30% แพ็ค กก.(M) | W54: 100 | X54: 100 | Y54: 100 | Z54: 100 | AA54: 0 | AB54: 0 | AC54: 0 | AD54: 0 | AE54: 100 | AF54: 100 | AI54: OPRCD489MOPRCD00000OPRCDF213OPRCD00000OPRCD923 | AJ54: ซื้อ / ขาย | AK54: Main proudct | AL54: Bulk Normal | AM54: สุกร | AN54: OT002 CC-Makro | AO54: MT | AP54: 2 | AT54: System Batch | AU54: 2026-04-03-18.11.49.000000 | AV54: ถุง | AW54: ก.ก. | AY54: 0 | AZ54: N | BA54: 9044988632609 | BD54: 1 | BF54: ;0000 | BG54: 1333314600 | BH54: G | BI54: 100 | BJ54: 100 | BK54: 1300 | BL54: SYSBATCH
C55: 244626 | D55: 244626 | F55: 489M | G55: Modern Trade (Makro) | H55: 0 | I55: หน่วยงานกลาง | J55: F213 DMCW-รชล-พระพุทธบาท | K55: 00000 หน่วยงานกลาง | L55: 923 | N55: 1A53003900 | O55: บมจ. ซีพี แอ็กซ์ตร้า สาขาสระบุรี | P55: 2 | Q55: MAKRO 0038 สระบุรี | R55: 244412 | S55: 244626 | T55: H6954RMA0041012 | U55: 23058555 | V55: กระดูกซุป (M) | W55: 50 | X55: 50 | Y55: 50 | Z55: 50 | AA55: 0 | AB55: 0 | AC55: 0 | AD55: 0 | AE55: 50 | AF55: 50 | AI55: OPRCD489MOPRCD00000OPRCDF213OPRCD00000OPRCD923 | AJ55: ซื้อ / ขาย | AK55: By proudct | AL55: Bulk Normal | AM55: สุกร | AN55: OT002 CC-Makro | AO55: MT | AP55: 2 | AT55: System Batch | AU55: 2026-04-03-18.11.49.000000 | AV55: ก.ก. | AW55: ก.ก. | AY55: 0 | AZ55: N | BA55: 9044988632609 | BD55: 1 | BF55: ;0000 | BG55: 1333314600 | BH55: G | BI55: 50 | BJ55: 50 | BK55: 1300 | BL55: SYSBATCH
C56: 244626 | D56: 244626 | F56: 489M | G56: Modern Trade (Makro) | H56: 0 | I56: หน่วยงานกลาง | J56: F213 DMCW-รชล-พระพุทธบาท | K56: 00000 หน่วยงานกลาง | L56: 923 | N56: 1A53003900 | O56: บมจ. ซีพี แอ็กซ์ตร้า สาขาสระบุรี | P56: 2 | Q56: MAKRO 0038 สระบุรี | R56: 244412 | S56: 244626 | T56: H6954RMA0041012 | U56: 23058591 | V56: กระดูกข้อ(คาตั๊ง) (M) | W56: 40 | X56: 40 | Y56: 40 | Z56: 40 | AA56: 0 | AB56: 0 | AC56: 0 | AD56: 0 | AE56: 40 | AF56: 40 | AI56: OPRCD489MOPRCD00000OPRCDF213OPRCD00000OPRCD923 | AJ56: ซื้อ / ขาย | AK56: By proudct | AL56: Bulk Normal | AM56: สุกร | AN56: OT002 CC-Makro | AO56: MT | AP56: 2 | AT56: System Batch | AU56: 2026-04-03-18.11.49.000000 | AV56: ก.ก. | AW56: ก.ก. | AY56: 0 | AZ56: N | BA56: 9044988632609 | BD56: 1 | BF56: ;0000 | BG56: 1333314600 | BH56: G | BI56: 40 | BJ56: 40 | BK56: 1300 | BL56: SYSBATCH
C57: 244626 | D57: 244626 | F57: 489M | G57: Modern Trade (Makro) | H57: 0 | I57: หน่วยงานกลาง | J57: F213 DMCW-รชล-พระพุทธบาท | K57: 00000 หน่วยงานกลาง | L57: 923 | N57: 1A53003900 | O57: บมจ. ซีพี แอ็กซ์ตร้า สาขาสระบุรี | P57: 2 | Q57: MAKRO 0038 สระบุรี | R57: 244412 | S57: 244626 | T57: H6954RMA0041012 | U57: 23057815 | V57: สันนอก(M) | W57: 200 | X57: 200 | Y57: 200 | Z57: 200 | AA57: 0 | AB57: 0 | AC57: 0 | AD57: 0 | AE57: 200 | AF57: 200 | AI57: OPRCD489MOPRCD00000OPRCDF213OPRCD00000OPRCD923 | AJ57: ซื้อ / ขาย | AK57: Main proudct | AL57: Bulk Normal | AM57: สุกร | AN57: OT002 CC-Makro | AO57: MT | AP57: 2 | AT57: System Batch | AU57: 2026-04-03-18.11.49.000000 | AV57: ก.ก. | AW57: ก.ก. | AY57: 0 | AZ57: N | BA57: 9044988632609 | BD57: 1 | BF57: ;0000 | BG57: 1333314600 | BH57: G | BI57: 200 | BJ57: 200 | BK57: 1300 | BL57: SYSBATCH
C58: 244626 | D58: 244626 | F58: 489M | G58: Modern Trade (Makro) | H58: 0 | I58: หน่วยงานกลาง | J58: F213 DMCW-รชล-พระพุทธบาท | K58: 00000 หน่วยงานกลาง | L58: 923 | N58: 1A53003900 | O58: บมจ. ซีพี แอ็กซ์ตร้า สาขาสระบุรี | P58: 2 | Q58: MAKRO 0038 สระบุรี | R58: 244412 | S58: 244626 | T58: H6954RMA0041012 | U58: 23015265 | V58: ซี่โครงหั่นชิ้น | W58: 20 | X58: 20 | Y58: 20 | Z58: 20 | AA58: 0 | AB58: 0 | AC58: 0 | AD58: 0 | AE58: 20 | AF58: 20 | AI58: OPRCD489MOPRCD00000OPRCDF213OPRCD00000OPRCD923 | AJ58: ซื้อ / ขาย | AK58: Main proudct | AL58: Bulk Normal | AM58: สุกร | AN58: OT002 CC-Makro | AO58: MT | AP58: 2 | AT58: System Batch | AU58: 2026-04-03-18.11.49.000000 | AV58: ก.ก. | AW58: ก.ก. | AY58: 0 | AZ58: N | BA58: 9044988632609 | BD58: 1 | BF58: ;0000 | BG58: 1333314600 | BH58: G | BI58: 20 | BJ58: 20 | BK58: 1300 | BL58: SYSBATCH
C59: 244626 | D59: 244626 | F59: 489M | G59: Modern Trade (Makro) | H59: 0 | I59: หน่วยงานกลาง | J59: F213 DMCW-รชล-พระพุทธบาท | K59: 00000 หน่วยงานกลาง | L59: 923 | N59: 1A53003900 | O59: บมจ. ซีพี แอ็กซ์ตร้า สาขาสระบุรี | P59: 2 | Q59: MAKRO 0038 สระบุรี | R59: 244412 | S59: 244626 | T59: H6954RMA0041012 | U59: 23065141 | V59: สันนอกสไลด์ | W59: 20 | X59: 20 | Y59: 20 | Z59: 20 | AA59: 0 | AB59: 0 | AC59: 0 | AD59: 0 | AE59: 20 | AF59: 20 | AI59: OPRCD489MOPRCD00000OPRCDF213OPRCD00000OPRCD923 | AJ59: ซื้อ / ขาย | AK59: Main proudct | AL59: Bulk Normal | AM59: สุกร | AN59: OT002 CC-Makro | AO59: MT | AP59: 2 | AT59: System Batch | AU59: 2026-04-03-18.11.49.000000 | AV59: ก.ก. | AW59: ก.ก. | AY59: 0 | AZ59: N | BA59: 9044988632609 | BD59: 1 | BF59: ;0000 | BG59: 1333314600 | BH59: G | BI59: 20 | BJ59: 20 | BK59: 1300 | BL59: SYSBATCH
C60: 244626 | D60: 244626 | F60: 489M | G60: Modern Trade (Makro) | H60: 0 | I60: หน่วยงานกลาง | J60: F213 DMCW-รชล-พระพุทธบาท | K60: 00000 หน่วยงานกลาง | L60: 923 | N60: 1A53003900 | O60: บมจ. ซีพี แอ็กซ์ตร้า สาขาสระบุรี | P60: 2 | Q60: MAKRO 0038 สระบุรี | R60: 244412 | S60: 244626 | T60: H6954RMA0041012 | U60: 23058551 | V60: คอหมูย่าง (M) | W60: 50 | X60: 50 | Y60: 50 | Z60: 50 | AA60: 0 | AB60: 0 | AC60: 0 | AD60: 0 | AE60: 50 | AF60: 50 | AI60: OPRCD489MOPRCD00000OPRCDF213OPRCD00000OPRCD923 | AJ60: ซื้อ / ขาย | AK60: Main proudct | AL60: Bulk Normal | AM60: สุกร | AN60: OT002 CC-Makro | AO60: MT | AP60: 2 | AT60: System Batch | AU60: 2026-04-03-18.11.49.000000 | AV60: ก.ก. | AW60: ก.ก. | AY60: 0 | AZ60: N | BA60: 9044988632609 | BD60: 1 | BF60: ;0000 | BG60: 1333314600 | BH60: G | BI60: 50 | BJ60: 50 | BK60: 1300 | BL60: SYSBATCH
C61: 244626 | D61: 244626 | F61: 489M | G61: Modern Trade (Makro) | H61: 0 | I61: หน่วยงานกลาง | J61: F213 DMCW-รชล-พระพุทธบาท | K61: 00000 หน่วยงานกลาง | L61: 923 | N61: 1A53003900 | O61: บมจ. ซีพี แอ็กซ์ตร้า สาขาสระบุรี | P61: 2 | Q61: MAKRO 0038 สระบุรี | R61: 244412 | S61: 244626 | T61: H6954RMA0041012 | U61: 23065140 | V61: สะโพกสไลด์ | W61: 700 | X61: 700 | Y61: 700 | Z61: 700 | AA61: 0 | AB61: 0 | AC61: 0 | AD61: 0 | AE61: 700 | AF61: 700 | AI61: OPRCD489MOPRCD00000OPRCDF213OPRCD00000OPRCD923 | AJ61: ซื้อ / ขาย | AK61: Main proudct | AL61: Bulk Normal | AM61: สุกร | AN61: OT002 CC-Makro | AO61: MT | AP61: 2 | AT61: System Batch | AU61: 2026-04-03-18.11.49.000000 | AV61: ก.ก. | AW61: ก.ก. | AY61: 0 | AZ61: N | BA61: 9044988632609 | BD61: 1 | BF61: ;0000 | BG61: 1333314600 | BH61: G | BI61: 700 | BJ61: 700 | BK61: 1300 | BL61: SYSBATCH
C62: 244626 | D62: 244626 | F62: 489M | G62: Modern Trade (Makro) | H62: 0 | I62: หน่วยงานกลาง | J62: F213 DMCW-รชล-พระพุทธบาท | K62: 00000 หน่วยงานกลาง | L62: 923 | N62: 1A53003900 | O62: บมจ. ซีพี แอ็กซ์ตร้า สาขาสระบุรี | P62: 2 | Q62: MAKRO 0038 สระบุรี | R62: 244412 | S62: 244626 | T62: H6954RMA0041012 | U62: 23087034 | V62: สะโพกหมูตัดเส้น(M) | W62: 10 | X62: 10 | Y62: 10 | Z62: 10 | AA62: 0 | AB62: 0 | AC62: 0 | AD62: 0 | AE62: 10 | AF62: 10 | AI62: OPRCD489MOPRCD00000OPRCDF213OPRCD00000OPRCD923 | AJ62: ซื้อ / ขาย | AK62: Main proudct | AL62: Bulk Normal | AM62: สุกร | AN62: OT002 CC-Makro | AO62: MT | AP62: 2 | AT62: System Batch | AU62: 2026-04-03-18.11.49.000000 | AV62: ก.ก. | AW62: ก.ก. | AY62: 0 | AZ62: N | BA62: 9044988632609 | BD62: 1 | BF62: ;0000 | BG62: 1333314600 | BH62: G | BI62: 10 | BJ62: 10 | BK62: 1300 | BL62: SYSBATCH
C63: 244626 | D63: 244626 | F63: 489M | G63: Modern Trade (Makro) | H63: 0 | I63: หน่วยงานกลาง | J63: F213 DMCW-รชล-พระพุทธบาท | K63: 00000 หน่วยงานกลาง | L63: 923 | N63: 1A53003900 | O63: บมจ. ซีพี แอ็กซ์ตร้า สาขาสระบุรี | P63: 2 | Q63: MAKRO 0038 สระบุรี | R63: 244412 | S63: 244626 | T63: H6954RMA0041012 | U63: 23057812 | V63: สะโพก(M) | W63: 200 | X63: 200 | Y63: 200 | Z63: 200 | AA63: 0 | AB63: 0 | AC63: 0 | AD63: 0 | AE63: 200 | AF63: 200 | AI63: OPRCD489MOPRCD00000OPRCDF213OPRCD00000OPRCD923 | AJ63: ซื้อ / ขาย | AK63: Main proudct | AL63: Bulk Normal | AM63: สุกร | AN63: OT002 CC-Makro | AO63: MT | AP63: 2 | AT63: System Batch | AU63: 2026-04-03-18.11.49.000000 | AV63: ก.ก. | AW63: ก.ก. | AY63: 0 | AZ63: N | BA63: 9044988632609 | BD63: 1 | BF63: ;0000 | BG63: 1333314600 | BH63: G | BI63: 200 | BJ63: 200 | BK63: 1300 | BL63: SYSBATCH
... C132: 244626 | D132: 244626 | F132: 489M | G132: Modern Trade (Makro) | H132: 0 | I132: หน่วยงานกลาง | J132: F213 DMCW-รชล-พระพุทธบาท | K132: 00000 หน่วยงานกลาง | L132: 923 | N132: 1A53005200 | O132: บมจ. ซีพี แอ็กซ์ตร้า สาขาอยุธยา | P132: 2 | Q132: MAKRO 0051 อยุธยา | R132: 244412 | S132: 244626 | T132: H6954RMA0041098 | U132: 23088036 | V132: เนื้อไหล่หมูติดหนังหั่นชิ้น(M) | W132: 100 | X132: 100 | Y132: 100 | Z132: 100 | AA132: 0 | AB132: 0 | AC132: 0 | AD132: 0 | AE132: 100 | AF132: 100 | AI132: OPRCD489MOPRCD00000OPRCDF213OPRCD00000OPRCD923 | AJ132: ซื้อ / ขาย | AK132: Main proudct | AL132: Bulk Normal | AM132: สุกร | AN132: OT002 CC-Makro | AO132: MT | AP132: 2 | AT132: สุภาวดี มีแทน | AU132: 2026-04-03-18.11.49.000000 | AV132: ก.ก. | AW132: ก.ก. | AY132: 0 | AZ132: N | BA132: 9044988632688 | BD132: 1 | BF132: ;0000 | BG132: 1333314600 | BH132: G | BI132: 100 | BJ132: 100 | BK132: 1300 | BL132: SYSBATCH
C133: 244626 | D133: 244626 | F133: 489M | G133: Modern Trade (Makro) | H133: 0 | I133: หน่วยงานกลาง | J133: F213 DMCW-รชล-พระพุทธบาท | K133: 00000 หน่วยงานกลาง | L133: 923 | N133: 1A53005200 | O133: บมจ. ซีพี แอ็กซ์ตร้า สาขาอยุธยา | P133: 2 | Q133: MAKRO 0051 อยุธยา | R133: 244412 | S133: 244626 | T133: H6954RMA0041098 | U133: 23088111 | V133: หน้ากากหมูหั่นชิ้น(M) | W133: 0 | X133: 0 | Y133: 0 | Z133: 0 | AA133: 0 | AB133: 0 | AC133: 0 | AD133: 0 | AE133: 0 | AF133: 0 | AI133: OPRCD489MOPRCD00000OPRCDF213OPRCD00000OPRCD923 | AJ133: ซื้อ / ขาย | AN133: OT002 CC-Makro | AO133: MT | AP133: 2 | AT133: สุภาวดี มีแทน | AU133: 2026-04-03-18.11.49.000000 | AV133: ก.ก. | AW133: ก.ก. | AY133: 0 | AZ133: N | BA133: 9044988632688 | BD133: 1 | BF133: ;0000 | BG133: 1333314600 | BH133: G | BI133: 0 | BJ133: 0 | BK133: 1300 | BL133: SYSBATCH
C134: 244626 | D134: 244626 | F134: 489M | G134: Modern Trade (Makro) | H134: 0 | I134: หน่วยงานกลาง | J134: F213 DMCW-รชล-พระพุทธบาท | K134: 00000 หน่วยงานกลาง | L134: 923 | N134: 1A53005200 | O134: บมจ. ซีพี แอ็กซ์ตร้า สาขาอยุธยา | P134: 2 | Q134: MAKRO 0051 อยุธยา | R134: 244412 | S134: 244626 | T134: H6954RMA0041098 | U134: 23057821 | V134: สันคอ(M) | W134: 200 | X134: 200 | Y134: 200 | Z134: 200 | AA134: 0 | AB134: 0 | AC134: 0 | AD134: 0 | AE134: 200 | AF134: 200 | AI134: OPRCD489MOPRCD00000OPRCDF213OPRCD00000OPRCD923 | AJ134: ซื้อ / ขาย | AK134: Main proudct | AL134: Bulk Normal | AM134: สุกร | AN134: OT002 CC-Makro | AO134: MT | AP134: 2 | AT134: สุภาวดี มีแทน | AU134: 2026-04-03-18.11.49.000000 | AV134: ก.ก. | AW134: ก.ก. | AY134: 0 | AZ134: N | BA134: 9044988632688 | BD134: 1 | BF134: ;0000 | BG134: 1333314600 | BH134: G | BI134: 200 | BJ134: 200 | BK134: 1300 | BL134: SYSBATCH
C135: 244626 | D135: 244626 | F135: 489M | G135: Modern Trade (Makro) | H135: 0 | I135: หน่วยงานกลาง | J135: F213 DMCW-รชล-พระพุทธบาท | K135: 00000 หน่วยงานกลาง | L135: 923 | N135: 1A53005200 | O135: บมจ. ซีพี แอ็กซ์ตร้า สาขาอยุธยา | P135: 2 | Q135: MAKRO 0051 อยุธยา | R135: 244412 | S135: 244626 | T135: H6954RMA0041098 | U135: 23058553 | V135: หนังสันหลัง (M) | W135: 10 | X135: 10 | Y135: 10 | Z135: 10 | AA135: 0 | AB135: 0 | AC135: 0 | AD135: 0 | AE135: 10 | AF135: 10 | AI135: OPRCD489MOPRCD00000OPRCDF213OPRCD00000OPRCD923 | AJ135: ซื้อ / ขาย | AK135: By proudct | AL135: Bulk Normal | AM135: สุกร | AN135: OT002 CC-Makro | AO135: MT | AP135: 2 | AT135: สุภาวดี มีแทน | AU135: 2026-04-03-18.11.49.000000 | AV135: ก.ก. | AW135: ก.ก. | AY135: 0 | AZ135: N | BA135: 9044988632688 | BD135: 1 | BF135: ;0000 | BG135: 1333314600 | BH135: G | BI135: 10 | BJ135: 10 | BK135: 1300 | BL135: SYSBATCH
C136: 244626 | D136: 244626 | F136: 489M | G136: Modern Trade (Makro) | H136: 0 | I136: หน่วยงานกลาง | J136: F213 DMCW-รชล-พระพุทธบาท | K136: 00000 หน่วยงานกลาง | L136: 923 | N136: 1A53005200 | O136: บมจ. ซีพี แอ็กซ์ตร้า สาขาอยุธยา | P136: 2 | Q136: MAKRO 0051 อยุธยา | R136: 244412 | S136: 244626 | T136: H6954RMA0041098 | U136: 23073308 | V136: สามชั้นหมูตัดเส้น 1-2 นิ้ว(M) | W136: 150 | X136: 150 | Y136: 150 | Z136: 150 | AA136: 0 | AB136: 0 | AC136: 0 | AD136: 0 | AE136: 150 | AF136: 150 | AI136: OPRCD489MOPRCD00000OPRCDF213OPRCD00000OPRCD923 | AJ136: ซื้อ / ขาย | AK136: Main proudct | AL136: Bulk Normal | AM136: สุกร | AN136: OT002 CC-Makro | AO136: MT | AP136: 2 | AT136: สุภาวดี มีแทน | AU136: 2026-04-03-18.11.49.000000 | AV136: ก.ก. | AW136: ก.ก. | AY136: 0 | AZ136: N | BA136: 9044988632688 | BD136: 1 | BF136: ;0000 | BG136: 1333314600 | BH136: G | BI136: 150 | BJ136: 150 | BK136: 1300 | BL136: SYSBATCH
C137: 244626 | D137: 244626 | F137: 489M | G137: Modern Trade (Makro) | H137: 0 | I137: หน่วยงานกลาง | J137: F213 DMCW-รชล-พระพุทธบาท | K137: 00000 หน่วยงานกลาง | L137: 923 | N137: 1A53005200 | O137: บมจ. ซีพี แอ็กซ์ตร้า สาขาอยุธยา | P137: 2 | Q137: MAKRO 0051 อยุธยา | R137: 244412 | S137: 244626 | T137: H6954RMA0041098 | U137: 23098995 | V137: มันหั่นเต๋า กก ละ | W137: 40 | X137: 40 | Y137: 40 | Z137: 40 | AA137: 0 | AB137: 0 | AC137: 0 | AD137: 0 | AE137: 40 | AF137: 40 | AI137: OPRCD489MOPRCD00000OPRCDF213OPRCD00000OPRCD923 | AJ137: ซื้อ / ขาย | AK137: By proudct | AL137: Bulk Normal | AM137: สุกร | AN137: OT002 CC-Makro | AO137: MT | AP137: 2 | AT137: สุภาวดี มีแทน | AU137: 2026-04-03-18.11.49.000000 | AV137: ก.ก. | AW137: ก.ก. | AY137: 0 | AZ137: N | BA137: 9044988632688 | BD137: 1 | BF137: ;0000 | BG137: 1333314600 | BH137: G | BI137: 40 | BJ137: 40 | BK137: 1300 | BL137: SYSBATCH
C138: 244626 | D138: 244626 | F138: 489M | G138: Modern Trade (Makro) | H138: 0 | I138: หน่วยงานกลาง | J138: F213 DMCW-รชล-พระพุทธบาท | K138: 00000 หน่วยงานกลาง | L138: 923 | N138: 1A53008300 | O138: บมจ. ซีพี แอ็กซ์ตร้า สาขานครนายก | P138: 2 | Q138: MAKRO 0082 นครนายก | R138: 244412 | S138: 244626 | T138: H6954RMA0041294 | U138: 23058585 | V138: ขั้วตับ (M) | W138: 10 | X138: 10 | Y138: 10 | Z138: 10 | AA138: 0 | AB138: 0 | AC138: 0 | AD138: 0 | AE138: 10 | AF138: 10 | AI138: OPRCD489MOPRCD00000OPRCDF213OPRCD00000OPRCD923 | AJ138: ซื้อ / ขาย | AK138: By proudct | AL138: Bulk Normal | AM138: สุกร | AN138: OT002 CC-Makro | AO138: MT | AP138: 2 | AT138: System Batch | AU138: 2026-04-03-18.11.49.000000 | AV138: ก.ก. | AW138: ก.ก. | AY138: 0 | AZ138: N | BA138: 9044988632868 | BD138: 1 | BF138: ;0000 | BG138: 1333314600 | BH138: G | BI138: 10 | BJ138: 10 | BK138: 1300 | BL138: SYSBATCH
C139: 244626 | D139: 244626 | F139: 489M | G139: Modern Trade (Makro) | H139: 0 | I139: หน่วยงานกลาง | J139: F213 DMCW-รชล-พระพุทธบาท | K139: 00000 หน่วยงานกลาง | L139: 923 | N139: 1A53008300 | O139: บมจ. ซีพี แอ็กซ์ตร้า สาขานครนายก | P139: 2 | Q139: MAKRO 0082 นครนายก | R139: 244412 | S139: 244626 | T139: H6954RMA0041294 | U139: 23068390 | V139: กระดูกซุปติดเนื้อพิเศษ(M) | W139: 30 | X139: 30 | Y139: 30 | Z139: 30 | AA139: 0 | AB139: 0 | AC139: 0 | AD139: 0 | AE139: 30 | AF139: 30 | AI139: OPRCD489MOPRCD00000OPRCDF213OPRCD00000OPRCD923 | AJ139: ซื้อ / ขาย | AK139: By proudct | AL139: Bulk Normal | AM139: สุกร | AN139: OT002 CC-Makro | AO139: MT | AP139: 2 | AT139: System Batch | AU139: 2026-04-03-18.11.49.000000 | AV139: ก.ก. | AW139: ก.ก. | AY139: 0 | AZ139: N | BA139: 9044988632868 | BD139: 1 | BF139: ;0000 | BG139: 1333314600 | BH139: G | BI139: 30 | BJ139: 30 | BK139: 1300 | BL139: SYSBATCH
C140: 244626 | D140: 244626 | F140: 489M | G140: Modern Trade (Makro) | H140: 0 | I140: หน่วยงานกลาง | J140: F213 DMCW-รชล-พระพุทธบาท | K140: 00000 หน่วยงานกลาง | L140: 923 | N140: 1A53008300 | O140: บมจ. ซีพี แอ็กซ์ตร้า สาขานครนายก | P140: 2 | Q140: MAKRO 0082 นครนายก | R140: 244412 | S140: 244626 | T140: H6954RMA0041294 | U140: 23058586 | V140: ไต (M) | W140: 5 | X140: 5 | Y140: 5 | Z140: 5 | AA140: 0 | AB140: 0 | AC140: 0 | AD140: 0 | AE140: 5 | AF140: 5 | AI140: OPRCD489MOPRCD00000OPRCDF213OPRCD00000OPRCD923 | AJ140: ซื้อ / ขาย | AK140: By proudct | AL140: Bulk Normal | AM140: สุกร | AN140: OT002 CC-Makro | AO140: MT | AP140: 2 | AT140: System Batch | AU140: 2026-04-03-18.11.49.000000 | AV140: ก.ก. | AW140: ก.ก. | AY140: 0 | AZ140: N | BA140: 9044988632868 | BD140: 1 | BF140: ;0000 | BG140: 1333314600 | BH140: G | BI140: 5 | BJ140: 5 | BK140: 1300 | BL140: SYSBATCH
C141: 244626 | D141: 244626 | F141: 489M | G141: Modern Trade (Makro) | H141: 0 | I141: หน่วยงานกลาง | J141: F213 DMCW-รชล-พระพุทธบาท | K141: 00000 หน่วยงานกลาง | L141: 923 | N141: 1A53008300 | O141: บมจ. ซีพี แอ็กซ์ตร้า สาขานครนายก | P141: 2 | Q141: MAKRO 0082 นครนายก | R141: 244412 | S141: 244626 | T141: H6954RMA0041294 | U141: 23058588 | V141: ม้าม (M) | W141: 5 | X141: 5 | Y141: 5 | Z141: 5 | AA141: 0 | AB141: 0 | AC141: 0 | AD141: 0 | AE141: 5 | AF141: 5 | AI141: OPRCD489MOPRCD00000OPRCDF213OPRCD00000OPRCD923 | AJ141: ซื้อ / ขาย | AK141: By proudct | AL141: Bulk Normal | AM141: สุกร | AN141: OT002 CC-Makro | AO141: MT | AP141: 2 | AT141: System Batch | AU141: 2026-04-03-18.11.49.000000 | AV141: ก.ก. | AW141: ก.ก. | AY141: 0 | AZ141: N | BA141: 9044988632868 | BD141: 1 | BF141: ;0000 | BG141: 1333314600 | BH141: G | BI141: 5 | BJ141: 5 | BK141: 1300 | BL141: SYSBATCH
C142: 244626 | D142: 244626 | F142: 489M | G142: Modern Trade (Makro) | H142: 0 | I142: หน่วยงานกลาง | J142: F213 DMCW-รชล-พระพุทธบาท | K142: 00000 หน่วยงานกลาง | L142: 923 | N142: 1A53008300 | O142: บมจ. ซีพี แอ็กซ์ตร้า สาขานครนายก | P142: 2 | Q142: MAKRO 0082 นครนายก | R142: 244412 | S142: 244626 | T142: H6954RMA0041294 | U142: 23058591 | V142: กระดูกข้อ(คาตั๊ง) (M) | W142: 20 | X142: 20 | Y142: 20 | Z142: 20 | AA142: 0 | AB142: 0 | AC142: 0 | AD142: 0 | AE142: 20 | AF142: 20 | AI142: OPRCD489MOPRCD00000OPRCDF213OPRCD00000OPRCD923 | AJ142: ซื้อ / ขาย | AK142: By proudct | AL142: Bulk Normal | AM142: สุกร | AN142: OT002 CC-Makro | AO142: MT | AP142: 2 | AT142: System Batch | AU142: 2026-04-03-18.11.49.000000 | AV142: ก.ก. | AW142: ก.ก. | AY142: 0 | AZ142: N | BA142: 9044988632868 | BD142: 1 | BF142: ;0000 | BG142: 1333314600 | BH142: G | BI142: 20 | BJ142: 20 | BK142: 1300 | BL142: SYSBATCH
